1,1,915.10,481.50,94.70,113.50,1,-1,-1,-1
1,2,836.70,472.80,53.50,76.20,1,-1,-1,-1
1,3,376.00,446.60,42.70,104.80,1,-1,-1,-1
1,4,442.40,448.30,109.10,275.40,1,-1,-1,-1
1,5,586.40,445.00,87.80,265.60,1,-1,-1,-1
1,6,1340.10,415.10,166.40,376.90,1,-1,-1,-1
1,7,796.50,474.90,54.90,61.60,1,-1,-1,-1
1,8,1090.50,481.40,34.80,118.80,1,-1,-1,-1
1,9,1055.10,485.20,38.40,107.90,1,-1,-1,-1
1,10,1256.80,449.20,34.10,99.50,1,-1,-1,-1
1,11,1014.40,431.10,44.40,122.40,1,-1,-1,-1
1,12,1099.00,437.30,42.40,111.00,1,-1,-1,-1
2,1,915.59,481.43,93.86,113.57,1,-1,-1,-1
2,2,837.05,472.59,53.22,76.48,1,-1,-1,-1
2,3,375.72,446.39,43.12,105.29,1,-1,-1,-1
2,4,442.68,447.81,109.45,275.05,1,-1,-1,-1
2,5,586.96,444.86,86.54,266.02,1,-1,-1,-1
2,6,1342.90,414.82,167.66,383.62,1,-1,-1,-1
2,7,796.36,475.11,54.83,61.88,1,-1,-1,-1
2,8,1090.43,481.82,34.66,118.03,1,-1,-1,-1
2,9,1055.03,485.13,38.40,107.76,1,-1,-1,-1
2,10,1256.94,448.71,34.17,100.55,1,-1,-1,-1
2,11,1014.40,430.68,43.98,121.91,1,-1,-1,-1
2,12,1099.28,437.72,42.05,109.74,1,-1,-1,-1
3,1,916.05,481.39,93.61,113.59,1,-1,-1,-1
3,2,836.89,472.64,53.07,76.91,1,-1,-1,-1
3,3,375.68,446.55,42.55,104.95,1,-1,-1,-1
3,4,441.77,447.87,110.32,274.88,1,-1,-1,-1
3,5,586.75,443.17,86.58,268.67,1,-1,-1,-1
3,6,1347.10,418.02,171.26,380.81,1,-1,-1,-1
3,7,796.17,475.04,55.72,62.45,1,-1,-1,-1
3,8,1090.21,482.10,34.83,117.94,1,-1,-1,-1
3,9,1054.77,484.42,38.89,108.35,1,-1,-1,-1
3,10,1256.85,448.86,34.05,100.94,1,-1,-1,-1
3,11,1015.08,430.13,43.50,120.15,1,-1,-1,-1
3,12,1099.20,438.32,41.80,109.78,1,-1,-1,-1
4,1,915.85,481.68,94.16,113.53,1,-1,-1,-1
4,2,836.73,472.68,52.88,76.97,1,-1,-1,-1
4,3,375.99,446.92,41.67,104.63,1,-1,-1,-1
4,4,440.54,447.95,111.08,276.78,1,-1,-1,-1
4,5,587.56,445.25,86.10,265.05,1,-1,-1,-1
4,6,1348.39,416.62,175.84,380.73,1,-1,-1,-1
4,7,796.78,474.93,55.71,62.49,1,-1,-1,-1
4,8,1090.26,482.47,34.67,117.77,1,-1,-1,-1
4,9,1054.46,484.41,38.83,108.45,1,-1,-1,-1
4,10,1256.97,448.81,33.95,101.75,1,-1,-1,-1
4,11,1014.86,430.54,43.78,118.44,1,-1,-1,-1
4,12,1099.08,439.33,40.89,108.46,1,-1,-1,-1
5,1,914.86,482.36,95.66,113.09,1,-1,-1,-1
5,2,836.88,472.48,52.75,76.99,1,-1,-1,-1
5,3,376.17,447.15,41.41,104.40,1,-1,-1,-1
5,4,441.56,448.15,113.12,276.58,1,-1,-1,-1
5,5,588.29,445.33,85.61,265.43,1,-1,-1,-1
5,6,1355.24,413.05,175.88,383.09,1,-1,-1,-1
5,7,796.98,474.77,55.63,62.78,1,-1,-1,-1
5,8,1090.41,482.55,34.41,117.58,1,-1,-1,-1
5,9,1054.04,484.93,39.02,108.14,1,-1,-1,-1
5,10,1257.41,448.51,34.12,102.21,1,-1,-1,-1
5,11,1013.81,430.91,44.28,118.13,1,-1,-1,-1
5,12,1099.22,438.65,40.41,108.28,1,-1,-1,-1
6,1,914.42,483.28,96.04,112.12,1,-1,-1,-1
6,2,836.32,472.91,53.14,76.58,1,-1,-1,-1
6,3,376.16,447.02,41.54,105.17,1,-1,-1,-1
6,4,442.39,445.21,116.33,282.90,1,-1,-1,-1
6,5,586.95,444.22,87.14,266.95,1,-1,-1,-1
6,6,1362.43,409.59,173.23,386.25,1,-1,-1,-1
6,7,796.52,475.14,56.31,61.95,1,-1,-1,-1
6,8,1090.70,482.49,34.40,117.73,1,-1,-1,-1
6,9,1055.12,485.30,38.73,108.39,1,-1,-1,-1
6,10,1257.51,447.55,34.11,102.69,1,-1,-1,-1
6,11,1014.10,431.21,43.88,117.48,1,-1,-1,-1
6,12,1099.67,438.28,40.75,108.78,1,-1,-1,-1
7,1,914.05,482.78,96.22,112.52,1,-1,-1,-1
7,2,836.23,472.57,53.18,77.29,1,-1,-1,-1
7,3,375.95,447.71,42.00,104.56,1,-1,-1,-1
7,4,440.60,445.92,120.30,284.51,1,-1,-1,-1
7,5,586.11,447.26,86.97,262.65,1,-1,-1,-1
7,6,1369.53,412.03,167.68,382.78,1,-1,-1,-1
7,7,796.34,475.24,55.60,61.85,1,-1,-1,-1
7,8,1090.80,482.47,34.47,117.78,1,-1,-1,-1
7,9,1054.71,485.50,38.85,108.05,1,-1,-1,-1
7,10,1256.79,447.19,34.24,101.93,1,-1,-1,-1
7,11,1014.05,431.97,42.42,117.42,1,-1,-1,-1
7,12,1099.89,439.08,41.42,107.47,1,-1,-1,-1
7,13,1485.70,428.40,138.80,344.70,1,-1,-1,-1
8,1,914.08,482.19,96.21,113.07,1,-1,-1,-1
8,2,836.63,472.53,53.05,76.88,1,-1,-1,-1
8,3,375.61,447.13,42.28,104.80,1,-1,-1,-1
8,4,439.61,446.53,122.89,284.99,1,-1,-1,-1
8,5,585.50,445.58,87.06,266.81,1,-1,-1,-1
8,6,1384.79,411.80,158.80,387.42,1,-1,-1,-1
8,7,796.19,475.17,55.95,62.51,1,-1,-1,-1
8,8,1091.07,481.97,34.14,118.35,1,-1,-1,-1
8,9,1053.92,485.45,38.81,108.29,1,-1,-1,-1
8,10,1256.56,447.69,34.35,101.28,1,-1,-1,-1
8,11,1013.51,433.83,41.71,115.24,1,-1,-1,-1
8,12,1099.99,438.70,41.61,106.86,1,-1,-1,-1
8,13,1484.16,420.70,143.49,359.68,1,-1,-1,-1
9,1,914.28,482.37,96.13,113.02,1,-1,-1,-1
9,2,836.39,472.60,53.51,76.82,1,-1,-1,-1
9,3,375.47,446.48,42.01,105.15,1,-1,-1,-1
9,4,441.06,446.92,124.72,283.18,1,-1,-1,-1
9,5,584.57,443.72,88.00,269.39,1,-1,-1,-1
9,6,1398.08,408.68,149.14,395.66,1,-1,-1,-1
9,7,796.14,475.35,56.48,62.57,1,-1,-1,-1
9,8,1091.23,481.79,33.90,118.04,1,-1,-1,-1
9,9,1054.30,487.19,38.45,106.90,1,-1,-1,-1
9,10,1256.76,447.54,34.74,101.64,1,-1,-1,-1
9,11,1013.30,433.42,41.98,116.75,1,-1,-1,-1
9,12,1099.64,438.45,41.88,107.45,1,-1,-1,-1
9,13,1497.41,417.11,144.27,364.52,1,-1,-1,-1
10,1,914.59,482.41,95.76,112.45,1,-1,-1,-1
10,2,835.93,472.72,53.64,76.88,1,-1,-1,-1
10,3,375.49,446.39,41.72,105.39,1,-1,-1,-1
10,4,441.45,445.85,127.30,282.70,1,-1,-1,-1
10,5,585.38,442.79,87.93,270.52,1,-1,-1,-1
10,6,1414.49,406.13,133.92,401.92,1,-1,-1,-1
10,7,796.12,475.14,56.77,62.73,1,-1,-1,-1
10,8,1091.25,481.41,33.76,118.08,1,-1,-1,-1
10,9,1054.78,486.53,38.56,107.95,1,-1,-1,-1
10,10,1256.69,447.11,34.78,101.47,1,-1,-1,-1
10,11,1013.58,434.03,42.13,114.55,1,-1,-1,-1
10,12,1099.23,438.82,42.11,107.69,1,-1,-1,-1
10,13,1508.74,418.42,148.21,361.01,1,-1,-1,-1
10,14,1378.60,436.90,66.40,129.90,1,-1,-1,-1
11,1,914.22,482.21,96.77,112.48,1,-1,-1,-1
11,2,835.72,472.65,53.68,77.03,1,-1,-1,-1
11,3,376.04,446.96,41.64,104.77,1,-1,-1,-1
11,4,441.44,445.83,127.72,282.49,1,-1,-1,-1
11,5,586.81,443.25,86.65,270.86,1,-1,-1,-1
11,6,1425.67,406.12,131.95,396.52,1,-1,-1,-1
11,7,796.16,475.33,56.72,62.64,1,-1,-1,-1
11,8,1090.74,482.99,34.07,117.39,1,-1,-1,-1
11,9,1055.23,486.81,37.68,106.79,1,-1,-1,-1
11,10,1256.86,446.84,34.79,101.56,1,-1,-1,-1
11,11,1014.11,433.25,42.53,115.14,1,-1,-1,-1
11,12,1099.32,438.40,41.82,108.26,1,-1,-1,-1
11,13,1520.35,421.52,148.90,355.96,1,-1,-1,-1
11,14,1380.70,436.62,63.60,130.18,1,-1,-1,-1
12,1,914.73,482.57,94.76,112.22,1,-1,-1,-1
12,2,836.13,472.33,53.06,77.01,1,-1,-1,-1
12,3,375.73,447.22,42.59,104.79,1,-1,-1,-1
12,4,440.88,445.05,127.78,284.46,1,-1,-1,-1
12,5,587.33,443.55,84.93,267.11,1,-1,-1,-1
12,6,1435.01,404.59,132.19,399.58,1,-1,-1,-1
12,7,796.17,475.22,56.01,62.89,1,-1,-1,-1
12,8,1090.06,483.64,34.16,117.75,1,-1,-1,-1
12,9,1055.04,486.31,38.11,107.71,1,-1,-1,-1
12,10,1257.01,447.48,34.66,101.17,1,-1,-1,-1
12,11,1014.20,434.15,42.23,115.11,1,-1,-1,-1
12,12,1099.43,438.22,41.32,108.15,1,-1,-1,-1
12,13,1532.96,423.47,145.26,355.78,1,-1,-1,-1
12,14,1383.17,437.32,61.01,127.67,1,-1,-1,-1
13,1,914.55,482.79,95.00,112.06,1,-1,-1,-1
13,2,836.12,471.90,53.37,77.56,1,-1,-1,-1
13,3,376.04,447.81,42.81,103.68,1,-1,-1,-1
13,4,441.06,444.92,129.75,284.00,1,-1,-1,-1
13,5,587.19,440.26,86.10,272.98,1,-1,-1,-1
13,6,1445.38,404.99,132.76,398.55,1,-1,-1,-1
13,7,795.99,475.12,56.00,62.83,1,-1,-1,-1
13,8,1090.08,483.80,34.26,117.36,1,-1,-1,-1
13,9,1054.98,485.73,38.03,107.84,1,-1,-1,-1
13,10,1257.08,447.74,34.69,101.19,1,-1,-1,-1
13,11,1013.80,434.99,42.35,113.56,1,-1,-1,-1
13,12,1099.77,437.58,40.53,109.02,1,-1,-1,-1
13,13,1539.59,426.61,145.29,361.60,1,-1,-1,-1
13,14,1386.21,437.32,61.91,127.62,1,-1,-1,-1
13,15,416.50,458.90,39.00,87.00,1,-1,-1,-1
14,1,914.95,482.60,94.93,111.88,1,-1,-1,-1
14,2,836.36,472.28,53.39,76.96,1,-1,-1,-1
14,3,375.88,447.24,43.08,104.39,1,-1,-1,-1
14,4,442.61,446.50,128.88,283.16,1,-1,-1,-1
14,5,586.46,443.83,87.64,269.84,1,-1,-1,-1
14,6,1446.84,398.08,143.64,405.79,1,-1,-1,-1
14,7,796.30,475.20,55.79,62.67,1,-1,-1,-1
14,8,1090.41,484.46,34.29,116.90,1,-1,-1,-1
14,9,1055.08,485.41,38.01,109.00,1,-1,-1,-1
14,10,1257.06,447.33,34.70,101.97,1,-1,-1,-1
14,11,1013.08,435.00,42.10,114.01,1,-1,-1,-1
14,12,1099.95,438.46,40.30,109.29,1,-1,-1,-1
14,13,1546.88,418.52,147.54,373.50,1,-1,-1,-1
14,14,1391.12,436.94,61.83,129.64,1,-1,-1,-1
14,15,416.85,458.34,39.70,86.58,1,-1,-1,-1
15,1,913.79,483.11,96.94,111.33,1,-1,-1,-1
15,2,836.74,472.42,52.98,77.13,1,-1,-1,-1
15,3,375.25,446.16,42.88,105.80,1,-1,-1,-1
15,4,442.57,445.58,129.17,285.50,1,-1,-1,-1
15,5,586.67,443.07,87.75,271.35,1,-1,-1,-1
15,6,1449.63,402.75,156.56,399.50,1,-1,-1,-1
15,7,796.13,475.80,56.01,61.57,1,-1,-1,-1
15,8,1090.36,483.79,34.16,116.90,1,-1,-1,-1
15,9,1056.07,485.62,37.44,109.56,1,-1,-1,-1
15,10,1257.00,447.43,34.35,101.78,1,-1,-1,-1
15,11,1013.16,434.75,42.66,115.47,1,-1,-1,-1
15,12,1100.12,439.15,40.44,108.39,1,-1,-1,-1
15,13,1555.94,411.83,151.29,380.08,1,-1,-1,-1
15,14,1396.42,436.49,61.32,130.73,1,-1,-1,-1
15,15,417.88,457.77,39.84,85.47,1,-1,-1,-1
16,1,913.89,483.51,96.98,111.45,1,-1,-1,-1
16,2,836.67,472.16,52.92,77.46,1,-1,-1,-1
16,3,375.26,445.94,42.76,105.87,1,-1,-1,-1
16,4,445.24,445.06,124.22,285.08,1,-1,-1,-1
16,5,587.47,442.01,88.42,272.65,1,-1,-1,-1
16,6,1456.25,407.71,172.76,400.27,1,-1,-1,-1
16,7,795.43,475.64,56.14,61.52,1,-1,-1,-1
16,8,1090.26,483.43,34.12,116.90,1,-1,-1,-1
16,9,1056.56,486.59,36.36,107.77,1,-1,-1,-1
16,10,1257.33,447.10,34.31,101.44,1,-1,-1,-1
16,11,1013.45,434.46,42.97,116.82,1,-1,-1,-1
16,12,1100.56,437.96,40.20,108.47,1,-1,-1,-1
16,13,1565.30,418.08,154.24,382.82,1,-1,-1,-1
16,14,1401.58,439.04,58.93,127.14,1,-1,-1,-1
16,15,417.52,458.46,40.79,84.86,1,-1,-1,-1
17,1,914.48,483.74,95.66,111.21,1,-1,-1,-1
17,2,836.58,472.07,52.98,77.42,1,-1,-1,-1
17,3,374.81,446.67,43.28,105.19,1,-1,-1,-1
17,4,446.03,444.01,124.49,287.19,1,-1,-1,-1
17,5,587.47,441.20,88.89,273.45,1,-1,-1,-1
17,6,1458.33,411.78,193.37,404.63,1,-1,-1,-1
17,7,795.52,475.56,56.25,61.65,1,-1,-1,-1
17,8,1090.36,483.64,33.97,117.67,1,-1,-1,-1
17,9,1055.88,486.60,36.60,107.65,1,-1,-1,-1
17,10,1257.38,447.20,34.58,101.69,1,-1,-1,-1
17,11,1013.17,435.65,43.13,116.18,1,-1,-1,-1
17,12,1100.58,437.69,39.43,108.63,1,-1,-1,-1
17,13,1573.60,426.23,154.24,382.82,1,-1,-1,-1
17,14,1404.84,438.35,58.56,128.93,1,-1,-1,-1
17,15,417.15,459.25,42.20,85.03,1,-1,-1,-1
18,1,914.60,483.63,95.06,111.41,1,-1,-1,-1
18,2,836.68,472.29,53.06,77.20,1,-1,-1,-1
18,3,374.47,446.56,43.36,105.69,1,-1,-1,-1
18,4,447.23,443.23,124.85,288.32,1,-1,-1,-1
18,5,587.18,440.98,89.88,274.40,1,-1,-1,-1
18,6,1461.17,417.52,212.15,403.91,1,-1,-1,-1
18,7,795.74,475.68,56.57,61.33,1,-1,-1,-1
18,8,1090.32,483.82,34.13,117.90,1,-1,-1,-1
18,9,1055.61,485.48,37.51,109.93,1,-1,-1,-1
18,10,1257.29,447.28,34.74,101.70,1,-1,-1,-1
18,11,1013.01,437.00,42.83,115.70,1,-1,-1,-1
18,12,1099.85,438.39,39.55,109.03,1,-1,-1,-1
18,13,1581.90,434.38,154.24,382.82,1,-1,-1,-1
18,14,1409.30,436.44,56.14,131.15,1,-1,-1,-1
18,15,417.74,459.04,41.64,85.71,1,-1,-1,-1
19,1,913.84,484.21,96.63,110.63,1,-1,-1,-1
19,2,836.60,472.07,53.16,77.76,1,-1,-1,-1
19,3,374.87,446.60,43.11,105.07,1,-1,-1,-1
19,4,448.54,442.05,125.44,290.41,1,-1,-1,-1
19,5,586.53,442.88,91.43,272.51,1,-1,-1,-1
19,6,1464.00,414.06,221.78,410.20,1,-1,-1,-1
19,7,795.85,475.80,56.73,61.24,1,-1,-1,-1
19,8,1090.32,483.20,34.11,117.83,1,-1,-1,-1
19,9,1055.29,485.79,37.99,109.21,1,-1,-1,-1
19,10,1257.27,447.69,34.78,100.58,1,-1,-1,-1
19,11,1012.99,437.88,42.46,114.09,1,-1,-1,-1
19,12,1099.47,438.47,39.86,109.08,1,-1,-1,-1
19,13,1590.20,442.53,154.24,382.82,1,-1,-1,-1
19,14,1412.77,435.31,54.92,131.74,1,-1,-1,-1
19,15,417.65,458.47,41.47,86.12,1,-1,-1,-1
20,1,913.87,484.67,96.33,110.19,1,-1,-1,-1
20,2,836.13,472.21,53.54,77.79,1,-1,-1,-1
20,3,375.22,446.34,42.96,105.79,1,-1,-1,-1
20,4,450.56,442.17,124.29,291.24,1,-1,-1,-1
20,5,586.94,443.12,91.41,270.96,1,-1,-1,-1
20,6,1463.80,412.65,229.91,411.53,1,-1,-1,-1
20,7,796.06,475.99,56.57,61.21,1,-1,-1,-1
20,8,1090.78,482.02,33.75,117.25,1,-1,-1,-1
20,9,1054.54,485.98,38.70,108.43,1,-1,-1,-1
20,10,1257.05,448.35,34.79,99.96,1,-1,-1,-1
20,11,1013.02,436.72,42.56,115.92,1,-1,-1,-1
20,12,1099.60,437.56,39.82,110.56,1,-1,-1,-1
20,14,1414.41,434.95,55.19,131.15,1,-1,-1,-1
20,15,417.93,457.10,41.28,87.02,1,-1,-1,-1
21,1,913.92,484.50,96.24,110.27,1,-1,-1,-1
21,2,836.18,472.51,53.79,77.38,1,-1,-1,-1
21,3,375.08,446.32,43.27,106.29,1,-1,-1,-1
21,4,451.16,442.53,125.21,293.31,1,-1,-1,-1
21,5,589.13,442.19,90.98,271.83,1,-1,-1,-1
21,6,1463.54,414.75,237.60,409.06,1,-1,-1,-1
21,7,796.00,476.04,56.87,60.64,1,-1,-1,-1
21,8,1091.28,480.82,33.65,117.91,1,-1,-1,-1
21,9,1056.19,485.72,37.65,110.23,1,-1,-1,-1
21,10,1256.82,448.72,35.01,99.71,1,-1,-1,-1
21,11,1012.30,436.77,43.29,117.24,1,-1,-1,-1
21,12,1099.35,438.60,39.39,112.13,1,-1,-1,-1
21,14,1417.09,436.98,55.20,128.46,1,-1,-1,-1
21,15,418.81,456.95,40.24,85.26,1,-1,-1,-1
22,1,914.00,483.96,96.84,111.20,1,-1,-1,-1
22,2,836.52,472.60,53.66,77.39,1,-1,-1,-1
22,3,375.11,446.27,43.22,106.37,1,-1,-1,-1
22,4,452.83,441.63,122.89,295.12,1,-1,-1,-1
22,5,590.26,443.28,91.48,270.83,1,-1,-1,-1
22,6,1469.95,410.66,239.21,417.42,1,-1,-1,-1
22,7,795.87,475.81,56.82,61.10,1,-1,-1,-1
22,8,1091.03,481.17,33.75,117.62,1,-1,-1,-1
22,9,1055.32,486.16,38.24,108.95,1,-1,-1,-1
22,10,1256.86,448.64,34.86,99.98,1,-1,-1,-1
22,11,1012.00,435.87,43.86,119.52,1,-1,-1,-1
22,12,1098.59,439.71,40.10,111.48,1,-1,-1,-1
22,14,1417.34,434.70,57.86,130.59,1,-1,-1,-1
22,15,418.50,457.01,41.54,85.36,1,-1,-1,-1
23,1,914.63,483.72,95.62,111.83,1,-1,-1,-1
23,2,837.08,472.42,53.06,77.54,1,-1,-1,-1
23,3,375.17,446.62,43.42,105.83,1,-1,-1,-1
23,4,454.33,442.65,122.90,295.11,1,-1,-1,-1
23,5,590.59,442.57,91.50,272.49,1,-1,-1,-1
23,6,1475.48,413.13,235.28,416.85,1,-1,-1,-1
23,7,795.49,475.71,56.67,61.03,1,-1,-1,-1
23,8,1090.89,480.99,33.72,118.45,1,-1,-1,-1
23,9,1054.23,485.51,38.28,108.84,1,-1,-1,-1
23,10,1256.94,448.88,34.75,99.43,1,-1,-1,-1
23,11,1011.00,434.82,44.94,122.10,1,-1,-1,-1
23,12,1098.67,438.92,40.24,111.63,1,-1,-1,-1
23,14,1415.91,432.52,62.30,130.04,1,-1,-1,-1
23,15,418.58,458.08,42.35,85.39,1,-1,-1,-1
24,1,914.66,483.58,95.33,111.88,1,-1,-1,-1
24,2,837.21,472.28,53.02,77.72,1,-1,-1,-1
24,3,375.34,446.53,43.33,105.95,1,-1,-1,-1
24,4,457.40,444.63,121.71,293.91,1,-1,-1,-1
24,5,591.48,444.59,92.62,270.89,1,-1,-1,-1
24,6,1476.91,411.34,240.13,422.13,1,-1,-1,-1
24,7,795.48,475.60,56.69,60.87,1,-1,-1,-1
24,8,1090.80,482.24,33.77,117.78,1,-1,-1,-1
24,9,1053.99,485.22,38.51,109.44,1,-1,-1,-1
24,10,1256.72,448.84,34.85,99.90,1,-1,-1,-1
24,11,1011.58,435.11,44.07,120.98,1,-1,-1,-1
24,12,1098.84,439.00,40.14,110.70,1,-1,-1,-1
24,14,1415.69,430.88,66.92,131.76,1,-1,-1,-1
24,15,418.70,457.80,42.81,86.03,1,-1,-1,-1
25,1,914.24,483.46,96.22,112.17,1,-1,-1,-1
25,2,836.61,472.60,53.50,77.29,1,-1,-1,-1
25,3,375.10,446.03,43.59,107.31,1,-1,-1,-1
25,4,460.52,442.03,120.79,295.72,1,-1,-1,-1
25,5,593.32,445.87,91.35,271.11,1,-1,-1,-1
25,6,1486.60,406.43,231.36,422.32,1,-1,-1,-1
25,7,795.12,475.81,57.12,61.17,1,-1,-1,-1
25,8,1091.08,482.06,33.58,118.78,1,-1,-1,-1
25,9,1053.73,484.25,38.50,111.23,1,-1,-1,-1
25,10,1256.55,448.75,35.03,100.53,1,-1,-1,-1
25,11,1012.41,436.21,42.69,118.54,1,-1,-1,-1
25,12,1098.63,438.88,40.32,111.26,1,-1,-1,-1
25,14,1416.78,430.03,68.24,133.05,1,-1,-1,-1
25,15,418.19,457.08,42.52,86.85,1,-1,-1,-1
26,1,914.60,483.27,95.16,112.54,1,-1,-1,-1
26,2,836.29,473.04,53.71,76.74,1,-1,-1,-1
26,3,375.21,446.21,43.46,107.37,1,-1,-1,-1
26,4,461.43,442.54,121.01,291.93,1,-1,-1,-1
26,5,593.61,442.78,90.05,273.13,1,-1,-1,-1
26,6,1499.23,402.72,222.43,426.58,1,-1,-1,-1
26,7,795.48,475.87,57.18,61.75,1,-1,-1,-1
26,8,1091.72,479.47,33.17,120.40,1,-1,-1,-1
26,9,1053.86,483.78,38.92,111.84,1,-1,-1,-1
26,10,1256.68,448.27,34.94,100.58,1,-1,-1,-1
26,11,1012.15,436.77,43.12,118.09,1,-1,-1,-1
26,12,1098.19,439.67,40.59,110.17,1,-1,-1,-1
26,14,1420.19,429.27,68.56,133.22,1,-1,-1,-1
26,15,418.07,457.84,42.16,87.65,1,-1,-1,-1
27,1,914.49,483.16,95.40,112.51,1,-1,-1,-1
27,2,836.07,473.14,53.84,76.43,1,-1,-1,-1
27,3,375.53,446.19,42.93,107.25,1,-1,-1,-1
27,4,463.09,444.42,119.46,293.31,1,-1,-1,-1
27,5,594.59,442.03,89.88,272.48,1,-1,-1,-1
27,6,1517.97,403.72,208.06,429.11,1,-1,-1,-1
27,7,796.10,475.73,56.49,62.07,1,-1,-1,-1
27,8,1091.78,478.45,33.05,120.05,1,-1,-1,-1
27,9,1053.84,484.00,39.33,111.11,1,-1,-1,-1
27,10,1256.63,448.29,34.70,99.96,1,-1,-1,-1
27,11,1012.20,438.19,42.41,115.30,1,-1,-1,-1
27,12,1098.26,439.87,40.39,109.77,1,-1,-1,-1
27,14,1421.85,429.08,69.57,132.86,1,-1,-1,-1
27,15,418.25,457.98,42.40,89.16,1,-1,-1,-1
28,1,914.39,483.47,95.61,112.57,1,-1,-1,-1
28,2,836.02,473.26,53.81,76.34,1,-1,-1,-1
28,3,375.49,446.83,42.98,106.17,1,-1,-1,-1
28,4,466.22,447.17,117.88,289.24,1,-1,-1,-1
28,5,595.01,442.70,90.80,274.87,1,-1,-1,-1
28,6,1531.04,406.20,205.36,424.34,1,-1,-1,-1
28,7,795.80,475.57,56.85,62.23,1,-1,-1,-1
28,8,1091.55,477.73,33.02,121.00,1,-1,-1,-1
28,9,1055.07,485.52,38.40,108.72,1,-1,-1,-1
28,10,1256.53,448.27,34.56,100.27,1,-1,-1,-1
28,11,1011.79,437.81,42.75,116.35,1,-1,-1,-1
28,12,1098.32,438.61,40.68,110.42,1,-1,-1,-1
28,14,1423.77,428.53,70.08,132.19,1,-1,-1,-1
28,15,418.23,458.54,42.12,88.56,1,-1,-1,-1
29,1,914.09,484.47,95.88,111.68,1,-1,-1,-1
29,2,836.02,473.45,53.80,75.89,1,-1,-1,-1
29,3,375.93,446.99,42.50,105.70,1,-1,-1,-1
29,4,468.88,444.90,119.99,293.41,1,-1,-1,-1
29,5,596.09,442.65,90.66,271.81,1,-1,-1,-1
29,6,1551.91,400.24,192.44,433.69,1,-1,-1,-1
29,7,795.65,475.23,56.81,62.56,1,-1,-1,-1
29,8,1090.90,478.70,33.56,120.93,1,-1,-1,-1
29,9,1055.37,485.43,38.54,108.85,1,-1,-1,-1
29,10,1256.42,448.14,34.66,100.08,1,-1,-1,-1
29,11,1011.78,437.64,43.42,117.78,1,-1,-1,-1
29,12,1098.77,438.52,40.48,108.66,1,-1,-1,-1
29,14,1429.22,429.53,68.13,131.01,1,-1,-1,-1
29,15,418.27,458.68,42.88,89.01,1,-1,-1,-1
30,1,913.98,485.18,95.82,110.71,1,-1,-1,-1
30,2,835.98,473.39,53.94,75.90,1,-1,-1,-1
30,3,375.63,446.87,42.71,105.77,1,-1,-1,-1
30,4,472.12,446.41,120.21,290.25,1,-1,-1,-1
30,5,598.21,441.13,90.83,274.39,1,-1,-1,-1
30,6,1567.29,395.36,184.78,435.87,1,-1,-1,-1
30,7,795.49,475.29,56.94,62.52,1,-1,-1,-1
30,8,1090.57,481.09,33.73,119.23,1,-1,-1,-1
30,9,1054.32,485.15,38.51,109.58,1,-1,-1,-1
30,10,1256.59,448.23,34.62,99.67,1,-1,-1,-1
30,11,1011.72,439.64,42.63,116.68,1,-1,-1,-1
30,12,1098.91,438.91,40.28,109.25,1,-1,-1,-1
30,14,1434.81,431.11,65.03,130.30,1,-1,-1,-1
30,15,418.46,458.42,42.89,88.02,1,-1,-1,-1
31,1,913.89,484.88,96.23,110.63,1,-1,-1,-1
31,2,835.74,473.04,53.98,76.32,1,-1,-1,-1
31,3,375.69,447.12,42.28,105.16,1,-1,-1,-1
31,4,472.67,442.86,118.45,291.55,1,-1,-1,-1
31,5,599.11,443.65,90.88,274.96,1,-1,-1,-1
31,6,1587.81,395.12,176.18,438.83,1,-1,-1,-1
31,7,795.77,475.50,57.05,62.09,1,-1,-1,-1
31,8,1090.91,481.05,33.92,119.77,1,-1,-1,-1
31,9,1053.71,485.47,38.64,110.16,1,-1,-1,-1
31,10,1256.95,448.01,34.68,100.11,1,-1,-1,-1
31,11,1011.53,439.67,42.54,117.46,1,-1,-1,-1
31,12,1098.49,439.17,40.02,111.10,1,-1,-1,-1
31,14,1439.79,431.18,63.12,129.53,1,-1,-1,-1
31,15,418.38,458.15,42.34,87.17,1,-1,-1,-1
31,16,1681.30,422.40,220.30,390.70,1,-1,-1,-1
32,1,913.89,484.34,97.19,110.89,1,-1,-1,-1
32,2,835.45,472.61,54.13,76.94,1,-1,-1,-1
32,3,375.81,446.99,42.08,105.40,1,-1,-1,-1
32,4,472.98,444.11,115.69,295.57,1,-1,-1,-1
32,5,600.34,445.23,89.91,274.99,1,-1,-1,-1
32,6,1605.94,397.56,177.81,434.40,1,-1,-1,-1
32,7,795.73,475.30,57.16,62.17,1,-1,-1,-1
32,8,1091.01,480.90,34.40,120.14,1,-1,-1,-1
32,9,1053.98,485.70,38.96,109.77,1,-1,-1,-1
32,10,1257.30,448.39,34.62,99.89,1,-1,-1,-1
32,11,1011.47,439.22,42.23,117.00,1,-1,-1,-1
32,12,1098.19,439.32,40.63,111.17,1,-1,-1,-1
32,14,1443.97,431.70,63.04,129.30,1,-1,-1,-1
32,15,417.95,457.38,41.89,88.03,1,-1,-1,-1
32,16,1697.61,415.40,207.21,395.25,1,-1,-1,-1
33,1,914.26,483.76,96.29,111.60,1,-1,-1,-1
33,2,835.28,472.93,53.97,76.63,1,-1,-1,-1
33,3,375.48,446.68,42.45,105.89,1,-1,-1,-1
33,4,474.01,446.65,117.52,291.74,1,-1,-1,-1
33,5,603.50,444.51,89.27,275.63,1,-1,-1,-1
33,6,1609.82,391.52,189.49,451.62,1,-1,-1,-1
33,7,795.80,475.56,57.26,61.84,1,-1,-1,-1
33,8,1090.79,480.33,34.12,120.25,1,-1,-1,-1
33,9,1055.23,485.15,38.85,109.93,1,-1,-1,-1
33,10,1257.10,448.60,35.03,100.25,1,-1,-1,-1
33,11,1010.50,439.40,42.63,117.21,1,-1,-1,-1
33,12,1098.53,439.72,40.68,108.74,1,-1,-1,-1
33,14,1446.47,432.21,64.62,128.67,1,-1,-1,-1
33,15,417.85,457.08,42.11,88.29,1,-1,-1,-1
33,16,1711.56,408.65,207.21,395.25,1,-1,-1,-1
34,1,913.94,483.85,96.16,111.46,1,-1,-1,-1
34,2,835.23,472.50,54.27,77.38,1,-1,-1,-1
34,3,375.74,446.77,42.27,105.69,1,-1,-1,-1
34,4,475.36,445.79,116.59,294.93,1,-1,-1,-1
34,5,606.33,444.16,88.87,275.26,1,-1,-1,-1
34,6,1618.38,394.42,202.31,457.28,1,-1,-1,-1
34,7,795.98,475.77,56.87,61.88,1,-1,-1,-1
34,8,1090.05,481.06,34.11,119.59,1,-1,-1,-1
34,9,1055.48,484.29,38.67,110.47,1,-1,-1,-1
34,10,1257.07,448.52,35.22,100.91,1,-1,-1,-1
34,11,1009.79,440.01,42.89,118.95,1,-1,-1,-1
34,12,1098.26,439.27,39.85,108.50,1,-1,-1,-1
34,14,1448.35,430.72,64.40,130.23,1,-1,-1,-1
34,15,418.78,457.54,41.75,87.46,1,-1,-1,-1
34,16,1725.51,401.90,207.21,395.25,1,-1,-1,-1
35,1,913.18,483.65,97.31,111.84,1,-1,-1,-1
35,2,836.11,472.05,54.08,78.72,1,-1,-1,-1
35,3,375.52,446.63,42.29,105.91,1,-1,-1,-1
35,4,475.41,447.28,115.27,297.01,1,-1,-1,-1
35,5,605.61,443.57,89.94,275.36,1,-1,-1,-1
35,6,1626.07,394.48,216.65,468.49,1,-1,-1,-1
35,7,795.55,475.99,57.52,61.82,1,-1,-1,-1
35,8,1089.65,483.68,34.31,117.71,1,-1,-1,-1
35,9,1054.58,484.41,39.11,110.63,1,-1,-1,-1
35,10,1257.17,448.67,35.28,100.76,1,-1,-1,-1
35,11,1009.12,441.46,42.48,118.64,1,-1,-1,-1
35,12,1097.57,439.57,39.75,108.78,1,-1,-1,-1
35,14,1451.32,430.43,64.26,130.35,1,-1,-1,-1
35,15,418.84,457.61,41.93,87.63,1,-1,-1,-1
35,16,1739.46,395.15,207.21,395.25,1,-1,-1,-1
36,1,912.77,483.42,98.21,112.02,1,-1,-1,-1
36,2,836.10,472.07,54.09,79.06,1,-1,-1,-1
36,3,375.06,446.48,42.51,105.69,1,-1,-1,-1
36,4,476.63,445.90,115.71,293.85,1,-1,-1,-1
36,5,605.62,444.83,90.05,274.34,1,-1,-1,-1
36,6,1628.66,393.93,227.47,475.78,1,-1,-1,-1
36,7,795.35,476.25,56.67,61.53,1,-1,-1,-1
36,8,1089.77,484.54,34.16,117.07,1,-1,-1,-1
36,9,1054.20,484.58,39.59,110.47,1,-1,-1,-1
36,10,1257.19,448.18,35.57,101.84,1,-1,-1,-1
36,11,1008.76,441.24,42.56,118.61,1,-1,-1,-1
36,12,1097.50,439.15,39.57,109.98,1,-1,-1,-1
36,14,1452.91,429.34,63.52,132.06,1,-1,-1,-1
36,15,418.88,457.69,41.77,87.68,1,-1,-1,-1
37,1,913.20,483.53,97.50,112.15,1,-1,-1,-1
37,2,835.27,472.14,54.45,78.95,1,-1,-1,-1
37,3,375.07,446.43,42.85,105.63,1,-1,-1,-1
37,4,479.46,443.72,114.79,299.21,1,-1,-1,-1
37,5,607.98,443.46,88.83,275.99,1,-1,-1,-1
37,6,1631.30,398.09,241.14,468.72,1,-1,-1,-1
37,7,795.35,475.97,56.90,61.79,1,-1,-1,-1
37,8,1090.03,483.93,33.84,117.30,1,-1,-1,-1
37,9,1054.01,485.02,39.04,109.86,1,-1,-1,-1
37,10,1257.71,448.47,35.31,100.90,1,-1,-1,-1
37,11,1009.42,440.00,42.45,117.34,1,-1,-1,-1
37,12,1097.37,439.45,39.17,111.89,1,-1,-1,-1
37,14,1453.03,427.79,63.51,132.65,1,-1,-1,-1
37,15,418.42,457.39,42.07,87.97,1,-1,-1,-1
38,1,914.08,483.79,95.82,111.97,1,-1,-1,-1
38,2,835.08,472.16,54.27,78.84,1,-1,-1,-1
38,3,375.08,446.41,42.89,105.96,1,-1,-1,-1
38,4,481.18,444.66,114.38,303.68,1,-1,-1,-1
38,5,609.55,441.97,89.86,276.84,1,-1,-1,-1
38,6,1636.80,399.70,244.47,467.17,1,-1,-1,-1
38,7,795.88,475.28,56.76,62.43,1,-1,-1,-1
38,8,1090.63,483.20,33.53,116.95,1,-1,-1,-1
38,9,1053.75,485.40,39.15,109.54,1,-1,-1,-1
38,10,1257.95,447.67,35.30,101.46,1,-1,-1,-1
38,11,1009.67,439.82,42.83,118.08,1,-1,-1,-1
38,12,1097.47,439.55,40.10,111.69,1,-1,-1,-1
38,14,1453.96,427.33,64.06,131.84,1,-1,-1,-1
38,15,418.06,457.16,42.02,87.36,1,-1,-1,-1
39,1,914.21,483.95,95.67,111.78,1,-1,-1,-1
39,2,835.07,472.42,54.57,78.04,1,-1,-1,-1
39,3,374.70,446.17,43.25,106.20,1,-1,-1,-1
39,4,480.30,445.58,114.39,303.48,1,-1,-1,-1
39,5,611.80,441.91,89.12,277.51,1,-1,-1,-1
39,6,1638.83,399.27,247.85,469.15,1,-1,-1,-1
39,7,796.10,475.42,56.30,61.78,1,-1,-1,-1
39,8,1091.09,481.98,33.30,117.20,1,-1,-1,-1
39,9,1053.82,485.34,39.82,108.95,1,-1,-1,-1
39,10,1258.10,447.29,35.37,102.33,1,-1,-1,-1
39,11,1009.78,440.39,42.88,118.02,1,-1,-1,-1
39,12,1098.15,437.02,40.03,112.54,1,-1,-1,-1
39,14,1453.46,427.11,66.12,132.58,1,-1,-1,-1
39,15,417.75,456.98,42.71,86.76,1,-1,-1,-1
40,1,913.21,484.58,96.67,110.74,1,-1,-1,-1
40,2,835.13,472.60,54.31,77.73,1,-1,-1,-1
40,3,375.14,446.17,42.79,105.78,1,-1,-1,-1
40,4,481.00,445.20,111.95,304.41,1,-1,-1,-1
40,5,614.88,441.19,86.94,277.78,1,-1,-1,-1
40,6,1642.52,400.02,255.17,475.42,1,-1,-1,-1
40,7,796.12,475.44,56.23,61.86,1,-1,-1,-1
40,8,1091.79,480.56,33.02,117.69,1,-1,-1,-1
40,9,1053.98,485.38,40.01,109.34,1,-1,-1,-1
40,10,1258.17,447.46,35.46,102.24,1,-1,-1,-1
40,11,1009.53,440.20,43.10,117.10,1,-1,-1,-1
40,12,1097.57,436.85,40.78,112.72,1,-1,-1,-1
40,14,1455.26,427.66,66.67,131.83,1,-1,-1,-1
40,15,417.60,457.91,42.84,87.00,1,-1,-1,-1
41,1,913.29,484.34,96.27,110.85,1,-1,-1,-1
41,2,834.90,472.76,54.51,77.29,1,-1,-1,-1
41,3,375.09,446.25,43.15,105.86,1,-1,-1,-1
41,4,482.25,446.36,110.93,297.82,1,-1,-1,-1
41,5,615.49,442.25,87.33,276.33,1,-1,-1,-1
41,6,1643.89,402.96,263.24,477.99,1,-1,-1,-1
41,7,795.96,475.72,56.35,61.68,1,-1,-1,-1
41,8,1091.60,480.68,33.15,117.63,1,-1,-1,-1
41,9,1054.16,485.12,39.79,109.87,1,-1,-1,-1
41,10,1258.35,447.02,35.42,102.56,1,-1,-1,-1
41,11,1009.11,439.97,43.24,117.10,1,-1,-1,-1
41,12,1097.27,437.11,41.07,113.55,1,-1,-1,-1
41,14,1457.61,427.02,67.67,131.81,1,-1,-1,-1
41,15,417.88,458.28,42.67,86.72,1,-1,-1,-1
42,1,912.83,483.87,97.69,111.10,1,-1,-1,-1
42,2,835.04,472.74,54.64,77.44,1,-1,-1,-1
42,3,374.70,446.33,43.53,105.96,1,-1,-1,-1
42,4,479.81,444.14,113.92,306.56,1,-1,-1,-1
42,5,615.02,442.43,88.57,276.31,1,-1,-1,-1
42,6,1646.44,401.42,261.53,476.67,1,-1,-1,-1
42,7,796.09,475.75,55.96,61.55,1,-1,-1,-1
42,8,1090.99,480.12,33.18,118.66,1,-1,-1,-1
42,9,1054.50,484.99,39.24,109.33,1,-1,-1,-1
42,10,1258.53,446.72,35.41,102.94,1,-1,-1,-1
42,11,1009.00,439.24,42.79,116.96,1,-1,-1,-1
42,12,1097.62,437.26,40.88,111.48,1,-1,-1,-1
42,14,1459.52,426.41,67.13,131.59,1,-1,-1,-1
42,15,418.03,456.78,42.83,86.99,1,-1,-1,-1
43,1,913.09,483.61,97.42,111.52,1,-1,-1,-1
43,2,835.23,472.77,54.82,77.76,1,-1,-1,-1
43,3,374.46,445.90,43.65,106.76,1,-1,-1,-1
43,4,479.97,446.09,113.70,309.81,1,-1,-1,-1
43,5,615.32,442.08,88.59,276.65,1,-1,-1,-1
43,6,1648.87,399.82,269.21,478.93,1,-1,-1,-1
43,7,795.83,475.81,56.48,61.17,1,-1,-1,-1
43,8,1090.52,480.34,33.34,119.39,1,-1,-1,-1
43,9,1054.72,485.22,38.93,110.01,1,-1,-1,-1
43,10,1258.54,447.06,35.33,102.28,1,-1,-1,-1
43,11,1009.20,438.80,42.38,116.85,1,-1,-1,-1
43,12,1097.87,436.77,40.47,110.59,1,-1,-1,-1
43,14,1461.61,426.54,66.69,131.39,1,-1,-1,-1
43,15,417.85,456.48,42.39,86.86,1,-1,-1,-1
44,1,913.02,483.69,97.76,111.51,1,-1,-1,-1
44,2,835.27,472.82,54.81,77.58,1,-1,-1,-1
44,3,374.22,445.89,43.69,106.79,1,-1,-1,-1
44,4,480.03,444.66,114.12,314.21,1,-1,-1,-1
44,5,617.00,442.77,88.95,275.78,1,-1,-1,-1
44,6,1664.81,395.17,257.51,485.14,1,-1,-1,-1
44,7,795.92,475.72,56.63,61.40,1,-1,-1,-1
44,8,1090.14,480.90,33.52,119.61,1,-1,-1,-1
44,9,1054.95,485.19,38.91,110.35,1,-1,-1,-1
44,10,1258.50,447.07,35.38,102.15,1,-1,-1,-1
44,11,1009.02,439.46,42.32,116.81,1,-1,-1,-1
44,12,1097.47,437.09,40.70,110.25,1,-1,-1,-1
44,14,1464.95,428.54,64.60,129.65,1,-1,-1,-1
44,15,417.68,456.82,42.40,86.96,1,-1,-1,-1
45,1,912.65,483.21,98.70,111.85,1,-1,-1,-1
45,2,835.56,472.78,54.45,77.10,1,-1,-1,-1
45,3,374.36,446.33,43.63,105.82,1,-1,-1,-1
45,4,480.10,445.38,112.71,313.15,1,-1,-1,-1
45,5,618.62,441.66,89.61,277.12,1,-1,-1,-1
45,6,1682.84,391.43,241.61,487.00,1,-1,-1,-1
45,7,795.94,476.21,57.03,60.70,1,-1,-1,-1
45,8,1090.50,480.74,33.51,118.69,1,-1,-1,-1
45,9,1053.66,484.00,40.30,111.44,1,-1,-1,-1
45,10,1258.79,447.08,35.39,102.19,1,-1,-1,-1
45,11,1008.24,440.92,41.68,115.33,1,-1,-1,-1
45,12,1097.23,436.54,41.33,110.28,1,-1,-1,-1
45,14,1468.63,429.38,63.76,129.96,1,-1,-1,-1
45,15,417.65,457.36,42.68,87.13,1,-1,-1,-1
46,1,912.68,483.56,98.63,111.33,1,-1,-1,-1
46,2,835.94,472.84,54.42,77.03,1,-1,-1,-1
46,3,374.46,445.86,43.89,106.15,1,-1,-1,-1
46,4,478.25,445.67,114.17,309.97,1,-1,-1,-1
46,5,616.89,441.67,92.40,275.85,1,-1,-1,-1
46,6,1695.90,385.57,228.79,490.43,1,-1,-1,-1
46,7,796.27,476.53,56.73,60.70,1,-1,-1,-1
46,8,1090.29,481.36,33.64,117.93,1,-1,-1,-1
46,9,1054.23,483.74,39.25,111.13,1,-1,-1,-1
46,10,1259.20,446.55,35.47,102.62,1,-1,-1,-1
46,11,1007.70,441.50,41.69,115.17,1,-1,-1,-1
46,12,1097.06,435.55,41.59,111.00,1,-1,-1,-1
46,14,1473.44,428.78,62.25,129.43,1,-1,-1,-1
46,15,418.11,457.32,42.76,87.60,1,-1,-1,-1
46,17,583.70,457.10,39.50,138.40,1,-1,-1,-1
47,1,912.58,483.16,98.75,111.73,1,-1,-1,-1
47,2,835.88,472.75,53.98,77.36,1,-1,-1,-1
47,3,374.52,445.78,43.69,105.84,1,-1,-1,-1
47,4,477.30,444.95,114.47,314.33,1,-1,-1,-1
47,5,618.51,441.32,89.88,277.28,1,-1,-1,-1
47,6,1717.71,382.90,206.12,490.13,1,-1,-1,-1
47,7,796.25,476.54,56.22,60.63,1,-1,-1,-1
47,8,1090.47,481.86,33.26,117.21,1,-1,-1,-1
47,9,1054.53,483.75,38.80,110.90,1,-1,-1,-1
47,10,1259.65,446.08,35.14,102.74,1,-1,-1,-1
47,11,1007.50,441.96,41.49,114.00,1,-1,-1,-1
47,12,1097.50,435.77,41.04,109.95,1,-1,-1,-1
47,14,1479.14,429.29,59.97,126.75,1,-1,-1,-1
47,15,418.45,457.18,42.37,87.74,1,-1,-1,-1
47,17,582.23,456.47,41.18,137.98,1,-1,-1,-1
48,1,912.83,482.84,99.13,111.64,1,-1,-1,-1
48,2,835.71,472.74,53.86,77.32,1,-1,-1,-1
48,3,374.55,445.97,43.70,105.95,1,-1,-1,-1
48,4,477.37,444.81,115.12,313.19,1,-1,-1,-1
48,5,620.68,441.56,89.89,277.37,1,-1,-1,-1
48,6,1737.56,394.30,188.33,478.84,1,-1,-1,-1
48,7,796.23,475.60,56.42,61.10,1,-1,-1,-1
48,8,1091.97,479.19,32.73,118.95,1,-1,-1,-1
48,9,1054.86,483.78,38.38,112.09,1,-1,-1,-1
48,10,1260.46,445.83,34.90,103.48,1,-1,-1,-1
48,11,1006.79,442.05,41.64,114.77,1,-1,-1,-1
48,12,1098.06,435.82,41.01,109.49,1,-1,-1,-1
48,14,1484.12,428.68,58.24,128.60,1,-1,-1,-1
48,15,418.26,457.67,43.72,87.92,1,-1,-1,-1
48,17,581.59,454.80,41.75,137.29,1,-1,-1,-1
49,1,913.26,483.11,98.62,111.61,1,-1,-1,-1
49,2,835.90,472.81,53.75,77.10,1,-1,-1,-1
49,3,374.77,445.54,43.49,107.11,1,-1,-1,-1
49,4,478.50,441.13,114.27,314.74,1,-1,-1,-1
49,5,622.84,443.36,89.76,275.43,1,-1,-1,-1
49,6,1757.37,394.92,167.45,478.60,1,-1,-1,-1
49,7,795.93,474.88,56.33,61.52,1,-1,-1,-1
49,8,1091.89,480.15,32.99,118.01,1,-1,-1,-1
49,9,1054.15,483.69,38.67,111.75,1,-1,-1,-1
49,10,1260.76,445.80,35.18,103.64,1,-1,-1,-1
49,11,1007.22,443.00,41.75,114.44,1,-1,-1,-1
49,12,1098.56,436.82,40.65,109.15,1,-1,-1,-1
49,14,1488.64,429.58,56.95,129.30,1,-1,-1,-1
49,15,418.81,457.41,43.15,88.26,1,-1,-1,-1
49,17,580.73,453.78,42.98,136.39,1,-1,-1,-1
50,1,912.89,483.72,98.61,111.11,1,-1,-1,-1
50,2,835.82,472.83,53.71,76.89,1,-1,-1,-1
50,3,374.46,445.69,43.78,106.96,1,-1,-1,-1
50,4,479.85,441.12,112.68,314.78,1,-1,-1,-1
50,5,624.13,444.58,89.44,274.43,1,-1,-1,-1
50,6,1774.93,391.12,150.54,478.04,1,-1,-1,-1
50,7,795.43,475.19,56.87,61.37,1,-1,-1,-1
50,8,1091.52,479.81,33.07,119.54,1,-1,-1,-1
50,9,1053.52,483.05,38.76,112.06,1,-1,-1,-1
50,10,1260.59,445.96,35.33,102.98,1,-1,-1,-1
50,11,1008.58,443.55,40.81,112.45,1,-1,-1,-1
50,12,1098.94,437.86,40.62,107.43,1,-1,-1,-1
50,14,1491.81,430.57,56.15,130.98,1,-1,-1,-1
50,15,418.33,456.38,43.25,89.34,1,-1,-1,-1
50,17,580.37,453.38,43.69,135.84,1,-1,-1,-1
51,1,913.16,483.81,98.04,111.31,1,-1,-1,-1
51,2,835.98,472.74,53.77,76.90,1,-1,-1,-1
51,3,374.69,445.56,43.51,106.85,1,-1,-1,-1
51,4,478.84,440.77,116.89,319.69,1,-1,-1,-1
51,5,624.55,448.30,88.99,269.58,1,-1,-1,-1
51,6,1785.66,383.87,138.96,489.56,1,-1,-1,-1
51,7,795.67,475.01,56.54,62.30,1,-1,-1,-1
51,8,1090.86,481.31,33.58,117.76,1,-1,-1,-1
51,9,1054.33,483.49,38.58,111.60,1,-1,-1,-1
51,10,1260.75,446.38,35.03,102.71,1,-1,-1,-1
51,11,1008.67,443.35,41.15,113.19,1,-1,-1,-1
51,12,1098.70,437.61,40.60,107.76,1,-1,-1,-1
51,14,1494.61,430.60,55.41,131.20,1,-1,-1,-1
51,15,418.07,456.72,43.29,88.82,1,-1,-1,-1
51,17,582.35,454.28,42.23,134.55,1,-1,-1,-1
52,1,913.04,483.47,98.22,111.51,1,-1,-1,-1
52,2,835.75,472.74,53.93,76.41,1,-1,-1,-1
52,3,374.52,445.03,43.71,107.30,1,-1,-1,-1
52,4,478.72,440.96,117.18,320.47,1,-1,-1,-1
52,5,624.11,446.01,89.98,273.51,1,-1,-1,-1
52,6,1799.05,391.67,124.43,486.93,1,-1,-1,-1
52,7,795.94,475.10,56.02,62.09,1,-1,-1,-1
52,8,1091.16,480.45,33.31,118.63,1,-1,-1,-1
52,9,1054.93,483.36,38.52,110.90,1,-1,-1,-1
52,10,1260.66,446.81,35.15,101.79,1,-1,-1,-1
52,11,1008.67,443.61,41.54,114.32,1,-1,-1,-1
52,12,1097.82,437.79,41.09,109.54,1,-1,-1,-1
52,14,1497.99,429.97,54.42,131.27,1,-1,-1,-1
52,15,418.28,456.45,43.23,88.88,1,-1,-1,-1
52,17,582.00,453.42,43.19,135.92,1,-1,-1,-1
53,1,913.22,482.70,97.79,112.20,1,-1,-1,-1
53,2,836.06,472.71,53.63,76.54,1,-1,-1,-1
53,3,374.25,444.72,44.12,107.86,1,-1,-1,-1
53,4,478.82,441.80,116.42,317.90,1,-1,-1,-1
53,5,624.15,446.96,88.45,270.77,1,-1,-1,-1
53,6,1806.95,401.22,124.43,486.93,1,-1,-1,-1
53,7,796.35,474.95,56.08,62.59,1,-1,-1,-1
53,8,1091.63,481.07,33.23,116.16,1,-1,-1,-1
53,9,1054.78,484.30,39.28,109.78,1,-1,-1,-1
53,10,1260.39,446.68,35.18,101.87,1,-1,-1,-1
53,11,1007.38,443.00,42.63,114.79,1,-1,-1,-1
53,12,1096.58,436.83,42.08,111.19,1,-1,-1,-1
53,14,1498.52,429.11,55.53,132.27,1,-1,-1,-1
53,15,418.50,456.28,42.86,88.40,1,-1,-1,-1
53,17,581.02,452.56,43.41,135.06,1,-1,-1,-1
54,1,913.95,482.74,96.96,112.06,1,-1,-1,-1
54,2,836.42,473.18,53.89,76.37,1,-1,-1,-1
54,3,374.64,444.88,43.90,107.54,1,-1,-1,-1
54,4,478.04,442.48,119.98,316.85,1,-1,-1,-1
54,5,623.41,448.71,88.35,269.74,1,-1,-1,-1
54,6,1814.85,410.77,124.43,486.93,1,-1,-1,-1
54,7,796.63,475.25,56.23,62.60,1,-1,-1,-1
54,8,1091.52,480.02,33.14,117.94,1,-1,-1,-1
54,9,1053.55,484.82,39.43,110.49,1,-1,-1,-1
54,10,1260.24,446.63,35.41,102.03,1,-1,-1,-1
54,11,1006.82,443.67,41.91,114.59,1,-1,-1,-1
54,12,1096.81,435.74,41.18,112.67,1,-1,-1,-1
54,14,1500.47,430.39,54.95,130.75,1,-1,-1,-1
54,15,418.32,456.99,42.40,87.70,1,-1,-1,-1
54,17,582.06,453.45,42.21,134.25,1,-1,-1,-1
55,1,914.42,482.76,96.85,112.16,1,-1,-1,-1
55,2,836.17,473.16,54.04,76.32,1,-1,-1,-1
55,3,374.80,444.98,43.69,107.51,1,-1,-1,-1
55,4,477.55,443.79,122.72,315.07,1,-1,-1,-1
55,5,623.36,447.05,88.80,270.69,1,-1,-1,-1
55,6,1822.75,420.32,124.43,486.93,1,-1,-1,-1
55,7,796.35,475.66,57.12,62.11,1,-1,-1,-1
55,8,1091.55,479.18,33.39,117.91,1,-1,-1,-1
55,9,1052.49,484.91,39.55,109.52,1,-1,-1,-1
55,10,1260.54,446.62,35.26,101.73,1,-1,-1,-1
55,11,1007.19,444.44,41.55,115.30,1,-1,-1,-1
55,12,1097.44,435.86,40.42,113.32,1,-1,-1,-1
55,14,1504.01,432.02,55.05,127.50,1,-1,-1,-1
55,15,418.37,457.46,42.12,87.00,1,-1,-1,-1
55,17,584.46,456.04,39.54,134.07,1,-1,-1,-1
56,1,914.67,482.83,96.67,112.33,1,-1,-1,-1
56,2,836.33,472.68,53.80,77.01,1,-1,-1,-1
56,3,374.87,445.08,43.56,107.36,1,-1,-1,-1
56,4,477.62,443.18,125.86,318.52,1,-1,-1,-1
56,5,622.45,445.88,90.20,274.48,1,-1,-1,-1
56,7,796.62,475.77,57.18,61.82,1,-1,-1,-1
56,8,1091.34,481.60,33.96,115.73,1,-1,-1,-1
56,9,1053.19,484.50,39.30,109.02,1,-1,-1,-1
56,10,1260.77,446.31,35.08,102.34,1,-1,-1,-1
56,11,1007.08,443.47,41.45,115.51,1,-1,-1,-1
56,12,1097.40,435.58,40.55,113.38,1,-1,-1,-1
56,14,1507.39,432.41,54.95,126.17,1,-1,-1,-1
56,15,418.46,457.31,42.18,87.56,1,-1,-1,-1
56,17,585.20,456.86,37.76,135.07,1,-1,-1,-1
57,1,914.41,483.53,96.27,111.89,1,-1,-1,-1
57,2,836.33,472.58,53.59,77.35,1,-1,-1,-1
57,3,374.63,445.09,43.87,107.25,1,-1,-1,-1
57,4,481.13,445.82,124.42,313.54,1,-1,-1,-1
57,5,622.62,445.77,91.67,277.15,1,-1,-1,-1
57,7,797.51,476.00,56.49,61.46,1,-1,-1,-1
57,8,1090.70,482.14,34.41,115.29,1,-1,-1,-1
57,9,1054.60,484.88,39.30,109.00,1,-1,-1,-1
57,10,1260.82,446.23,35.23,102.31,1,-1,-1,-1
57,11,1006.63,442.85,41.62,115.08,1,-1,-1,-1
57,12,1096.92,434.99,41.42,113.95,1,-1,-1,-1
57,14,1510.76,433.41,53.23,125.00,1,-1,-1,-1
57,15,418.59,457.61,41.70,86.89,1,-1,-1,-1
57,17,586.91,457.69,37.23,134.18,1,-1,-1,-1
58,1,913.75,483.92,97.13,111.62,1,-1,-1,-1
58,2,835.91,472.60,54.02,77.39,1,-1,-1,-1
58,3,374.91,445.15,43.40,106.72,1,-1,-1,-1
58,4,480.06,443.45,127.84,317.22,1,-1,-1,-1
58,5,623.87,442.91,91.69,280.69,1,-1,-1,-1
58,7,798.00,475.89,56.36,61.42,1,-1,-1,-1
58,8,1090.80,480.70,34.12,116.77,1,-1,-1,-1
58,9,1054.37,485.46,39.30,108.51,1,-1,-1,-1
58,10,1261.06,446.30,34.93,102.65,1,-1,-1,-1
58,11,1006.31,442.63,41.47,115.16,1,-1,-1,-1
58,12,1097.65,435.11,41.13,114.41,1,-1,-1,-1
58,14,1512.45,433.14,53.70,125.70,1,-1,-1,-1
58,15,418.24,457.94,42.40,86.62,1,-1,-1,-1
58,17,588.41,459.84,34.83,131.81,1,-1,-1,-1
59,1,913.81,484.15,97.60,111.11,1,-1,-1,-1
59,2,836.13,472.75,53.52,77.26,1,-1,-1,-1
59,3,375.24,445.46,43.19,106.71,1,-1,-1,-1
59,4,480.52,443.07,128.44,318.12,1,-1,-1,-1
59,5,624.25,442.33,90.72,281.26,1,-1,-1,-1
59,7,797.83,475.26,56.11,62.32,1,-1,-1,-1
59,8,1091.48,478.55,33.83,118.82,1,-1,-1,-1
59,9,1054.03,484.95,39.23,108.71,1,-1,-1,-1
59,10,1261.10,446.30,35.19,102.90,1,-1,-1,-1
59,11,1005.55,442.43,41.56,113.65,1,-1,-1,-1
59,12,1098.09,435.74,41.04,113.77,1,-1,-1,-1
59,14,1515.40,432.81,54.89,125.77,1,-1,-1,-1
59,15,418.41,458.21,43.10,87.44,1,-1,-1,-1
59,17,587.64,460.74,34.32,134.39,1,-1,-1,-1
59,18,686.50,457.40,74.40,218.50,1,-1,-1,-1
60,1,913.53,484.39,97.74,110.47,1,-1,-1,-1
60,2,836.27,473.17,53.71,77.01,1,-1,-1,-1
60,3,374.77,445.32,43.55,106.98,1,-1,-1,-1
60,4,482.74,443.59,128.62,319.29,1,-1,-1,-1
60,5,622.83,445.78,91.06,280.03,1,-1,-1,-1
60,7,797.50,475.20,56.24,62.86,1,-1,-1,-1
60,8,1090.62,480.29,34.58,117.06,1,-1,-1,-1
60,9,1055.04,484.18,39.21,109.19,1,-1,-1,-1
60,10,1261.11,446.17,35.27,103.04,1,-1,-1,-1
60,11,1005.40,441.70,40.96,114.45,1,-1,-1,-1
60,12,1097.44,436.01,41.99,112.95,1,-1,-1,-1
60,14,1519.15,433.07,53.85,123.97,1,-1,-1,-1
60,15,418.71,457.68,42.75,86.29,1,-1,-1,-1
60,17,587.89,463.39,34.32,134.39,1,-1,-1,-1
60,18,687.76,456.56,75.24,219.41,1,-1,-1,-1
61,1,913.71,484.03,97.15,111.40,1,-1,-1,-1
61,2,836.50,472.03,53.28,79.10,1,-1,-1,-1
61,3,374.36,444.67,43.51,107.62,1,-1,-1,-1
61,4,483.50,443.58,129.17,322.94,1,-1,-1,-1
61,5,623.42,445.05,89.83,282.11,1,-1,-1,-1
61,7,797.41,475.64,56.28,62.40,1,-1,-1,-1
61,8,1088.24,480.22,34.59,114.50,1,-1,-1,-1
61,9,1055.32,483.83,39.13,109.69,1,-1,-1,-1
61,10,1260.65,446.03,35.99,102.52,1,-1,-1,-1
61,11,1005.51,440.95,40.64,114.49,1,-1,-1,-1
61,12,1096.85,435.96,42.28,114.67,1,-1,-1,-1
61,14,1521.08,430.42,53.60,126.51,1,-1,-1,-1
61,15,418.64,457.74,42.51,85.60,1,-1,-1,-1
61,17,588.14,466.04,34.32,134.39,1,-1,-1,-1
61,18,689.49,456.49,75.42,220.94,1,-1,-1,-1
62,1,913.50,483.86,97.19,111.19,1,-1,-1,-1
62,2,836.53,471.63,52.88,79.66,1,-1,-1,-1
62,3,374.26,445.60,44.06,106.63,1,-1,-1,-1
62,4,485.41,444.51,129.82,323.75,1,-1,-1,-1
62,5,621.55,447.60,90.86,278.53,1,-1,-1,-1
62,7,796.68,475.28,56.50,63.03,1,-1,-1,-1
62,8,1088.47,478.25,34.53,116.67,1,-1,-1,-1
62,9,1055.05,484.00,39.18,109.63,1,-1,-1,-1
62,10,1260.20,446.15,36.07,102.09,1,-1,-1,-1
62,11,1004.73,440.38,41.31,114.78,1,-1,-1,-1
62,12,1096.08,436.73,41.59,113.71,1,-1,-1,-1
62,14,1523.69,430.53,52.62,126.08,1,-1,-1,-1
62,15,418.26,458.28,42.57,84.83,1,-1,-1,-1
62,17,588.39,468.69,34.32,134.39,1,-1,-1,-1
62,18,688.49,456.85,77.30,222.52,1,-1,-1,-1
63,1,913.05,483.86,97.41,111.48,1,-1,-1,-1
63,2,836.61,471.93,53.31,79.06,1,-1,-1,-1
63,3,374.66,446.11,43.67,106.19,1,-1,-1,-1
63,4,487.54,443.47,132.54,326.38,1,-1,-1,-1
63,5,619.92,447.70,91.87,280.26,1,-1,-1,-1
63,7,796.22,475.70,56.71,63.22,1,-1,-1,-1
63,8,1089.87,481.48,34.37,116.13,1,-1,-1,-1
63,9,1055.14,483.84,38.91,110.24,1,-1,-1,-1
63,10,1260.09,446.79,35.88,101.82,1,-1,-1,-1
63,11,1004.41,441.66,41.44,114.65,1,-1,-1,-1
63,12,1095.75,438.01,41.39,111.11,1,-1,-1,-1
63,14,1526.06,430.93,52.26,125.47,1,-1,-1,-1
63,15,418.49,457.70,41.96,85.37,1,-1,-1,-1
63,18,689.70,456.68,77.09,221.81,1,-1,-1,-1
64,1,912.58,484.29,98.10,111.84,1,-1,-1,-1
64,2,836.41,471.93,53.65,78.88,1,-1,-1,-1
64,3,374.27,446.10,43.62,106.06,1,-1,-1,-1
64,4,488.34,444.01,134.05,325.13,1,-1,-1,-1
64,5,622.21,445.99,90.42,281.97,1,-1,-1,-1
64,7,795.90,475.59,56.49,63.98,1,-1,-1,-1
64,8,1089.62,482.74,34.46,115.76,1,-1,-1,-1
64,9,1054.69,483.68,39.25,110.91,1,-1,-1,-1
64,10,1260.35,446.47,35.82,101.87,1,-1,-1,-1
64,11,1004.45,441.30,41.69,114.69,1,-1,-1,-1
64,12,1096.44,438.41,40.98,111.17,1,-1,-1,-1
64,14,1528.12,428.52,52.71,127.38,1,-1,-1,-1
64,15,418.71,458.06,42.13,85.39,1,-1,-1,-1
64,18,691.64,456.79,75.77,221.80,1,-1,-1,-1
65,1,912.31,484.46,97.89,111.39,1,-1,-1,-1
65,2,835.84,472.26,54.04,78.68,1,-1,-1,-1
65,3,374.48,446.87,43.05,104.48,1,-1,-1,-1
65,4,490.16,443.28,134.37,327.07,1,-1,-1,-1
65,5,622.55,446.65,90.06,282.41,1,-1,-1,-1
65,7,796.04,475.05,56.43,63.92,1,-1,-1,-1
65,8,1089.36,481.60,34.70,116.84,1,-1,-1,-1
65,9,1053.88,482.24,39.36,112.09,1,-1,-1,-1
65,10,1260.14,446.52,36.09,101.47,1,-1,-1,-1
65,11,1003.63,440.86,42.61,115.47,1,-1,-1,-1
65,12,1096.52,439.34,40.43,111.33,1,-1,-1,-1
65,14,1531.08,429.87,51.93,125.85,1,-1,-1,-1
65,15,419.17,458.57,42.04,85.19,1,-1,-1,-1
65,18,692.15,457.01,75.72,220.26,1,-1,-1,-1
66,1,912.18,483.94,97.83,111.68,1,-1,-1,-1
66,2,835.79,472.59,53.80,78.48,1,-1,-1,-1
66,3,374.65,447.03,43.08,104.42,1,-1,-1,-1
66,4,491.82,446.76,135.79,320.02,1,-1,-1,-1
66,5,621.34,445.44,91.21,285.34,1,-1,-1,-1
66,7,796.68,474.79,56.41,63.91,1,-1,-1,-1
66,8,1088.89,481.92,34.98,116.39,1,-1,-1,-1
66,9,1054.35,481.22,39.04,113.29,1,-1,-1,-1
66,10,1260.26,446.74,35.68,101.35,1,-1,-1,-1
66,11,1003.95,441.76,42.25,114.86,1,-1,-1,-1
66,12,1095.91,440.81,40.83,109.07,1,-1,-1,-1
66,14,1533.67,430.51,52.19,126.73,1,-1,-1,-1
66,15,419.13,458.45,41.24,84.85,1,-1,-1,-1
66,18,692.93,456.45,74.52,221.06,1,-1,-1,-1
67,1,912.12,483.89,98.16,111.69,1,-1,-1,-1
67,2,835.92,472.70,53.80,78.08,1,-1,-1,-1
67,3,374.32,447.07,43.10,104.83,1,-1,-1,-1
67,4,495.91,443.28,133.07,322.88,1,-1,-1,-1
67,5,620.69,446.92,90.99,283.98,1,-1,-1,-1
67,7,796.99,475.01,55.98,63.69,1,-1,-1,-1
67,8,1089.10,481.85,34.99,117.03,1,-1,-1,-1
67,9,1054.18,481.09,39.29,113.51,1,-1,-1,-1
67,10,1260.30,446.61,35.62,101.53,1,-1,-1,-1
67,11,1004.64,441.41,41.87,113.98,1,-1,-1,-1
67,12,1096.29,439.38,40.60,108.88,1,-1,-1,-1
67,14,1535.93,431.43,51.57,125.66,1,-1,-1,-1
67,15,418.82,457.71,41.42,85.58,1,-1,-1,-1
67,18,692.79,456.47,75.06,222.35,1,-1,-1,-1
68,1,912.61,483.87,97.63,111.77,1,-1,-1,-1
68,2,835.81,472.72,54.01,76.97,1,-1,-1,-1
68,3,374.26,447.29,43.24,104.81,1,-1,-1,-1
68,4,499.84,440.75,133.02,327.16,1,-1,-1,-1
68,5,617.18,444.25,94.92,288.33,1,-1,-1,-1
68,7,796.44,475.37,56.83,63.21,1,-1,-1,-1
68,8,1089.17,482.58,35.21,116.66,1,-1,-1,-1
68,9,1053.49,480.88,39.37,113.64,1,-1,-1,-1
68,10,1260.64,447.25,35.26,101.16,1,-1,-1,-1
68,11,1005.23,441.13,41.19,112.10,1,-1,-1,-1
68,12,1096.33,440.64,40.25,107.77,1,-1,-1,-1
68,14,1538.80,432.40,50.33,126.18,1,-1,-1,-1
68,15,419.45,458.08,41.83,85.67,1,-1,-1,-1
68,18,694.36,455.53,75.72,221.75,1,-1,-1,-1
68,19,477.90,465.60,31.80,94.40,1,-1,-1,-1
69,1,912.82,483.15,97.61,112.35,1,-1,-1,-1
69,2,835.76,472.18,53.79,76.99,1,-1,-1,-1
69,3,374.45,447.22,43.35,105.01,1,-1,-1,-1
69,4,502.00,440.91,130.42,324.95,1,-1,-1,-1
69,5,618.13,441.60,95.82,289.50,1,-1,-1,-1
69,7,796.31,475.49,56.88,62.92,1,-1,-1,-1
69,8,1088.79,482.99,35.48,116.97,1,-1,-1,-1
69,9,1052.56,481.85,39.53,112.77,1,-1,-1,-1
69,10,1260.97,447.74,35.01,100.77,1,-1,-1,-1
69,11,1004.88,441.07,41.83,112.03,1,-1,-1,-1
69,12,1095.81,442.35,39.86,108.49,1,-1,-1,-1
69,14,1543.05,430.97,51.50,126.89,1,-1,-1,-1
69,15,419.33,458.43,42.44,85.41,1,-1,-1,-1
69,18,696.63,454.15,75.99,220.46,1,-1,-1,-1
69,19,476.22,465.60,32.92,96.85,1,-1,-1,-1
70,1,912.84,483.17,97.67,111.90,1,-1,-1,-1
70,2,835.97,471.88,53.87,77.35,1,-1,-1,-1
70,3,374.36,447.33,43.46,105.28,1,-1,-1,-1
70,4,504.45,443.60,128.93,320.01,1,-1,-1,-1
70,5,617.09,438.17,97.34,294.47,1,-1,-1,-1
70,7,795.45,475.61,57.52,62.63,1,-1,-1,-1
70,8,1088.61,482.79,35.42,117.34,1,-1,-1,-1
70,9,1052.62,481.56,39.51,113.70,1,-1,-1,-1
70,10,1261.02,447.50,34.93,100.79,1,-1,-1,-1
70,11,1004.48,442.42,42.02,111.03,1,-1,-1,-1
70,12,1095.69,442.87,39.47,108.50,1,-1,-1,-1
70,14,1545.09,430.37,51.85,126.41,1,-1,-1,-1
70,15,419.26,458.27,42.55,85.68,1,-1,-1,-1
70,18,697.17,454.70,75.23,220.98,1,-1,-1,-1
70,19,474.61,465.71,34.24,101.79,1,-1,-1,-1
71,1,912.76,483.42,97.69,111.62,1,-1,-1,-1
71,2,836.32,472.16,53.75,77.45,1,-1,-1,-1
71,3,374.79,447.72,43.00,105.37,1,-1,-1,-1
71,4,506.19,441.08,131.36,325.67,1,-1,-1,-1
71,5,614.76,438.29,98.71,295.19,1,-1,-1,-1
71,7,795.26,475.97,57.65,61.77,1,-1,-1,-1
71,8,1087.84,484.61,35.62,116.19,1,-1,-1,-1
71,9,1052.68,480.84,39.85,114.54,1,-1,-1,-1
71,10,1260.94,447.30,35.12,100.94,1,-1,-1,-1
71,11,1004.44,442.45,41.87,111.08,1,-1,-1,-1
71,12,1097.42,439.96,38.30,112.70,1,-1,-1,-1
71,14,1546.05,429.44,52.16,128.36,1,-1,-1,-1
71,15,419.08,458.03,41.54,85.76,1,-1,-1,-1
71,18,699.39,456.32,74.02,220.29,1,-1,-1,-1
71,19,473.91,466.21,34.70,102.71,1,-1,-1,-1
72,1,912.69,482.85,97.84,111.75,1,-1,-1,-1
72,2,836.34,472.10,53.65,77.70,1,-1,-1,-1
72,3,374.34,447.38,43.56,105.46,1,-1,-1,-1
72,4,509.35,439.37,130.06,326.25,1,-1,-1,-1
72,5,613.74,438.66,100.03,294.92,1,-1,-1,-1
72,7,794.97,475.95,57.47,61.86,1,-1,-1,-1
72,8,1087.63,484.76,35.68,116.55,1,-1,-1,-1
72,9,1052.08,480.82,40.45,115.00,1,-1,-1,-1
72,10,1260.93,447.09,35.18,101.05,1,-1,-1,-1
72,11,1004.33,442.94,41.54,111.37,1,-1,-1,-1
72,12,1098.29,439.20,37.88,114.52,1,-1,-1,-1
72,14,1548.33,428.02,53.24,130.49,1,-1,-1,-1
72,15,419.10,457.22,41.37,85.65,1,-1,-1,-1
72,18,701.23,456.32,75.97,220.37,1,-1,-1,-1
72,19,474.70,467.04,34.14,105.57,1,-1,-1,-1
73,1,912.66,482.73,98.02,111.43,1,-1,-1,-1
73,2,836.23,471.95,53.19,76.79,1,-1,-1,-1
73,3,374.44,447.44,43.24,105.00,1,-1,-1,-1
73,4,512.11,441.36,130.02,329.51,1,-1,-1,-1
73,5,615.05,437.50,98.54,293.79,1,-1,-1,-1
73,7,794.57,475.61,57.35,62.24,1,-1,-1,-1
73,8,1088.05,483.18,35.76,117.56,1,-1,-1,-1
73,9,1052.84,481.01,40.69,115.14,1,-1,-1,-1
73,10,1260.98,447.02,34.98,101.02,1,-1,-1,-1
73,11,1003.84,443.51,41.86,111.04,1,-1,-1,-1
73,12,1098.01,439.46,37.61,115.98,1,-1,-1,-1
73,14,1549.60,428.35,53.28,130.22,1,-1,-1,-1
73,15,419.76,457.19,41.11,84.77,1,-1,-1,-1
73,18,700.58,456.39,77.39,222.84,1,-1,-1,-1
73,19,474.36,469.57,32.85,101.95,1,-1,-1,-1
74,1,912.97,483.10,97.66,111.20,1,-1,-1,-1
74,2,836.23,471.39,53.13,77.43,1,-1,-1,-1
74,3,374.80,447.49,43.00,104.86,1,-1,-1,-1
74,4,514.50,446.74,129.03,324.32,1,-1,-1,-1
74,5,614.57,438.78,96.06,294.92,1,-1,-1,-1
74,7,795.59,475.57,55.85,61.86,1,-1,-1,-1
74,8,1088.23,484.47,35.93,116.96,1,-1,-1,-1
74,9,1053.06,480.51,40.70,114.76,1,-1,-1,-1
74,10,1260.63,446.95,35.55,101.07,1,-1,-1,-1
74,11,1004.10,443.38,42.03,111.22,1,-1,-1,-1
74,12,1097.62,438.92,39.49,110.53,1,-1,-1,-1
74,14,1551.79,429.14,52.73,127.89,1,-1,-1,-1
74,15,419.35,457.34,41.59,84.65,1,-1,-1,-1
74,18,700.89,457.42,78.80,220.43,1,-1,-1,-1
74,19,472.24,467.29,32.89,102.27,1,-1,-1,-1
75,1,913.19,483.48,97.62,111.34,1,-1,-1,-1
75,2,836.00,472.11,53.60,76.92,1,-1,-1,-1
75,3,374.87,447.34,42.86,104.61,1,-1,-1,-1
75,4,517.27,443.69,126.42,328.86,1,-1,-1,-1
75,5,610.43,440.92,98.05,294.06,1,-1,-1,-1
75,7,795.57,475.72,56.23,61.54,1,-1,-1,-1
75,8,1087.85,486.66,36.40,115.66,1,-1,-1,-1
75,9,1053.37,480.16,40.21,114.30,1,-1,-1,-1
75,10,1260.38,447.22,35.59,100.67,1,-1,-1,-1
75,11,1005.25,442.85,41.38,110.86,1,-1,-1,-1
75,12,1097.95,439.29,40.06,105.82,1,-1,-1,-1
75,14,1554.29,430.57,52.99,125.87,1,-1,-1,-1
75,15,419.29,457.21,41.74,84.62,1,-1,-1,-1
75,18,703.13,454.86,78.59,224.54,1,-1,-1,-1
75,19,472.68,466.51,32.76,103.55,1,-1,-1,-1
76,1,913.45,483.80,97.05,111.17,1,-1,-1,-1
76,2,835.58,472.25,53.53,76.77,1,-1,-1,-1
76,3,374.98,447.20,43.10,104.81,1,-1,-1,-1
76,4,523.51,444.32,122.70,325.04,1,-1,-1,-1
76,5,610.25,439.92,98.50,295.07,1,-1,-1,-1
76,7,795.83,475.97,55.51,60.60,1,-1,-1,-1
76,8,1087.65,486.62,36.68,115.48,1,-1,-1,-1
76,9,1053.59,480.84,40.27,113.81,1,-1,-1,-1
76,10,1260.31,447.41,35.53,100.48,1,-1,-1,-1
76,11,1004.93,442.11,41.67,111.10,1,-1,-1,-1
76,12,1097.69,442.13,40.23,104.55,1,-1,-1,-1
76,14,1556.49,431.52,52.99,125.87,1,-1,-1,-1
76,15,419.19,457.07,41.78,85.09,1,-1,-1,-1
76,18,704.31,455.47,79.72,224.58,1,-1,-1,-1
76,19,472.79,466.50,33.00,102.32,1,-1,-1,-1
77,1,913.25,483.57,97.36,111.05,1,-1,-1,-1
77,2,835.32,471.99,53.51,77.14,1,-1,-1,-1
77,3,375.01,447.27,43.24,104.94,1,-1,-1,-1
77,4,529.47,447.56,119.41,325.08,1,-1,-1,-1
77,5,611.67,441.80,97.94,292.22,1,-1,-1,-1
77,7,797.50,476.04,53.05,60.18,1,-1,-1,-1
77,8,1088.17,485.52,36.41,116.05,1,-1,-1,-1
77,9,1053.48,481.47,40.36,113.80,1,-1,-1,-1
77,10,1260.39,447.46,35.44,100.49,1,-1,-1,-1
77,11,1004.44,442.67,41.83,111.31,1,-1,-1,-1
77,12,1097.29,443.64,40.00,105.42,1,-1,-1,-1
77,14,1558.69,432.47,52.99,125.87,1,-1,-1,-1
77,15,418.93,457.17,41.79,85.31,1,-1,-1,-1
77,18,704.33,455.67,82.65,224.59,1,-1,-1,-1
77,19,472.55,465.43,33.77,102.73,1,-1,-1,-1
78,1,913.09,483.80,97.39,111.23,1,-1,-1,-1
78,2,835.77,472.06,52.87,76.76,1,-1,-1,-1
78,3,374.85,446.71,43.14,105.47,1,-1,-1,-1
78,4,530.48,449.56,118.42,325.44,1,-1,-1,-1
78,5,616.06,441.35,94.62,289.69,1,-1,-1,-1
78,7,798.86,476.71,51.69,59.07,1,-1,-1,-1
78,8,1088.50,485.31,36.96,116.02,1,-1,-1,-1
78,9,1052.98,481.47,40.25,113.17,1,-1,-1,-1
78,10,1259.75,447.95,36.18,100.08,1,-1,-1,-1
78,11,1004.01,443.40,42.37,110.04,1,-1,-1,-1
78,12,1097.36,446.58,39.86,104.43,1,-1,-1,-1
78,14,1560.89,433.42,52.99,125.87,1,-1,-1,-1
78,15,418.78,457.35,41.73,86.00,1,-1,-1,-1
78,18,704.72,456.21,85.62,224.53,1,-1,-1,-1
78,19,470.90,465.65,34.84,101.03,1,-1,-1,-1
79,1,912.88,484.06,97.68,111.21,1,-1,-1,-1
79,2,835.55,471.91,53.03,76.58,1,-1,-1,-1
79,3,374.33,446.33,43.67,105.84,1,-1,-1,-1
79,4,532.78,445.22,115.05,331.08,1,-1,-1,-1
79,5,615.73,439.83,96.01,291.59,1,-1,-1,-1
79,7,798.99,478.27,52.82,57.34,1,-1,-1,-1
79,8,1088.49,485.56,37.13,115.79,1,-1,-1,-1
79,9,1053.21,481.86,40.14,111.72,1,-1,-1,-1
79,10,1259.68,448.22,35.98,100.02,1,-1,-1,-1
79,11,1003.90,443.61,42.32,109.31,1,-1,-1,-1
79,12,1097.21,448.73,39.68,104.69,1,-1,-1,-1
79,15,419.10,457.61,41.78,86.07,1,-1,-1,-1
79,18,705.22,455.38,88.48,226.54,1,-1,-1,-1
79,19,469.19,465.77,35.23,100.66,1,-1,-1,-1
80,1,912.64,484.04,97.90,111.13,1,-1,-1,-1
80,2,835.20,472.17,53.50,77.15,1,-1,-1,-1
80,3,374.39,446.77,43.48,105.32,1,-1,-1,-1
80,4,533.52,444.67,114.24,332.42,1,-1,-1,-1
80,5,614.85,441.37,94.88,291.25,1,-1,-1,-1
80,7,798.29,480.24,54.41,56.61,1,-1,-1,-1
80,8,1088.06,485.64,36.97,115.80,1,-1,-1,-1
80,9,1054.12,482.97,40.11,110.45,1,-1,-1,-1
80,10,1259.90,447.55,36.14,100.78,1,-1,-1,-1
80,11,1004.26,443.20,42.38,110.63,1,-1,-1,-1
80,12,1096.64,448.66,39.62,105.12,1,-1,-1,-1
80,15,419.68,457.08,41.58,85.88,1,-1,-1,-1
80,18,708.22,453.08,92.90,228.47,1,-1,-1,-1
80,19,469.55,466.18,35.07,100.55,1,-1,-1,-1
81,1,912.45,483.78,97.62,111.46,1,-1,-1,-1
81,2,835.37,472.35,53.43,77.26,1,-1,-1,-1
81,3,374.41,446.81,43.35,105.45,1,-1,-1,-1
81,4,536.86,445.08,110.43,333.95,1,-1,-1,-1
81,5,619.26,440.01,94.26,292.12,1,-1,-1,-1
81,7,797.89,481.89,54.41,56.61,1,-1,-1,-1
81,8,1087.98,486.50,36.57,115.03,1,-1,-1,-1
81,9,1055.00,484.96,39.26,108.94,1,-1,-1,-1
81,10,1260.22,447.38,36.11,100.86,1,-1,-1,-1
81,11,1004.42,443.22,42.39,110.82,1,-1,-1,-1
81,12,1096.94,447.88,38.98,105.45,1,-1,-1,-1
81,15,419.63,457.25,42.02,86.24,1,-1,-1,-1
81,18,711.02,453.40,94.79,227.58,1,-1,-1,-1
81,19,468.49,465.57,35.93,100.93,1,-1,-1,-1
82,1,912.62,483.37,97.33,111.91,1,-1,-1,-1
82,2,835.27,471.61,53.55,78.34,1,-1,-1,-1
82,3,374.57,447.25,43.46,105.27,1,-1,-1,-1
82,4,539.64,442.85,109.78,337.34,1,-1,-1,-1
82,5,621.66,440.58,94.36,286.51,1,-1,-1,-1
82,7,797.49,483.54,54.41,56.61,1,-1,-1,-1
82,8,1088.16,487.29,36.31,114.24,1,-1,-1,-1
82,9,1054.73,485.62,39.50,108.77,1,-1,-1,-1
82,10,1260.46,447.52,35.61,100.26,1,-1,-1,-1
82,11,1004.24,442.42,42.19,110.39,1,-1,-1,-1
82,12,1097.56,449.21,38.29,106.12,1,-1,-1,-1
82,15,419.02,457.79,41.72,86.49,1,-1,-1,-1
82,18,712.13,454.31,98.44,227.10,1,-1,-1,-1
82,19,468.09,465.33,36.05,103.08,1,-1,-1,-1
83,1,913.35,482.40,97.10,112.81,1,-1,-1,-1
83,2,835.05,471.76,53.72,78.52,1,-1,-1,-1
83,3,374.22,447.28,43.77,105.15,1,-1,-1,-1
83,4,540.88,444.55,109.09,331.36,1,-1,-1,-1
83,5,622.99,442.46,95.44,287.97,1,-1,-1,-1
83,7,797.09,485.19,54.41,56.61,1,-1,-1,-1
83,8,1088.08,486.87,36.44,114.84,1,-1,-1,-1
83,9,1054.71,483.69,39.15,110.05,1,-1,-1,-1
83,10,1260.68,446.88,35.46,100.92,1,-1,-1,-1
83,11,1004.14,442.28,42.13,110.12,1,-1,-1,-1
83,12,1097.31,449.04,38.86,106.03,1,-1,-1,-1
83,15,419.66,458.04,41.29,86.22,1,-1,-1,-1
83,18,716.15,459.26,95.61,223.11,1,-1,-1,-1
83,19,466.92,466.02,37.55,104.35,1,-1,-1,-1
84,1,913.81,482.17,96.75,112.80,1,-1,-1,-1
84,2,835.47,472.02,53.78,78.44,1,-1,-1,-1
84,3,373.96,446.77,44.14,105.12,1,-1,-1,-1
84,4,541.16,442.60,108.47,334.54,1,-1,-1,-1
84,5,625.45,445.77,96.18,289.25,1,-1,-1,-1
84,8,1088.19,485.85,36.27,116.00,1,-1,-1,-1
84,9,1053.15,481.72,39.74,111.42,1,-1,-1,-1
84,10,1260.85,446.86,35.77,101.33,1,-1,-1,-1
84,11,1004.53,442.96,42.18,110.31,1,-1,-1,-1
84,12,1096.98,446.14,38.89,107.97,1,-1,-1,-1
84,15,421.52,458.23,39.97,85.79,1,-1,-1,-1
84,18,716.75,461.01,93.29,219.18,1,-1,-1,-1
84,19,465.62,466.72,38.43,106.07,1,-1,-1,-1
85,1,913.70,483.23,96.57,111.96,1,-1,-1,-1
85,2,836.33,471.41,53.09,79.60,1,-1,-1,-1
85,3,373.97,446.67,44.46,105.03,1,-1,-1,-1
85,4,542.31,443.14,108.14,335.07,1,-1,-1,-1
85,5,624.95,443.60,97.94,294.75,1,-1,-1,-1
85,8,1088.94,483.53,36.08,118.31,1,-1,-1,-1
85,9,1052.87,481.50,40.13,111.82,1,-1,-1,-1
85,10,1261.38,447.03,35.37,101.17,1,-1,-1,-1
85,11,1004.74,443.39,41.91,109.81,1,-1,-1,-1
85,12,1096.68,445.44,38.89,107.97,1,-1,-1,-1
85,15,422.20,458.93,40.76,85.24,1,-1,-1,-1
85,18,718.37,457.73,92.25,220.74,1,-1,-1,-1
85,19,466.50,467.22,37.78,105.39,1,-1,-1,-1
86,1,913.69,482.97,96.73,112.27,1,-1,-1,-1
86,2,837.00,471.04,52.47,80.02,1,-1,-1,-1
86,3,373.60,446.64,44.63,105.15,1,-1,-1,-1
86,4,543.09,445.56,109.30,332.01,1,-1,-1,-1
86,5,625.57,442.59,99.52,295.97,1,-1,-1,-1
86,8,1088.94,482.74,36.51,119.00,1,-1,-1,-1
86,9,1054.13,480.93,39.69,112.44,1,-1,-1,-1
86,10,1261.57,447.05,35.25,100.84,1,-1,-1,-1
86,11,1004.69,443.82,41.62,108.47,1,-1,-1,-1
86,12,1096.38,444.74,38.89,107.97,1,-1,-1,-1
86,15,424.88,458.94,39.39,86.75,1,-1,-1,-1
86,18,720.24,457.03,92.56,224.14,1,-1,-1,-1
86,19,466.65,467.34,38.00,101.48,1,-1,-1,-1
87,1,914.09,482.60,96.43,112.43,1,-1,-1,-1
87,2,836.94,470.76,52.21,80.43,1,-1,-1,-1
87,3,373.45,446.65,44.40,105.12,1,-1,-1,-1
87,4,544.11,445.27,110.77,334.03,1,-1,-1,-1
87,5,625.97,442.75,100.42,297.18,1,-1,-1,-1
87,8,1088.77,483.43,36.43,119.07,1,-1,-1,-1
87,9,1054.49,481.66,39.63,111.99,1,-1,-1,-1
87,10,1261.24,446.92,35.22,101.37,1,-1,-1,-1
87,11,1005.20,443.31,41.19,107.51,1,-1,-1,-1
87,12,1098.96,449.82,37.99,104.56,1,-1,-1,-1
87,15,425.27,458.85,38.28,87.77,1,-1,-1,-1
87,18,721.76,458.81,92.59,221.03,1,-1,-1,-1
87,19,466.32,467.37,38.35,102.61,1,-1,-1,-1
88,1,914.03,482.86,96.83,112.48,1,-1,-1,-1
88,2,835.91,471.63,52.69,78.66,1,-1,-1,-1
88,3,373.22,446.49,44.33,105.24,1,-1,-1,-1
88,4,547.45,443.27,110.16,335.69,1,-1,-1,-1
88,5,626.93,444.14,101.32,293.48,1,-1,-1,-1
88,8,1088.67,483.56,36.27,118.74,1,-1,-1,-1
88,9,1053.47,482.27,39.82,112.70,1,-1,-1,-1
88,10,1261.16,447.75,34.92,100.97,1,-1,-1,-1
88,11,1005.24,443.43,41.27,106.45,1,-1,-1,-1
88,12,1099.85,451.04,37.99,104.56,1,-1,-1,-1
88,15,426.37,458.66,37.24,87.72,1,-1,-1,-1
88,18,723.90,457.07,91.62,226.19,1,-1,-1,-1
88,19,463.25,468.51,40.21,100.36,1,-1,-1,-1
89,1,913.67,483.30,97.30,112.14,1,-1,-1,-1
89,2,836.28,471.80,52.49,78.48,1,-1,-1,-1
89,3,373.25,446.30,44.59,105.63,1,-1,-1,-1
89,4,547.60,445.71,113.97,333.39,1,-1,-1,-1
89,5,628.90,443.88,102.42,293.92,1,-1,-1,-1
89,8,1087.97,483.17,37.27,119.20,1,-1,-1,-1
89,9,1053.21,483.50,40.02,110.74,1,-1,-1,-1
89,10,1261.19,448.27,34.77,100.85,1,-1,-1,-1
89,11,1005.10,443.55,41.36,106.63,1,-1,-1,-1
89,12,1100.73,452.26,37.99,104.56,1,-1,-1,-1
89,15,426.66,458.34,37.91,88.13,1,-1,-1,-1
89,18,725.14,454.43,93.36,231.45,1,-1,-1,-1
89,19,461.99,467.45,40.48,100.32,1,-1,-1,-1
90,1,913.79,482.88,97.09,112.32,1,-1,-1,-1
90,2,836.45,472.13,51.94,78.14,1,-1,-1,-1
90,3,373.20,446.62,45.02,105.40,1,-1,-1,-1
90,4,546.96,446.52,114.48,335.50,1,-1,-1,-1
90,5,633.91,445.39,100.59,291.66,1,-1,-1,-1
90,8,1087.98,483.74,37.29,118.64,1,-1,-1,-1
90,9,1054.44,483.61,40.00,110.43,1,-1,-1,-1
90,10,1261.01,448.28,34.93,100.68,1,-1,-1,-1
90,11,1005.18,443.75,41.18,106.26,1,-1,-1,-1
90,12,1101.61,453.47,37.99,104.56,1,-1,-1,-1
90,15,426.00,457.70,37.20,88.46,1,-1,-1,-1
90,18,727.23,453.06,91.85,233.02,1,-1,-1,-1
90,19,462.77,467.61,41.54,102.83,1,-1,-1,-1
91,1,914.19,482.65,96.96,112.24,1,-1,-1,-1
91,2,835.53,472.84,53.66,77.34,1,-1,-1,-1
91,3,373.15,446.72,45.21,105.33,1,-1,-1,-1
91,4,549.14,444.44,113.79,339.98,1,-1,-1,-1
91,5,632.59,445.79,100.53,293.58,1,-1,-1,-1
91,8,1088.13,483.49,37.16,118.61,1,-1,-1,-1
91,9,1053.28,482.70,39.72,111.04,1,-1,-1,-1
91,10,1260.78,448.40,35.12,100.41,1,-1,-1,-1
91,11,1005.60,443.47,40.42,106.92,1,-1,-1,-1
91,15,424.63,457.56,37.76,87.65,1,-1,-1,-1
91,18,728.65,453.27,90.90,233.64,1,-1,-1,-1
91,19,462.02,468.00,42.42,103.44,1,-1,-1,-1
92,1,914.30,483.13,97.06,111.86,1,-1,-1,-1
92,2,835.70,473.14,54.53,77.66,1,-1,-1,-1
92,3,373.54,446.78,44.78,104.75,1,-1,-1,-1
92,4,551.34,444.82,115.06,344.68,1,-1,-1,-1
92,5,631.39,439.83,102.26,302.34,1,-1,-1,-1
92,8,1088.49,483.63,37.12,117.97,1,-1,-1,-1
92,9,1051.93,482.31,39.43,110.94,1,-1,-1,-1
92,10,1260.31,447.61,35.88,101.10,1,-1,-1,-1
92,11,1005.07,442.70,40.41,107.75,1,-1,-1,-1
92,15,424.35,456.59,38.77,89.29,1,-1,-1,-1
92,18,731.26,454.58,89.50,227.73,1,-1,-1,-1
92,19,461.71,468.16,42.41,103.34,1,-1,-1,-1
93,1,914.30,483.26,96.95,111.96,1,-1,-1,-1
93,2,836.20,473.02,53.88,77.90,1,-1,-1,-1
93,3,373.18,446.49,45.08,104.78,1,-1,-1,-1
93,4,551.79,444.44,113.06,351.28,1,-1,-1,-1
93,5,638.09,441.30,102.43,299.16,1,-1,-1,-1
93,8,1088.76,483.86,37.04,117.71,1,-1,-1,-1
93,9,1051.94,482.59,40.11,110.77,1,-1,-1,-1
93,10,1260.09,446.82,36.10,101.66,1,-1,-1,-1
93,11,1004.77,442.43,40.61,108.20,1,-1,-1,-1
93,15,426.35,457.12,36.34,87.13,1,-1,-1,-1
93,18,733.74,452.42,87.61,233.03,1,-1,-1,-1
93,19,461.54,468.71,42.19,104.43,1,-1,-1,-1
94,1,914.58,483.16,96.56,112.20,1,-1,-1,-1
94,2,836.59,472.53,53.33,78.11,1,-1,-1,-1
94,3,372.96,446.31,45.16,105.01,1,-1,-1,-1
94,4,549.33,443.98,114.56,352.76,1,-1,-1,-1
94,5,638.52,442.23,101.57,302.69,1,-1,-1,-1
94,8,1089.01,483.59,36.59,117.56,1,-1,-1,-1
94,9,1052.02,482.48,40.38,111.14,1,-1,-1,-1
94,10,1259.62,446.55,36.52,101.97,1,-1,-1,-1
94,11,1004.75,442.69,40.81,107.85,1,-1,-1,-1
94,15,427.07,457.14,36.10,85.36,1,-1,-1,-1
94,18,737.39,454.54,85.22,229.79,1,-1,-1,-1
94,19,460.00,468.86,42.83,105.32,1,-1,-1,-1
95,1,914.22,483.20,96.87,111.92,1,-1,-1,-1
95,2,836.36,472.49,53.31,77.33,1,-1,-1,-1
95,3,372.71,446.50,45.05,105.00,1,-1,-1,-1
95,4,549.30,443.62,115.15,355.03,1,-1,-1,-1
95,5,638.00,443.34,103.55,297.31,1,-1,-1,-1
95,8,1088.75,484.02,36.60,117.03,1,-1,-1,-1
95,9,1051.96,482.57,40.25,110.48,1,-1,-1,-1
95,10,1259.25,445.62,37.07,103.18,1,-1,-1,-1
95,11,1004.49,442.44,41.22,108.38,1,-1,-1,-1
95,15,433.29,460.13,36.73,84.34,1,-1,-1,-1
95,18,741.68,453.70,82.34,232.32,1,-1,-1,-1
95,19,457.85,469.47,43.51,104.33,1,-1,-1,-1
96,1,913.39,483.44,97.87,111.84,1,-1,-1,-1
96,2,836.13,472.31,53.16,77.66,1,-1,-1,-1
96,3,372.76,446.08,44.66,105.21,1,-1,-1,-1
96,4,548.47,445.74,118.96,352.84,1,-1,-1,-1
96,5,643.19,442.47,100.02,300.87,1,-1,-1,-1
96,8,1088.95,483.68,35.97,116.87,1,-1,-1,-1
96,9,1052.04,481.43,40.78,112.03,1,-1,-1,-1
96,10,1258.80,445.55,37.72,102.98,1,-1,-1,-1
96,11,1004.75,442.67,41.07,108.39,1,-1,-1,-1
96,15,441.89,464.18,36.73,84.34,1,-1,-1,-1
96,18,744.76,454.68,80.91,233.84,1,-1,-1,-1
96,19,455.83,468.36,43.99,104.66,1,-1,-1,-1
97,1,913.28,483.95,97.54,111.60,1,-1,-1,-1
97,2,836.08,472.36,53.05,77.97,1,-1,-1,-1
97,3,373.04,445.76,44.69,105.69,1,-1,-1,-1
97,4,548.75,444.44,120.67,354.14,1,-1,-1,-1
97,5,644.31,442.93,100.35,302.36,1,-1,-1,-1
97,8,1088.96,483.78,35.92,116.26,1,-1,-1,-1
97,9,1052.02,481.41,40.93,112.50,1,-1,-1,-1
97,10,1258.51,445.66,37.92,102.72,1,-1,-1,-1
97,11,1004.75,442.89,41.23,107.91,1,-1,-1,-1
97,15,450.49,468.23,36.73,84.34,1,-1,-1,-1
97,18,747.77,455.48,80.20,229.47,1,-1,-1,-1
97,19,454.97,467.70,44.00,105.25,1,-1,-1,-1
98,1,913.47,483.15,97.44,112.16,1,-1,-1,-1
98,2,835.98,472.26,52.80,77.64,1,-1,-1,-1
98,3,373.14,446.12,44.42,105.77,1,-1,-1,-1
98,4,549.24,443.59,120.55,355.65,1,-1,-1,-1
98,5,643.26,440.61,100.32,303.23,1,-1,-1,-1
98,8,1088.65,485.31,36.12,115.87,1,-1,-1,-1
98,9,1052.06,481.72,40.56,112.01,1,-1,-1,-1
98,10,1257.98,445.71,38.18,102.98,1,-1,-1,-1
98,11,1004.59,443.62,41.28,106.57,1,-1,-1,-1
98,15,459.09,472.28,36.73,84.34,1,-1,-1,-1
98,18,749.45,453.52,81.46,229.84,1,-1,-1,-1
98,19,454.50,467.73,43.86,105.70,1,-1,-1,-1
99,1,913.68,483.28,96.85,111.49,1,-1,-1,-1
99,2,834.52,472.66,54.55,76.91,1,-1,-1,-1
99,3,373.26,445.66,44.20,106.07,1,-1,-1,-1
99,4,547.99,441.59,120.10,358.42,1,-1,-1,-1
99,5,642.99,441.13,100.16,301.81,1,-1,-1,-1
99,8,1088.50,485.33,35.96,116.31,1,-1,-1,-1
99,9,1051.98,481.29,41.15,112.70,1,-1,-1,-1
99,10,1257.27,445.46,38.62,103.42,1,-1,-1,-1
99,11,1004.33,443.75,41.64,107.29,1,-1,-1,-1
99,18,751.56,453.86,82.96,230.93,1,-1,-1,-1
99,19,453.45,467.41,44.52,106.68,1,-1,-1,-1
100,1,913.05,483.55,97.59,111.50,1,-1,-1,-1
100,2,834.58,472.79,54.17,77.04,1,-1,-1,-1
100,3,373.70,445.61,43.78,105.88,1,-1,-1,-1
100,4,548.39,444.82,121.08,359.66,1,-1,-1,-1
100,5,649.28,441.49,99.63,296.69,1,-1,-1,-1
100,8,1088.98,485.51,35.85,115.88,1,-1,-1,-1
100,9,1051.70,481.81,40.83,111.93,1,-1,-1,-1
100,10,1257.19,445.38,38.53,103.19,1,-1,-1,-1
100,11,1004.53,444.01,41.12,107.09,1,-1,-1,-1
100,18,752.69,455.15,82.99,230.77,1,-1,-1,-1
100,19,452.27,467.34,44.44,106.55,1,-1,-1,-1
101,1,913.10,484.06,97.74,110.94,1,-1,-1,-1
101,2,834.74,472.71,53.63,76.24,1,-1,-1,-1
101,3,374.09,446.08,43.37,104.84,1,-1,-1,-1
101,4,549.96,446.87,123.96,360.32,1,-1,-1,-1
101,5,653.55,440.28,99.26,297.40,1,-1,-1,-1
101,8,1089.64,484.77,35.74,116.03,1,-1,-1,-1
101,9,1051.48,481.98,40.60,110.72,1,-1,-1,-1
101,10,1256.90,444.99,38.65,103.97,1,-1,-1,-1
101,11,1003.97,443.83,41.60,107.87,1,-1,-1,-1
101,18,752.42,455.53,83.21,232.47,1,-1,-1,-1
101,19,451.73,466.57,44.55,105.96,1,-1,-1,-1
102,1,913.82,483.37,97.15,111.82,1,-1,-1,-1
102,2,835.47,472.52,53.40,75.79,1,-1,-1,-1
102,3,374.09,446.35,43.53,104.60,1,-1,-1,-1
102,4,552.76,445.81,121.12,361.57,1,-1,-1,-1
102,5,654.74,441.88,98.66,295.37,1,-1,-1,-1
102,8,1088.78,483.88,36.55,116.50,1,-1,-1,-1
102,9,1051.17,482.40,40.53,109.94,1,-1,-1,-1
102,10,1256.22,445.39,38.76,103.08,1,-1,-1,-1
102,11,1004.38,443.47,40.90,108.24,1,-1,-1,-1
102,18,754.35,452.85,82.71,239.91,1,-1,-1,-1
102,19,451.18,466.92,45.08,105.29,1,-1,-1,-1
103,1,913.76,482.92,97.33,112.16,1,-1,-1,-1
103,2,835.87,473.02,54.24,75.03,1,-1,-1,-1
103,3,373.96,446.87,43.30,104.88,1,-1,-1,-1
103,4,553.71,446.47,120.41,361.03,1,-1,-1,-1
103,5,655.68,439.34,99.25,303.93,1,-1,-1,-1
103,8,1088.51,483.67,36.73,117.55,1,-1,-1,-1
103,9,1052.10,482.31,40.09,109.98,1,-1,-1,-1
103,10,1255.38,446.17,38.79,101.83,1,-1,-1,-1
103,11,1005.04,442.89,40.76,107.93,1,-1,-1,-1
103,18,757.00,453.86,82.35,237.59,1,-1,-1,-1
103,19,450.31,467.24,45.65,106.00,1,-1,-1,-1
103,20,505.80,464.30,30.70,104.50,1,-1,-1,-1
104,1,913.40,482.67,96.96,112.54,1,-1,-1,-1
104,2,835.93,472.70,54.49,75.71,1,-1,-1,-1
104,3,374.25,446.85,43.02,105.03,1,-1,-1,-1
104,4,553.34,442.94,122.78,363.53,1,-1,-1,-1
104,5,657.10,438.98,100.68,303.28,1,-1,-1,-1
104,8,1089.10,483.36,36.36,118.01,1,-1,-1,-1
104,9,1051.99,482.22,40.52,110.27,1,-1,-1,-1
104,10,1254.03,446.25,39.22,101.25,1,-1,-1,-1
104,11,1005.04,443.10,40.44,106.79,1,-1,-1,-1
104,18,758.07,454.68,83.79,238.72,1,-1,-1,-1
104,19,448.88,466.80,45.41,105.72,1,-1,-1,-1
104,20,507.27,464.65,31.40,102.19,1,-1,-1,-1
105,1,913.56,482.25,96.43,112.86,1,-1,-1,-1
105,2,835.19,472.87,54.64,75.49,1,-1,-1,-1
105,3,374.35,446.32,42.87,105.85,1,-1,-1,-1
105,4,553.15,441.42,123.63,362.60,1,-1,-1,-1
105,5,658.91,437.92,100.42,301.96,1,-1,-1,-1
105,8,1088.95,482.56,36.46,118.98,1,-1,-1,-1
105,9,1051.67,482.29,40.23,110.92,1,-1,-1,-1
105,10,1252.46,446.71,38.85,100.10,1,-1,-1,-1
105,11,1004.41,443.16,40.69,106.45,1,-1,-1,-1
105,18,758.82,456.50,84.57,238.99,1,-1,-1,-1
105,19,447.39,466.72,45.68,106.06,1,-1,-1,-1
105,20,506.67,464.27,33.43,102.62,1,-1,-1,-1
106,1,913.62,482.24,96.69,113.10,1,-1,-1,-1
106,2,834.43,472.74,54.54,76.55,1,-1,-1,-1
106,3,373.65,446.21,43.31,106.66,1,-1,-1,-1
106,4,553.74,442.48,124.52,362.67,1,-1,-1,-1
106,5,659.22,438.91,102.29,306.19,1,-1,-1,-1
106,8,1088.63,483.20,36.63,118.71,1,-1,-1,-1
106,9,1051.18,482.61,40.28,110.42,1,-1,-1,-1
106,10,1251.16,446.83,38.82,100.52,1,-1,-1,-1
106,11,1004.64,442.46,40.35,107.25,1,-1,-1,-1
106,18,760.06,457.76,83.82,237.46,1,-1,-1,-1
106,19,447.26,467.05,45.27,105.60,1,-1,-1,-1
106,20,505.81,464.89,34.04,104.36,1,-1,-1,-1
107,1,913.92,482.76,96.56,113.17,1,-1,-1,-1
107,2,834.91,472.69,54.58,77.14,1,-1,-1,-1
107,3,374.00,446.50,43.16,106.20,1,-1,-1,-1
107,4,554.52,442.77,125.63,365.00,1,-1,-1,-1
107,5,662.85,439.69,99.99,304.59,1,-1,-1,-1
107,8,1088.30,482.91,36.89,118.84,1,-1,-1,-1
107,9,1052.12,482.21,40.36,109.99,1,-1,-1,-1
107,10,1249.88,446.67,39.43,101.28,1,-1,-1,-1
107,11,1005.41,442.56,40.24,107.29,1,-1,-1,-1
107,18,759.94,458.24,84.23,237.98,1,-1,-1,-1
107,19,446.39,467.78,45.43,103.15,1,-1,-1,-1
107,20,506.08,465.75,34.64,104.95,1,-1,-1,-1
108,1,913.77,482.69,96.73,113.26,1,-1,-1,-1
108,2,835.17,472.10,54.38,77.88,1,-1,-1,-1
108,3,374.32,446.47,43.05,106.13,1,-1,-1,-1
108,4,554.16,443.04,127.50,363.95,1,-1,-1,-1
108,5,663.31,437.97,100.91,306.91,1,-1,-1,-1
108,8,1088.22,482.38,37.04,119.51,1,-1,-1,-1
108,9,1053.06,482.07,40.67,110.00,1,-1,-1,-1
108,10,1249.24,447.16,39.48,100.66,1,-1,-1,-1
108,11,1005.81,443.14,40.14,107.09,1,-1,-1,-1
108,18,760.64,456.47,83.86,240.30,1,-1,-1,-1
108,19,446.27,468.27,44.99,102.76,1,-1,-1,-1
108,20,504.76,465.35,36.50,107.29,1,-1,-1,-1
109,1,913.93,482.35,96.36,113.22,1,-1,-1,-1
109,2,835.02,471.80,53.98,78.03,1,-1,-1,-1
109,3,373.98,446.51,43.22,106.32,1,-1,-1,-1
109,4,554.75,444.10,128.62,363.01,1,-1,-1,-1
109,5,664.61,438.65,99.15,308.93,1,-1,-1,-1
109,8,1088.18,483.22,36.94,119.92,1,-1,-1,-1
109,9,1052.79,482.38,40.83,110.42,1,-1,-1,-1
109,10,1249.54,447.60,39.07,100.13,1,-1,-1,-1
109,11,1005.34,443.19,40.88,107.38,1,-1,-1,-1
109,18,762.50,454.98,83.82,241.35,1,-1,-1,-1
109,19,446.00,468.40,44.51,101.67,1,-1,-1,-1
109,20,504.05,465.53,36.78,105.41,1,-1,-1,-1
110,1,913.83,482.79,96.88,112.65,1,-1,-1,-1
110,2,834.82,471.85,54.20,77.80,1,-1,-1,-1
110,3,373.81,446.41,43.14,106.38,1,-1,-1,-1
110,4,556.39,444.33,129.66,364.68,1,-1,-1,-1
110,5,666.21,442.01,98.14,297.50,1,-1,-1,-1
110,8,1088.59,483.53,36.35,119.42,1,-1,-1,-1
110,9,1051.85,482.73,40.88,110.20,1,-1,-1,-1
110,10,1249.37,448.27,39.30,99.48,1,-1,-1,-1
110,11,1005.08,443.52,40.61,105.85,1,-1,-1,-1
110,18,763.82,453.75,83.32,243.42,1,-1,-1,-1
110,19,444.24,468.27,44.85,100.57,1,-1,-1,-1
110,20,504.20,465.04,35.25,103.65,1,-1,-1,-1
111,1,913.61,483.00,97.31,112.33,1,-1,-1,-1
111,2,835.42,472.21,53.50,76.54,1,-1,-1,-1
111,3,373.81,446.13,42.83,106.74,1,-1,-1,-1
111,4,556.46,441.48,130.32,368.68,1,-1,-1,-1
111,5,667.96,440.06,97.55,296.66,1,-1,-1,-1
111,8,1088.58,483.37,36.46,119.27,1,-1,-1,-1
111,9,1050.88,483.07,40.82,110.69,1,-1,-1,-1
111,10,1247.57,447.66,40.35,100.82,1,-1,-1,-1
111,11,1004.41,443.94,40.46,103.86,1,-1,-1,-1
111,18,763.87,454.88,81.97,240.81,1,-1,-1,-1
111,19,442.88,468.71,45.10,101.08,1,-1,-1,-1
111,20,504.68,464.57,33.89,104.18,1,-1,-1,-1
112,1,913.67,482.48,97.09,112.66,1,-1,-1,-1
112,2,835.09,471.33,53.57,77.14,1,-1,-1,-1
112,3,373.70,445.98,42.88,107.13,1,-1,-1,-1
112,4,555.07,439.67,132.06,365.62,1,-1,-1,-1
112,5,667.45,441.48,98.92,302.22,1,-1,-1,-1
112,8,1088.43,483.66,36.56,118.80,1,-1,-1,-1
112,9,1052.15,483.30,40.18,110.35,1,-1,-1,-1
112,10,1245.12,446.72,40.46,102.00,1,-1,-1,-1
112,11,1004.17,444.38,40.21,103.75,1,-1,-1,-1
112,18,764.23,453.66,81.85,245.00,1,-1,-1,-1
112,19,443.07,469.21,44.33,101.58,1,-1,-1,-1
112,20,504.18,463.71,33.20,105.17,1,-1,-1,-1
113,1,913.68,483.00,96.75,112.13,1,-1,-1,-1
113,2,834.40,471.27,54.29,77.25,1,-1,-1,-1
113,3,373.60,445.93,43.03,107.46,1,-1,-1,-1
113,4,557.80,433.17,130.48,373.51,1,-1,-1,-1
113,5,668.32,443.13,99.25,301.16,1,-1,-1,-1
113,8,1088.39,483.87,37.01,118.24,1,-1,-1,-1
113,9,1051.86,483.05,40.68,110.10,1,-1,-1,-1
113,10,1244.29,446.14,40.35,102.56,1,-1,-1,-1
113,11,1004.82,445.57,39.78,103.01,1,-1,-1,-1
113,18,764.92,454.14,82.94,243.53,1,-1,-1,-1
113,19,442.43,469.21,43.75,101.67,1,-1,-1,-1
113,20,502.34,465.34,33.69,104.56,1,-1,-1,-1
114,1,914.19,483.69,95.73,111.62,1,-1,-1,-1
114,2,834.92,470.77,53.53,78.06,1,-1,-1,-1
114,3,373.88,446.09,42.94,107.00,1,-1,-1,-1
114,4,560.30,431.19,130.49,378.12,1,-1,-1,-1
114,5,669.32,437.41,97.82,313.30,1,-1,-1,-1
114,8,1088.57,484.24,36.51,117.72,1,-1,-1,-1
114,9,1051.00,483.34,40.97,109.96,1,-1,-1,-1
114,10,1243.74,445.13,40.73,103.36,1,-1,-1,-1
114,11,1005.42,446.12,39.30,101.11,1,-1,-1,-1
114,18,767.46,456.50,81.16,238.89,1,-1,-1,-1
114,19,441.24,469.43,44.48,102.25,1,-1,-1,-1
114,20,501.04,466.41,34.96,105.15,1,-1,-1,-1
115,1,913.82,483.78,96.76,111.12,1,-1,-1,-1
115,2,833.86,469.99,54.63,80.40,1,-1,-1,-1
115,3,374.26,446.18,43.05,106.86,1,-1,-1,-1
115,4,559.18,432.36,132.46,377.90,1,-1,-1,-1
115,5,669.24,438.52,98.43,317.99,1,-1,-1,-1
115,8,1088.12,484.82,37.06,117.15,1,-1,-1,-1
115,9,1051.84,483.63,40.78,109.22,1,-1,-1,-1
115,10,1242.61,444.60,41.20,103.11,1,-1,-1,-1
115,11,1006.23,445.42,38.32,99.98,1,-1,-1,-1
115,18,769.91,455.92,82.45,239.67,1,-1,-1,-1
115,19,441.38,469.02,43.66,102.77,1,-1,-1,-1
115,20,501.03,465.47,35.20,107.00,1,-1,-1,-1
116,1,913.75,484.10,97.28,110.40,1,-1,-1,-1
116,2,831.21,469.39,56.15,83.41,1,-1,-1,-1
116,3,374.20,446.25,43.16,107.03,1,-1,-1,-1
116,4,560.22,438.22,130.95,374.19,1,-1,-1,-1
116,5,672.22,439.22,100.51,316.46,1,-1,-1,-1
116,8,1088.36,484.13,36.88,118.02,1,-1,-1,-1
116,9,1051.87,483.00,40.58,109.84,1,-1,-1,-1
116,10,1242.06,444.68,40.43,102.40,1,-1,-1,-1
116,11,1006.67,445.45,38.17,99.93,1,-1,-1,-1
116,18,771.35,456.79,83.95,239.90,1,-1,-1,-1
116,19,441.13,467.59,43.27,103.35,1,-1,-1,-1
116,20,500.20,466.21,35.13,106.79,1,-1,-1,-1
117,1,914.14,484.20,97.22,109.98,1,-1,-1,-1
117,2,831.19,468.90,53.31,84.73,1,-1,-1,-1
117,3,373.63,445.67,43.33,107.29,1,-1,-1,-1
117,4,556.38,443.16,134.06,377.49,1,-1,-1,-1
117,5,673.06,439.68,100.71,315.72,1,-1,-1,-1
117,8,1088.46,482.96,37.38,118.92,1,-1,-1,-1
117,9,1051.23,483.32,40.04,109.60,1,-1,-1,-1
117,10,1240.69,443.99,40.48,102.82,1,-1,-1,-1
117,11,1006.86,446.44,38.47,99.91,1,-1,-1,-1
117,18,772.62,453.14,85.60,247.46,1,-1,-1,-1
117,19,439.69,466.84,42.59,104.09,1,-1,-1,-1
117,20,498.70,466.32,36.16,107.92,1,-1,-1,-1
118,1,914.85,483.84,95.95,109.92,1,-1,-1,-1
118,2,830.54,469.00,53.31,84.73,1,-1,-1,-1
118,3,373.77,445.64,42.89,106.88,1,-1,-1,-1
118,4,556.92,445.44,131.36,379.18,1,-1,-1,-1
118,5,676.38,440.84,98.88,311.44,1,-1,-1,-1
118,8,1088.30,481.91,37.89,120.03,1,-1,-1,-1
118,9,1051.25,483.19,40.01,110.23,1,-1,-1,-1
118,10,1239.54,443.45,40.70,103.51,1,-1,-1,-1
118,11,1006.56,445.85,39.05,101.79,1,-1,-1,-1
118,18,774.30,450.81,87.21,251.34,1,-1,-1,-1
118,19,437.83,467.51,43.23,104.31,1,-1,-1,-1
118,20,498.87,466.16,36.05,107.84,1,-1,-1,-1
119,1,915.06,483.85,95.14,110.47,1,-1,-1,-1
119,2,829.89,469.10,53.31,84.73,1,-1,-1,-1
119,3,373.56,445.94,42.62,106.61,1,-1,-1,-1
119,4,561.16,439.98,130.69,380.73,1,-1,-1,-1
119,5,679.43,438.80,98.97,309.80,1,-1,-1,-1
119,8,1088.35,482.62,37.62,119.10,1,-1,-1,-1
119,9,1051.80,483.27,39.93,110.63,1,-1,-1,-1
119,10,1239.26,442.82,40.35,103.99,1,-1,-1,-1
119,11,1006.55,444.99,39.51,103.55,1,-1,-1,-1
119,18,775.11,452.58,89.37,250.82,1,-1,-1,-1
119,19,437.80,467.98,43.42,103.88,1,-1,-1,-1
119,20,497.94,466.91,35.87,106.34,1,-1,-1,-1
120,1,914.71,484.69,95.32,109.79,1,-1,-1,-1
120,2,829.24,469.20,53.31,84.73,1,-1,-1,-1
120,3,373.10,445.98,42.46,106.53,1,-1,-1,-1
120,4,561.36,435.39,132.73,382.95,1,-1,-1,-1
120,5,679.33,439.69,99.20,309.80,1,-1,-1,-1
120,8,1088.46,483.32,37.60,118.33,1,-1,-1,-1
120,9,1051.97,483.28,40.26,110.47,1,-1,-1,-1
120,10,1238.89,442.07,40.18,104.84,1,-1,-1,-1
120,11,1006.87,444.69,39.43,104.49,1,-1,-1,-1
120,18,775.91,448.83,92.26,252.28,1,-1,-1,-1
120,19,437.07,468.03,44.39,104.31,1,-1,-1,-1
120,20,497.68,467.39,35.26,105.68,1,-1,-1,-1
121,1,914.05,485.25,96.22,109.24,1,-1,-1,-1
121,3,373.51,446.34,42.28,105.95,1,-1,-1,-1
121,4,560.66,446.91,133.06,373.53,1,-1,-1,-1
121,5,678.10,441.77,100.11,310.71,1,-1,-1,-1
121,8,1088.74,482.45,37.67,119.43,1,-1,-1,-1
121,9,1051.79,483.04,40.43,110.98,1,-1,-1,-1
121,10,1238.00,442.33,40.40,105.09,1,-1,-1,-1
121,11,1006.91,444.69,39.20,104.15,1,-1,-1,-1
121,18,777.88,449.17,94.60,251.59,1,-1,-1,-1
121,19,436.02,468.95,45.31,104.30,1,-1,-1,-1
121,20,498.02,468.54,35.36,103.73,1,-1,-1,-1
122,1,914.69,485.11,95.58,109.21,1,-1,-1,-1
122,3,374.00,446.27,41.73,105.85,1,-1,-1,-1
122,4,565.10,443.61,130.78,380.23,1,-1,-1,-1
122,5,677.99,441.53,100.66,312.10,1,-1,-1,-1
122,8,1089.03,483.08,37.41,118.85,1,-1,-1,-1
122,9,1051.58,483.69,40.34,110.08,1,-1,-1,-1
122,10,1237.55,442.89,40.40,104.96,1,-1,-1,-1
122,11,1006.60,444.52,39.55,103.76,1,-1,-1,-1
122,18,780.44,451.73,95.51,251.18,1,-1,-1,-1
122,19,434.79,469.26,45.86,104.72,1,-1,-1,-1
122,20,497.84,469.42,34.83,103.43,1,-1,-1,-1
123,1,915.88,484.00,93.70,110.18,1,-1,-1,-1
123,3,374.03,446.01,41.71,106.02,1,-1,-1,-1
123,4,567.20,437.65,132.05,382.03,1,-1,-1,-1
123,5,680.83,440.57,98.80,315.67,1,-1,-1,-1
123,8,1088.73,484.65,37.40,117.06,1,-1,-1,-1
123,9,1051.91,483.96,40.03,109.47,1,-1,-1,-1
123,10,1237.09,444.57,39.42,103.66,1,-1,-1,-1
123,11,1006.44,443.75,39.44,104.21,1,-1,-1,-1
123,18,783.56,456.29,97.39,246.85,1,-1,-1,-1
123,19,434.47,469.90,45.26,104.22,1,-1,-1,-1
123,20,498.26,469.69,34.25,103.27,1,-1,-1,-1
124,1,915.61,483.57,94.47,110.62,1,-1,-1,-1
124,3,374.63,446.69,41.21,104.75,1,-1,-1,-1
124,4,565.36,439.15,135.52,388.87,1,-1,-1,-1
124,5,682.15,439.06,99.08,315.90,1,-1,-1,-1
124,8,1088.39,484.72,37.47,116.88,1,-1,-1,-1
124,9,1052.20,484.00,39.59,109.28,1,-1,-1,-1
124,10,1236.54,446.07,38.92,102.36,1,-1,-1,-1
124,11,1005.98,443.36,39.27,104.90,1,-1,-1,-1
124,18,786.09,456.65,95.72,247.45,1,-1,-1,-1
124,19,433.16,469.75,45.57,104.27,1,-1,-1,-1
124,20,497.70,470.42,34.84,103.43,1,-1,-1,-1
124,21,530.90,458.50,30.90,73.30,1,-1,-1,-1
125,1,914.98,482.54,95.47,111.58,1,-1,-1,-1
125,3,374.29,447.13,41.62,104.08,1,-1,-1,-1
125,4,566.76,440.84,136.55,393.58,1,-1,-1,-1
125,5,681.88,437.53,99.02,317.79,1,-1,-1,-1
125,8,1087.93,484.03,37.77,117.10,1,-1,-1,-1
125,9,1051.95,483.41,39.39,109.92,1,-1,-1,-1
125,10,1235.53,446.30,38.83,101.76,1,-1,-1,-1
125,11,1005.19,444.14,38.73,103.43,1,-1,-1,-1
125,18,787.06,453.62,94.80,251.40,1,-1,-1,-1
125,19,429.93,468.00,48.95,105.27,1,-1,-1,-1
125,20,497.76,469.93,34.60,105.16,1,-1,-1,-1
125,21,531.46,455.42,31.88,76.24,1,-1,-1,-1
126,1,914.75,482.24,95.77,111.46,1,-1,-1,-1
126,3,373.62,446.93,42.17,104.31,1,-1,-1,-1
126,4,570.05,447.90,136.45,381.27,1,-1,-1,-1
126,5,682.15,437.70,98.59,318.71,1,-1,-1,-1
126,8,1087.72,483.34,37.86,117.10,1,-1,-1,-1
126,9,1052.09,483.24,39.33,109.77,1,-1,-1,-1
126,10,1233.05,446.88,39.09,101.65,1,-1,-1,-1
126,11,1004.56,445.11,39.20,101.80,1,-1,-1,-1
126,18,787.54,457.66,95.08,250.84,1,-1,-1,-1
126,19,427.63,467.51,51.16,105.22,1,-1,-1,-1
126,20,497.30,469.69,34.60,105.47,1,-1,-1,-1
126,21,529.70,456.40,30.91,71.52,1,-1,-1,-1
127,1,914.63,483.36,96.14,110.72,1,-1,-1,-1
127,3,373.48,446.85,42.47,104.51,1,-1,-1,-1
127,4,571.58,445.12,134.66,387.10,1,-1,-1,-1
127,5,682.90,436.64,98.74,322.13,1,-1,-1,-1
127,8,1087.36,482.24,38.59,118.08,1,-1,-1,-1
127,9,1052.57,482.75,39.59,110.49,1,-1,-1,-1
127,10,1230.93,446.72,40.43,102.03,1,-1,-1,-1
127,11,1005.62,445.13,38.85,102.22,1,-1,-1,-1
127,18,787.60,459.75,95.79,251.44,1,-1,-1,-1
127,19,425.95,466.60,52.17,106.68,1,-1,-1,-1
127,20,496.05,469.30,34.81,106.26,1,-1,-1,-1
127,21,528.90,456.38,30.76,69.83,1,-1,-1,-1
128,1,913.11,484.19,95.83,111.19,1,-1,-1,-1
128,3,373.31,446.80,42.84,105.20,1,-1,-1,-1
128,4,570.17,440.16,137.35,390.81,1,-1,-1,-1
128,5,682.47,439.83,99.97,322.88,1,-1,-1,-1
128,8,1086.87,482.10,39.16,117.67,1,-1,-1,-1
128,9,1053.02,483.09,39.88,109.59,1,-1,-1,-1
128,10,1229.06,445.59,40.83,102.22,1,-1,-1,-1
128,11,1005.22,445.48,39.16,101.37,1,-1,-1,-1
128,18,787.48,454.12,97.27,257.01,1,-1,-1,-1
128,19,424.48,465.18,53.17,108.58,1,-1,-1,-1
128,20,495.01,468.69,35.08,106.43,1,-1,-1,-1
128,21,531.38,455.17,30.79,70.37,1,-1,-1,-1
129,1,913.04,484.54,96.09,110.71,1,-1,-1,-1
129,3,373.27,446.95,43.37,105.06,1,-1,-1,-1
129,4,569.96,438.87,140.11,391.01,1,-1,-1,-1
129,5,685.19,438.65,98.52,325.90,1,-1,-1,-1
129,8,1087.10,481.27,39.26,118.46,1,-1,-1,-1
129,9,1052.68,482.65,39.61,109.95,1,-1,-1,-1
129,10,1227.25,446.98,40.53,100.18,1,-1,-1,-1
129,11,1005.06,444.83,38.77,102.23,1,-1,-1,-1
129,18,788.51,453.55,96.94,252.87,1,-1,-1,-1
129,19,422.30,464.24,54.17,109.57,1,-1,-1,-1
129,20,493.54,468.87,35.79,105.29,1,-1,-1,-1
129,21,531.32,455.34,30.66,71.23,1,-1,-1,-1
130,1,914.31,484.41,96.59,110.35,1,-1,-1,-1
130,3,373.69,446.90,43.18,104.95,1,-1,-1,-1
130,4,572.53,439.73,137.37,392.68,1,-1,-1,-1
130,5,685.94,438.56,100.61,325.34,1,-1,-1,-1
130,8,1087.33,481.52,39.43,118.28,1,-1,-1,-1
130,9,1051.64,482.30,39.60,109.42,1,-1,-1,-1
130,10,1226.51,448.62,40.58,98.51,1,-1,-1,-1
130,11,1006.09,444.48,38.79,102.28,1,-1,-1,-1
130,18,791.80,453.34,94.18,256.67,1,-1,-1,-1
130,19,420.65,464.07,54.75,109.10,1,-1,-1,-1
130,20,492.60,469.14,36.43,105.65,1,-1,-1,-1
130,21,530.58,455.41,30.83,73.38,1,-1,-1,-1
131,1,915.05,484.07,95.90,110.39,1,-1,-1,-1
131,3,374.02,447.02,42.84,105.05,1,-1,-1,-1
131,4,571.90,441.89,142.57,395.85,1,-1,-1,-1
131,5,686.26,436.28,101.23,327.27,1,-1,-1,-1
131,8,1087.31,482.17,39.20,117.66,1,-1,-1,-1
131,9,1052.05,482.66,38.97,109.48,1,-1,-1,-1
131,10,1225.13,447.70,41.01,99.20,1,-1,-1,-1
131,11,1005.60,444.45,39.22,103.27,1,-1,-1,-1
131,18,794.17,452.55,94.26,259.91,1,-1,-1,-1
131,19,418.42,465.10,57.38,107.49,1,-1,-1,-1
131,20,492.73,468.51,36.34,106.24,1,-1,-1,-1
131,21,529.60,456.43,31.44,73.32,1,-1,-1,-1
132,1,914.96,483.24,96.18,111.66,1,-1,-1,-1
132,3,374.28,446.75,42.46,105.44,1,-1,-1,-1
132,4,572.56,443.16,142.66,399.38,1,-1,-1,-1
132,5,687.22,433.87,100.51,325.12,1,-1,-1,-1
132,8,1086.92,483.14,38.99,116.64,1,-1,-1,-1
132,9,1052.78,483.60,38.92,109.56,1,-1,-1,-1
132,10,1223.76,445.77,42.12,100.53,1,-1,-1,-1
132,11,1004.88,443.99,39.14,104.27,1,-1,-1,-1
132,18,797.23,451.14,92.54,260.81,1,-1,-1,-1
132,19,415.23,466.22,61.10,105.40,1,-1,-1,-1
132,20,491.72,468.30,36.94,106.42,1,-1,-1,-1
132,21,528.11,457.03,31.20,73.31,1,-1,-1,-1
133,1,914.52,483.73,96.33,111.27,1,-1,-1,-1
133,3,374.22,446.82,42.42,104.92,1,-1,-1,-1
133,4,575.87,436.65,141.99,403.04,1,-1,-1,-1
133,5,688.25,435.49,99.59,320.28,1,-1,-1,-1
133,8,1086.80,484.40,38.58,115.98,1,-1,-1,-1
133,9,1053.50,483.91,38.70,108.75,1,-1,-1,-1
133,10,1222.75,445.67,41.76,100.44,1,-1,-1,-1
133,11,1004.43,443.64,39.67,104.78,1,-1,-1,-1
133,18,798.19,449.32,92.51,263.04,1,-1,-1,-1
133,19,412.93,466.51,61.80,104.56,1,-1,-1,-1
133,20,490.53,468.68,38.45,108.16,1,-1,-1,-1
133,21,527.76,457.20,31.76,73.44,1,-1,-1,-1
134,1,914.08,484.20,97.08,110.45,1,-1,-1,-1
134,3,373.84,446.40,42.55,105.05,1,-1,-1,-1
134,4,574.59,437.99,145.15,401.05,1,-1,-1,-1
134,5,688.74,436.62,99.67,319.31,1,-1,-1,-1
134,8,1087.06,485.33,38.03,115.08,1,-1,-1,-1
134,9,1054.02,484.34,38.49,108.01,1,-1,-1,-1
134,10,1221.34,446.95,41.02,99.99,1,-1,-1,-1
134,11,1003.62,443.58,39.34,104.65,1,-1,-1,-1
134,18,800.20,449.28,93.41,262.10,1,-1,-1,-1
134,19,411.83,467.54,61.45,103.54,1,-1,-1,-1
134,20,490.47,468.01,38.49,106.37,1,-1,-1,-1
134,21,529.93,456.10,32.00,76.98,1,-1,-1,-1
135,1,913.63,484.45,97.30,110.42,1,-1,-1,-1
135,3,373.27,446.08,42.72,105.50,1,-1,-1,-1
135,4,574.23,448.16,141.96,391.57,1,-1,-1,-1
135,5,689.03,430.31,100.04,327.21,1,-1,-1,-1
135,8,1087.27,485.33,38.01,115.45,1,-1,-1,-1
135,9,1054.16,484.62,38.29,108.28,1,-1,-1,-1
135,10,1219.89,446.55,40.31,101.68,1,-1,-1,-1
135,11,1003.09,443.86,38.82,103.71,1,-1,-1,-1
135,18,803.41,448.58,91.44,263.43,1,-1,-1,-1
135,19,410.65,468.58,62.05,102.53,1,-1,-1,-1
135,20,488.84,467.15,38.78,104.71,1,-1,-1,-1
135,21,530.38,456.51,31.37,75.87,1,-1,-1,-1
136,1,914.20,484.90,95.69,109.77,1,-1,-1,-1
136,3,373.17,446.95,42.92,105.08,1,-1,-1,-1
136,4,574.58,448.10,141.01,395.02,1,-1,-1,-1
136,5,689.55,434.92,101.06,320.48,1,-1,-1,-1
136,8,1087.52,485.10,38.28,116.11,1,-1,-1,-1
136,9,1053.35,484.16,37.81,109.00,1,-1,-1,-1
136,10,1219.18,446.52,39.53,101.76,1,-1,-1,-1
136,11,1002.87,444.07,38.53,103.07,1,-1,-1,-1
136,18,805.66,448.52,90.22,264.25,1,-1,-1,-1
136,19,409.98,468.37,62.01,103.14,1,-1,-1,-1
136,20,487.18,467.64,39.70,104.21,1,-1,-1,-1
136,21,529.90,455.79,31.11,76.31,1,-1,-1,-1
137,1,913.67,484.72,96.82,110.14,1,-1,-1,-1
137,3,373.32,446.40,42.91,105.30,1,-1,-1,-1
137,4,573.69,447.52,144.01,399.49,1,-1,-1,-1
137,5,690.63,435.56,101.72,325.89,1,-1,-1,-1
137,8,1088.23,485.06,38.01,115.96,1,-1,-1,-1
137,9,1051.49,483.37,38.78,110.05,1,-1,-1,-1
137,10,1218.09,445.72,39.93,102.49,1,-1,-1,-1
137,11,1003.06,444.06,38.44,103.16,1,-1,-1,-1
137,18,807.82,452.26,88.67,262.32,1,-1,-1,-1
137,19,409.15,466.97,62.07,103.95,1,-1,-1,-1
137,20,486.17,467.65,40.68,106.23,1,-1,-1,-1
137,21,530.73,454.90,29.70,75.60,1,-1,-1,-1
138,1,912.81,484.20,98.00,110.67,1,-1,-1,-1
138,3,373.43,445.24,42.76,106.49,1,-1,-1,-1
138,4,572.27,447.33,147.36,404.54,1,-1,-1,-1
138,5,692.27,434.82,103.46,328.91,1,-1,-1,-1
138,8,1088.33,484.76,38.07,115.78,1,-1,-1,-1
138,9,1052.63,482.56,38.02,110.36,1,-1,-1,-1
138,10,1216.72,444.87,40.82,103.41,1,-1,-1,-1
138,11,1002.68,443.76,38.69,102.98,1,-1,-1,-1
138,18,809.96,451.64,87.50,265.04,1,-1,-1,-1
138,19,407.03,466.98,63.56,103.85,1,-1,-1,-1
138,20,485.42,467.53,40.06,106.70,1,-1,-1,-1
138,21,531.13,453.07,28.58,75.67,1,-1,-1,-1
139,1,913.41,483.70,97.23,110.76,1,-1,-1,-1
139,3,373.44,445.80,42.65,105.31,1,-1,-1,-1
139,4,568.51,440.82,152.50,414.45,1,-1,-1,-1
139,5,695.82,432.95,104.26,331.77,1,-1,-1,-1
139,8,1088.11,485.86,38.16,114.81,1,-1,-1,-1
139,9,1053.46,482.98,37.73,109.62,1,-1,-1,-1
139,10,1216.22,445.10,40.81,103.61,1,-1,-1,-1
139,11,1002.49,442.90,38.56,103.55,1,-1,-1,-1
139,18,813.37,450.58,87.92,264.10,1,-1,-1,-1
139,19,407.29,468.50,63.59,103.18,1,-1,-1,-1
139,20,485.17,467.52,39.95,106.70,1,-1,-1,-1
139,21,531.66,454.27,29.29,72.68,1,-1,-1,-1
140,1,913.97,483.84,96.44,110.51,1,-1,-1,-1
140,3,374.00,445.85,42.05,105.09,1,-1,-1,-1
140,4,568.63,442.39,150.26,412.32,1,-1,-1,-1
140,5,697.26,434.24,108.14,331.86,1,-1,-1,-1
140,8,1088.05,487.21,37.84,113.68,1,-1,-1,-1
140,9,1052.19,484.29,39.04,108.98,1,-1,-1,-1
140,10,1214.64,445.42,40.87,103.95,1,-1,-1,-1
140,11,1002.74,443.28,38.66,103.66,1,-1,-1,-1
140,18,815.92,449.62,88.12,262.91,1,-1,-1,-1
140,19,407.08,467.36,63.18,103.55,1,-1,-1,-1
140,20,484.43,467.50,40.75,107.40,1,-1,-1,-1
140,21,532.63,453.89,28.95,74.44,1,-1,-1,-1
141,1,912.67,483.21,97.67,111.48,1,-1,-1,-1
141,3,374.08,446.06,42.58,105.45,1,-1,-1,-1
141,4,567.61,440.39,153.79,423.08,1,-1,-1,-1
141,5,698.38,434.95,112.10,331.82,1,-1,-1,-1
141,8,1087.56,487.47,37.95,113.14,1,-1,-1,-1
141,9,1052.78,484.68,39.57,108.71,1,-1,-1,-1
141,10,1212.87,446.15,40.68,103.57,1,-1,-1,-1
141,11,1002.99,443.25,38.41,103.48,1,-1,-1,-1
141,18,816.75,449.02,89.29,265.70,1,-1,-1,-1
141,19,405.77,466.46,62.84,103.72,1,-1,-1,-1
141,20,482.71,467.97,41.28,106.28,1,-1,-1,-1
141,21,532.94,455.04,29.05,72.24,1,-1,-1,-1
142,1,912.68,482.61,97.69,112.47,1,-1,-1,-1
142,3,373.77,446.35,42.87,105.34,1,-1,-1,-1
142,4,569.48,443.88,149.74,417.36,1,-1,-1,-1
142,5,698.81,436.44,118.68,334.26,1,-1,-1,-1
142,8,1087.83,487.09,38.06,113.67,1,-1,-1,-1
142,9,1053.31,484.37,39.73,108.91,1,-1,-1,-1
142,10,1211.79,445.93,40.27,103.24,1,-1,-1,-1
142,11,1003.48,443.16,37.98,103.21,1,-1,-1,-1
142,18,816.48,449.53,91.05,271.65,1,-1,-1,-1
142,19,405.40,466.49,61.27,104.13,1,-1,-1,-1
142,20,481.51,466.67,41.92,107.20,1,-1,-1,-1
142,21,528.85,457.95,29.51,70.46,1,-1,-1,-1
143,1,916.71,482.56,92.03,112.98,1,-1,-1,-1
143,3,372.96,445.21,43.03,106.50,1,-1,-1,-1
143,4,568.09,439.59,151.81,425.23,1,-1,-1,-1
143,5,698.85,436.54,121.35,330.51,1,-1,-1,-1
143,8,1087.79,486.23,38.30,113.27,1,-1,-1,-1
143,9,1052.30,484.11,39.78,108.69,1,-1,-1,-1
143,10,1210.19,445.16,40.43,103.77,1,-1,-1,-1
143,11,1003.01,443.96,38.20,101.73,1,-1,-1,-1
143,18,818.03,449.35,89.75,269.24,1,-1,-1,-1
143,19,403.52,466.10,62.06,105.16,1,-1,-1,-1
143,20,481.16,465.85,42.12,107.55,1,-1,-1,-1
143,21,529.13,457.58,27.47,71.82,1,-1,-1,-1
144,1,916.28,483.96,92.64,112.99,1,-1,-1,-1
144,3,372.59,445.12,43.85,106.57,1,-1,-1,-1
144,4,565.93,440.37,153.41,427.87,1,-1,-1,-1
144,5,699.25,436.32,125.52,326.44,1,-1,-1,-1
144,8,1087.52,486.63,38.23,112.73,1,-1,-1,-1
144,9,1051.96,483.74,39.23,108.63,1,-1,-1,-1
144,10,1209.24,447.09,39.50,101.76,1,-1,-1,-1
144,11,1002.46,444.49,38.20,101.29,1,-1,-1,-1
144,18,819.43,448.45,89.02,267.11,1,-1,-1,-1
144,19,401.76,466.18,62.79,105.40,1,-1,-1,-1
144,20,479.53,466.91,42.39,107.80,1,-1,-1,-1
144,21,521.06,460.33,29.38,72.51,1,-1,-1,-1
144,22,1114.70,449.00,39.00,96.60,1,-1,-1,-1
145,1,915.31,484.49,93.10,113.91,1,-1,-1,-1
145,3,372.93,445.26,43.88,107.08,1,-1,-1,-1
145,4,564.90,439.09,149.97,430.27,1,-1,-1,-1
145,5,702.01,438.41,127.88,324.73,1,-1,-1,-1
145,8,1087.58,486.97,38.14,112.57,1,-1,-1,-1
145,9,1052.56,483.65,39.63,109.17,1,-1,-1,-1
145,10,1208.25,447.58,38.73,102.21,1,-1,-1,-1
145,11,1002.55,444.82,38.06,100.95,1,-1,-1,-1
145,18,820.45,447.86,89.84,273.54,1,-1,-1,-1
145,19,401.94,465.86,61.47,106.10,1,-1,-1,-1
145,20,477.84,467.22,42.61,109.06,1,-1,-1,-1
145,21,516.21,461.25,29.11,72.29,1,-1,-1,-1
145,22,1115.33,450.12,40.33,94.15,1,-1,-1,-1
146,1,916.67,486.54,89.04,112.22,1,-1,-1,-1
146,3,372.93,445.65,43.62,105.90,1,-1,-1,-1
146,4,564.67,437.71,148.45,433.23,1,-1,-1,-1
146,5,705.36,437.30,129.30,333.32,1,-1,-1,-1
146,8,1087.93,486.19,37.76,113.22,1,-1,-1,-1
146,9,1053.48,483.99,38.77,109.96,1,-1,-1,-1
146,10,1207.58,446.73,37.87,102.34,1,-1,-1,-1
146,11,1002.48,444.31,38.09,102.87,1,-1,-1,-1
146,18,823.93,449.51,87.78,273.86,1,-1,-1,-1
146,19,401.25,465.20,62.05,106.24,1,-1,-1,-1
146,20,476.91,466.89,42.60,109.65,1,-1,-1,-1
146,21,517.51,457.51,30.08,75.45,1,-1,-1,-1
146,22,1116.77,449.15,40.24,94.25,1,-1,-1,-1
147,1,921.99,487.21,78.09,117.25,1,-1,-1,-1
147,3,372.63,445.75,43.32,105.76,1,-1,-1,-1
147,4,564.05,439.34,148.63,434.68,1,-1,-1,-1
147,5,708.65,438.34,130.21,331.07,1,-1,-1,-1
147,8,1088.47,485.39,37.51,114.05,1,-1,-1,-1
147,9,1051.40,483.94,40.26,110.13,1,-1,-1,-1
147,10,1207.09,445.64,37.75,102.73,1,-1,-1,-1
147,11,1002.35,444.31,37.96,102.33,1,-1,-1,-1
147,18,826.09,449.36,87.94,276.48,1,-1,-1,-1
147,19,401.30,464.74,62.36,106.98,1,-1,-1,-1
147,20,476.70,464.36,41.69,111.29,1,-1,-1,-1
147,21,513.31,457.00,31.85,82.13,1,-1,-1,-1
147,22,1120.63,450.02,37.41,93.24,1,-1,-1,-1
148,1,897.98,469.88,71.45,183.01,1,-1,-1,-1
148,3,372.69,445.86,42.68,105.93,1,-1,-1,-1
148,4,560.08,434.89,150.36,444.91,1,-1,-1,-1
148,5,709.86,434.85,130.20,333.68,1,-1,-1,-1
148,8,1088.68,483.84,37.92,115.27,1,-1,-1,-1
148,9,1051.71,483.85,39.24,109.55,1,-1,-1,-1
148,10,1205.42,445.27,38.00,103.13,1,-1,-1,-1
148,11,1002.14,443.48,38.06,101.54,1,-1,-1,-1
148,18,827.44,451.01,89.03,276.84,1,-1,-1,-1
148,19,402.38,464.79,62.11,107.90,1,-1,-1,-1
148,20,475.65,462.10,42.05,113.26,1,-1,-1,-1
148,21,506.72,455.94,33.21,95.27,1,-1,-1,-1
148,22,1124.57,452.37,35.37,92.37,1,-1,-1,-1
149,1,875.68,468.52,76.38,203.72,1,-1,-1,-1
149,3,372.59,445.48,43.25,106.96,1,-1,-1,-1
149,4,557.71,436.19,148.92,446.37,1,-1,-1,-1
149,5,711.66,434.80,128.66,337.82,1,-1,-1,-1
149,8,1088.24,482.94,38.68,115.85,1,-1,-1,-1
149,9,1051.82,484.08,39.84,109.37,1,-1,-1,-1
149,10,1203.06,445.40,38.21,102.76,1,-1,-1,-1
149,11,1002.19,443.55,38.37,100.67,1,-1,-1,-1
149,18,828.64,453.69,90.55,270.16,1,-1,-1,-1
149,19,402.35,465.14,61.96,108.04,1,-1,-1,-1
149,20,474.40,462.69,42.08,112.52,1,-1,-1,-1
149,21,502.50,456.87,34.88,101.87,1,-1,-1,-1
149,22,1126.16,454.52,35.25,90.15,1,-1,-1,-1
150,1,884.12,458.07,76.40,216.52,1,-1,-1,-1
150,3,372.47,445.90,43.85,106.78,1,-1,-1,-1
150,4,553.79,436.01,150.73,449.89,1,-1,-1,-1
150,5,712.48,436.59,125.75,333.82,1,-1,-1,-1
150,8,1088.70,481.94,38.34,117.43,1,-1,-1,-1
150,9,1051.77,483.80,39.88,110.09,1,-1,-1,-1
150,10,1201.86,445.57,38.20,102.58,1,-1,-1,-1
150,11,1001.90,443.82,38.04,99.78,1,-1,-1,-1
150,18,831.78,451.62,88.20,276.98,1,-1,-1,-1
150,19,401.48,465.89,62.20,106.26,1,-1,-1,-1
150,20,474.23,463.80,40.56,111.25,1,-1,-1,-1
150,21,503.06,457.01,35.95,105.60,1,-1,-1,-1
150,22,1126.44,454.69,34.59,91.17,1,-1,-1,-1
151,1,891.90,455.24,72.48,214.76,1,-1,-1,-1
151,3,372.20,446.08,44.16,106.51,1,-1,-1,-1
151,4,550.47,434.36,153.23,451.86,1,-1,-1,-1
151,5,714.52,437.37,123.19,335.14,1,-1,-1,-1
151,8,1088.63,481.71,38.45,118.46,1,-1,-1,-1
151,9,1051.88,483.65,39.68,110.80,1,-1,-1,-1
151,10,1201.52,446.75,37.50,101.33,1,-1,-1,-1
151,11,1001.67,442.51,38.43,102.24,1,-1,-1,-1
151,18,832.82,452.17,88.90,280.84,1,-1,-1,-1
151,19,400.96,466.24,62.90,105.73,1,-1,-1,-1
151,20,473.66,465.37,40.38,110.30,1,-1,-1,-1
151,21,503.42,456.48,36.12,107.70,1,-1,-1,-1
151,22,1126.95,455.60,34.18,90.35,1,-1,-1,-1
152,1,889.94,444.59,75.99,220.18,1,-1,-1,-1
152,3,372.39,446.12,44.82,106.01,1,-1,-1,-1
152,4,549.26,434.09,154.89,454.41,1,-1,-1,-1
152,5,719.06,440.45,118.79,329.02,1,-1,-1,-1
152,8,1088.44,480.35,38.70,119.68,1,-1,-1,-1
152,9,1052.17,483.37,39.77,111.64,1,-1,-1,-1
152,10,1199.18,446.63,38.48,101.24,1,-1,-1,-1
152,11,1002.13,442.45,38.69,103.96,1,-1,-1,-1
152,18,831.66,454.53,91.49,278.15,1,-1,-1,-1
152,19,399.14,467.09,65.14,105.15,1,-1,-1,-1
152,20,473.93,466.14,39.34,110.51,1,-1,-1,-1
152,21,501.92,454.85,36.46,110.22,1,-1,-1,-1
152,22,1127.53,456.18,33.84,89.61,1,-1,-1,-1
153,1,890.32,439.18,74.81,228.38,1,-1,-1,-1
153,3,372.84,446.15,44.53,105.44,1,-1,-1,-1
153,4,545.86,433.46,156.51,457.27,1,-1,-1,-1
153,5,720.75,438.91,119.08,330.20,1,-1,-1,-1
153,8,1088.48,480.72,39.33,118.78,1,-1,-1,-1
153,9,1052.05,483.03,40.21,111.33,1,-1,-1,-1
153,10,1197.26,446.54,39.19,101.28,1,-1,-1,-1
153,11,1002.42,442.29,38.28,105.25,1,-1,-1,-1
153,18,834.15,451.33,88.84,281.62,1,-1,-1,-1
153,19,398.39,468.31,64.90,104.55,1,-1,-1,-1
153,20,473.43,467.33,39.66,109.73,1,-1,-1,-1
153,21,499.82,454.71,33.76,108.04,1,-1,-1,-1
153,22,1127.54,456.72,33.88,89.81,1,-1,-1,-1
154,1,891.83,440.21,75.85,233.01,1,-1,-1,-1
154,3,372.50,446.30,44.37,105.20,1,-1,-1,-1
154,4,543.22,430.79,158.32,458.06,1,-1,-1,-1
154,5,722.47,437.33,120.28,335.03,1,-1,-1,-1
154,8,1087.96,482.13,39.73,117.81,1,-1,-1,-1
154,9,1051.55,482.76,40.34,111.24,1,-1,-1,-1
154,10,1196.25,447.52,39.34,100.59,1,-1,-1,-1
154,11,1002.31,442.84,38.22,104.30,1,-1,-1,-1
154,18,833.46,447.38,89.79,287.27,1,-1,-1,-1
154,19,398.85,468.66,64.55,104.38,1,-1,-1,-1
154,20,472.26,467.40,40.11,110.69,1,-1,-1,-1
154,21,499.26,454.37,30.64,101.43,1,-1,-1,-1
154,22,1128.53,457.86,34.10,88.19,1,-1,-1,-1
155,1,896.50,438.35,73.23,236.92,1,-1,-1,-1
155,3,372.10,446.24,44.81,105.62,1,-1,-1,-1
155,4,541.95,428.06,159.92,460.19,1,-1,-1,-1
155,5,723.79,435.52,120.43,339.21,1,-1,-1,-1
155,8,1087.92,482.55,39.50,117.38,1,-1,-1,-1
155,9,1051.59,483.00,40.17,111.28,1,-1,-1,-1
155,10,1194.93,448.12,39.31,99.90,1,-1,-1,-1
155,11,1002.16,442.85,38.77,104.79,1,-1,-1,-1
155,18,836.22,447.45,84.97,287.99,1,-1,-1,-1
155,19,399.01,468.08,63.82,105.02,1,-1,-1,-1
155,20,471.34,466.70,40.03,112.17,1,-1,-1,-1
155,21,500.95,454.32,29.70,96.37,1,-1,-1,-1
155,22,1129.34,456.00,34.17,90.51,1,-1,-1,-1
156,1,899.03,439.85,74.40,239.36,1,-1,-1,-1
156,3,371.43,446.55,45.22,105.12,1,-1,-1,-1
156,4,540.73,429.22,159.13,460.06,1,-1,-1,-1
156,5,725.89,436.06,118.73,338.92,1,-1,-1,-1
156,8,1088.23,481.94,38.94,117.82,1,-1,-1,-1
156,9,1052.03,483.00,41.10,112.41,1,-1,-1,-1
156,10,1193.03,448.01,40.00,99.97,1,-1,-1,-1
156,11,1001.75,443.07,38.44,103.54,1,-1,-1,-1
156,18,837.75,444.82,84.57,290.87,1,-1,-1,-1
156,19,399.06,468.01,62.89,105.78,1,-1,-1,-1
156,20,470.81,465.70,39.03,114.22,1,-1,-1,-1
156,21,500.99,455.18,28.09,93.38,1,-1,-1,-1
156,22,1129.04,454.71,33.28,92.11,1,-1,-1,-1
157,1,902.48,440.81,72.37,243.45,1,-1,-1,-1
157,3,371.09,446.14,45.14,105.73,1,-1,-1,-1
157,4,540.24,430.37,160.02,459.18,1,-1,-1,-1
157,5,727.83,435.06,118.64,341.99,1,-1,-1,-1
157,8,1088.09,482.22,38.84,117.31,1,-1,-1,-1
157,9,1052.16,483.95,40.54,111.42,1,-1,-1,-1
157,10,1191.34,447.55,40.07,100.20,1,-1,-1,-1
157,11,1000.67,443.19,38.48,102.95,1,-1,-1,-1
157,18,840.15,445.32,83.19,288.58,1,-1,-1,-1
157,19,399.44,468.58,62.27,105.02,1,-1,-1,-1
157,20,470.44,465.01,38.24,114.21,1,-1,-1,-1
157,21,499.74,454.73,26.00,91.15,1,-1,-1,-1
157,22,1128.18,451.89,34.90,93.29,1,-1,-1,-1
158,1,905.81,439.54,76.45,246.00,1,-1,-1,-1
158,3,371.19,445.55,44.83,106.76,1,-1,-1,-1
158,4,541.11,430.90,159.45,457.79,1,-1,-1,-1
158,5,730.93,434.86,118.26,342.63,1,-1,-1,-1
158,8,1087.49,482.65,39.30,116.95,1,-1,-1,-1
158,9,1051.58,483.85,39.95,110.92,1,-1,-1,-1
158,10,1190.13,446.22,40.44,101.81,1,-1,-1,-1
158,11,1000.58,443.69,38.49,103.48,1,-1,-1,-1
158,18,843.09,446.06,83.48,287.26,1,-1,-1,-1
158,19,399.82,468.35,61.73,105.22,1,-1,-1,-1
158,20,470.70,464.65,37.37,113.08,1,-1,-1,-1
158,21,503.61,452.59,24.81,89.37,1,-1,-1,-1
158,22,1129.39,450.98,35.46,93.93,1,-1,-1,-1
159,1,910.16,438.98,79.22,244.81,1,-1,-1,-1
159,3,371.45,446.38,44.53,105.04,1,-1,-1,-1
159,4,540.24,430.57,160.74,458.71,1,-1,-1,-1
159,5,733.32,434.34,119.41,343.38,1,-1,-1,-1
159,8,1087.71,483.83,39.16,115.94,1,-1,-1,-1
159,9,1052.16,483.30,39.43,110.70,1,-1,-1,-1
159,10,1188.90,445.29,40.06,101.52,1,-1,-1,-1
159,11,1000.27,444.15,38.15,103.28,1,-1,-1,-1
159,18,844.24,447.09,83.56,287.29,1,-1,-1,-1
159,19,399.57,468.88,61.64,105.00,1,-1,-1,-1
159,20,471.60,465.69,35.71,111.62,1,-1,-1,-1
159,21,508.71,449.49,24.81,89.37,1,-1,-1,-1
159,22,1130.47,453.54,35.07,91.88,1,-1,-1,-1
160,1,912.81,439.25,80.11,244.66,1,-1,-1,-1
160,3,371.53,446.14,44.23,104.94,1,-1,-1,-1
160,4,537.61,428.97,163.86,460.17,1,-1,-1,-1
160,5,736.93,434.62,116.25,342.97,1,-1,-1,-1
160,8,1087.85,484.43,38.98,115.70,1,-1,-1,-1
160,9,1053.09,482.68,38.71,110.98,1,-1,-1,-1
160,10,1186.71,444.92,39.95,100.88,1,-1,-1,-1
160,11,999.80,443.68,37.83,102.45,1,-1,-1,-1
160,18,843.97,447.06,87.44,288.63,1,-1,-1,-1
160,19,399.43,469.07,62.59,105.35,1,-1,-1,-1
160,20,470.44,466.54,35.63,111.26,1,-1,-1,-1
160,21,513.81,446.39,24.81,89.37,1,-1,-1,-1
160,22,1133.02,452.86,33.62,92.59,1,-1,-1,-1
161,1,914.81,442.57,82.06,245.46,1,-1,-1,-1
161,3,371.64,446.37,44.07,104.28,1,-1,-1,-1
161,4,536.16,428.01,164.73,461.87,1,-1,-1,-1
161,5,739.86,434.90,114.19,340.75,1,-1,-1,-1
161,8,1087.91,484.51,38.85,115.63,1,-1,-1,-1
161,9,1053.15,482.00,38.77,111.90,1,-1,-1,-1
161,10,1185.79,445.69,39.35,100.33,1,-1,-1,-1
161,11,999.86,443.87,37.53,100.60,1,-1,-1,-1
161,18,845.49,446.59,89.72,291.27,1,-1,-1,-1
161,19,399.61,468.08,63.02,105.73,1,-1,-1,-1
161,20,469.42,465.75,35.54,111.43,1,-1,-1,-1
161,21,518.91,443.29,24.81,89.37,1,-1,-1,-1
161,22,1134.75,451.15,33.75,94.21,1,-1,-1,-1
162,1,917.01,446.05,82.30,247.10,1,-1,-1,-1
162,3,371.76,446.55,44.16,104.71,1,-1,-1,-1
162,4,534.68,425.69,168.70,467.42,1,-1,-1,-1
162,5,742.90,434.75,112.24,342.96,1,-1,-1,-1
162,8,1088.08,484.55,38.89,115.68,1,-1,-1,-1
162,9,1052.94,482.39,38.86,112.32,1,-1,-1,-1
162,10,1184.33,446.35,39.39,100.87,1,-1,-1,-1
162,11,1000.05,442.98,37.93,103.47,1,-1,-1,-1
162,18,848.68,450.54,90.76,286.11,1,-1,-1,-1
162,19,399.96,467.05,62.03,105.57,1,-1,-1,-1
162,20,469.92,463.63,35.30,112.11,1,-1,-1,-1
162,22,1136.39,450.70,33.08,94.97,1,-1,-1,-1
163,1,915.98,448.31,83.91,249.76,1,-1,-1,-1
163,3,372.21,446.86,43.56,104.35,1,-1,-1,-1
163,4,537.69,424.97,173.95,468.60,1,-1,-1,-1
163,5,746.59,434.83,111.51,343.62,1,-1,-1,-1
163,8,1087.66,484.19,39.25,116.11,1,-1,-1,-1
163,9,1052.34,482.57,39.03,112.73,1,-1,-1,-1
163,10,1182.54,446.00,40.52,102.57,1,-1,-1,-1
163,11,999.69,442.87,38.40,105.52,1,-1,-1,-1
163,18,850.91,452.77,94.36,282.95,1,-1,-1,-1
163,19,400.37,466.19,62.08,106.08,1,-1,-1,-1
163,20,469.63,464.38,35.02,109.65,1,-1,-1,-1
163,22,1139.46,451.70,31.70,93.73,1,-1,-1,-1
164,1,910.85,446.56,84.88,259.45,1,-1,-1,-1
164,3,372.35,446.84,43.45,104.11,1,-1,-1,-1
164,4,539.08,421.41,179.58,472.52,1,-1,-1,-1
164,5,750.99,434.70,112.48,343.47,1,-1,-1,-1
164,8,1087.96,483.57,39.70,117.15,1,-1,-1,-1
164,9,1051.68,482.21,39.71,112.64,1,-1,-1,-1
164,10,1182.22,447.39,40.15,100.98,1,-1,-1,-1
164,11,999.78,441.90,37.77,106.35,1,-1,-1,-1
164,18,852.44,449.30,100.55,287.61,1,-1,-1,-1
164,19,400.70,466.36,61.95,105.81,1,-1,-1,-1
164,20,469.74,465.18,34.38,108.78,1,-1,-1,-1
164,22,1141.27,452.93,30.79,91.26,1,-1,-1,-1
165,1,915.61,451.23,78.59,244.22,1,-1,-1,-1
165,3,372.72,446.53,42.92,105.01,1,-1,-1,-1
165,4,538.95,419.89,185.83,475.80,1,-1,-1,-1
165,5,753.19,440.47,112.35,337.68,1,-1,-1,-1
165,8,1088.27,483.76,39.49,117.05,1,-1,-1,-1
165,9,1050.66,482.31,40.82,112.33,1,-1,-1,-1
165,10,1181.66,448.16,40.26,99.94,1,-1,-1,-1
165,11,1000.22,441.62,37.16,106.52,1,-1,-1,-1
165,18,856.96,447.61,105.69,286.06,1,-1,-1,-1
165,19,402.24,467.26,60.03,104.75,1,-1,-1,-1
165,20,469.62,465.79,35.51,107.88,1,-1,-1,-1
165,22,1140.51,452.74,31.57,93.04,1,-1,-1,-1
166,1,922.41,446.18,78.59,244.22,1,-1,-1,-1
166,3,372.57,446.22,42.84,104.93,1,-1,-1,-1
166,4,539.19,423.03,191.76,476.22,1,-1,-1,-1
166,5,753.59,442.36,113.23,338.11,1,-1,-1,-1
166,8,1087.88,484.51,39.29,116.24,1,-1,-1,-1
166,9,1050.71,482.71,40.39,111.68,1,-1,-1,-1
166,10,1180.25,447.29,40.57,100.68,1,-1,-1,-1
166,11,1000.25,443.09,37.82,104.55,1,-1,-1,-1
166,18,859.23,448.50,112.42,286.86,1,-1,-1,-1
166,19,403.41,467.03,59.17,105.00,1,-1,-1,-1
166,20,470.14,466.57,35.01,107.26,1,-1,-1,-1
166,22,1141.80,453.67,32.01,91.68,1,-1,-1,-1
167,1,929.21,441.13,78.59,244.22,1,-1,-1,-1
167,3,372.25,445.87,42.74,104.91,1,-1,-1,-1
167,4,537.70,422.02,197.88,479.01,1,-1,-1,-1
167,5,756.38,439.00,112.65,340.97,1,-1,-1,-1
167,8,1088.11,484.72,38.95,115.93,1,-1,-1,-1
167,9,1051.23,482.53,40.26,111.97,1,-1,-1,-1
167,10,1178.56,446.77,41.15,102.37,1,-1,-1,-1
167,11,999.27,443.57,38.65,105.56,1,-1,-1,-1
167,18,861.66,447.06,115.84,291.79,1,-1,-1,-1
167,19,403.87,466.82,58.91,104.86,1,-1,-1,-1
167,20,470.13,466.73,34.86,107.71,1,-1,-1,-1
167,22,1141.92,452.93,32.21,92.11,1,-1,-1,-1
168,1,936.01,436.08,78.59,244.22,1,-1,-1,-1
168,3,372.52,445.75,42.64,104.90,1,-1,-1,-1
168,4,539.67,421.17,201.88,479.07,1,-1,-1,-1
168,5,756.54,437.86,114.92,345.68,1,-1,-1,-1
168,8,1088.51,484.20,38.84,115.91,1,-1,-1,-1
168,9,1051.69,483.02,40.43,111.08,1,-1,-1,-1
168,10,1178.05,448.28,41.05,101.41,1,-1,-1,-1
168,11,998.43,443.01,38.40,106.15,1,-1,-1,-1
168,18,863.62,444.92,123.51,293.69,1,-1,-1,-1
168,19,404.71,467.07,57.50,104.61,1,-1,-1,-1
168,20,470.16,466.78,34.89,108.33,1,-1,-1,-1
168,22,1141.69,450.33,33.60,96.65,1,-1,-1,-1
169,3,372.54,445.56,42.96,105.04,1,-1,-1,-1
169,4,538.93,420.44,209.03,479.58,1,-1,-1,-1
169,5,757.59,441.62,114.14,347.23,1,-1,-1,-1
169,8,1089.01,483.66,38.46,116.25,1,-1,-1,-1
169,9,1052.03,482.02,40.13,111.23,1,-1,-1,-1
169,10,1176.79,448.62,40.38,101.12,1,-1,-1,-1
169,11,997.46,441.57,38.40,105.90,1,-1,-1,-1
169,18,867.02,444.86,126.02,293.28,1,-1,-1,-1
169,19,405.56,467.14,56.17,104.32,1,-1,-1,-1
169,20,471.20,466.16,34.34,108.24,1,-1,-1,-1
169,22,1144.95,451.46,33.18,94.17,1,-1,-1,-1
170,3,372.22,445.45,43.13,105.01,1,-1,-1,-1
170,4,536.22,425.60,217.76,473.01,1,-1,-1,-1
170,5,758.39,440.02,117.19,350.78,1,-1,-1,-1
170,8,1088.94,484.44,38.28,115.52,1,-1,-1,-1
170,9,1051.96,480.99,39.62,111.49,1,-1,-1,-1
170,10,1174.47,449.04,40.89,99.50,1,-1,-1,-1
170,11,995.54,441.49,40.01,106.04,1,-1,-1,-1
170,18,869.26,445.67,125.66,295.25,1,-1,-1,-1
170,19,405.48,467.81,56.40,103.33,1,-1,-1,-1
170,20,470.04,466.67,34.66,107.16,1,-1,-1,-1
170,22,1146.69,452.55,33.61,92.72,1,-1,-1,-1
170,23,503.20,457.70,30.20,99.40,1,-1,-1,-1
171,3,371.85,445.62,43.39,104.58,1,-1,-1,-1
171,4,536.09,425.07,221.29,475.59,1,-1,-1,-1
171,5,761.67,436.74,117.83,355.41,1,-1,-1,-1
171,8,1088.60,484.77,38.15,115.08,1,-1,-1,-1
171,9,1051.93,481.94,38.84,110.59,1,-1,-1,-1
171,10,1172.40,449.02,41.32,98.38,1,-1,-1,-1
171,11,994.79,441.84,40.01,106.04,1,-1,-1,-1
171,18,869.57,446.40,125.69,296.06,1,-1,-1,-1
171,19,405.73,468.50,55.91,102.47,1,-1,-1,-1
171,20,468.87,466.98,34.48,106.84,1,-1,-1,-1
171,22,1149.18,453.13,33.18,91.59,1,-1,-1,-1
171,23,505.72,456.72,32.86,105.84,1,-1,-1,-1
172,3,371.91,445.64,43.40,105.23,1,-1,-1,-1
172,4,535.84,426.60,221.72,475.32,1,-1,-1,-1
172,5,762.53,435.24,120.26,357.50,1,-1,-1,-1
172,8,1088.31,485.00,37.84,114.40,1,-1,-1,-1
172,9,1051.70,481.63,38.67,111.30,1,-1,-1,-1
172,10,1169.91,449.37,42.21,97.55,1,-1,-1,-1
172,11,994.04,442.19,40.01,106.04,1,-1,-1,-1
172,18,871.54,449.38,124.93,292.52,1,-1,-1,-1
172,19,407.17,468.01,54.50,102.84,1,-1,-1,-1
172,20,467.71,465.03,34.84,108.56,1,-1,-1,-1
172,22,1150.52,452.46,33.20,92.93,1,-1,-1,-1
172,23,509.18,457.04,34.78,108.61,1,-1,-1,-1
173,3,371.39,445.86,43.96,105.70,1,-1,-1,-1
173,4,540.01,423.09,220.09,482.66,1,-1,-1,-1
173,5,764.52,433.16,119.52,358.69,1,-1,-1,-1
173,8,1088.29,484.68,37.32,114.68,1,-1,-1,-1
173,9,1052.64,481.22,37.99,110.95,1,-1,-1,-1
173,10,1168.69,449.78,41.57,97.87,1,-1,-1,-1
173,11,961.45,438.24,70.03,201.56,1,-1,-1,-1
173,18,875.41,450.35,122.95,292.72,1,-1,-1,-1
173,19,408.93,468.53,52.68,103.09,1,-1,-1,-1
173,20,467.01,463.97,34.67,110.62,1,-1,-1,-1
173,22,1148.81,453.21,33.34,92.84,1,-1,-1,-1
173,23,508.97,455.57,35.98,110.14,1,-1,-1,-1
174,3,371.11,446.01,44.13,106.05,1,-1,-1,-1
174,4,546.96,423.03,216.39,483.46,1,-1,-1,-1
174,5,767.69,435.18,119.65,359.68,1,-1,-1,-1
174,8,1087.71,484.59,38.22,114.69,1,-1,-1,-1
174,9,1053.36,481.26,37.51,111.82,1,-1,-1,-1
174,10,1165.98,449.70,42.71,97.19,1,-1,-1,-1
174,11,952.65,459.18,70.03,201.56,1,-1,-1,-1
174,18,880.49,446.27,120.46,294.94,1,-1,-1,-1
174,19,409.72,469.22,52.06,103.24,1,-1,-1,-1
174,20,467.32,463.44,34.76,110.75,1,-1,-1,-1
174,22,1139.55,453.01,40.66,91.69,1,-1,-1,-1
174,23,507.12,454.35,36.70,111.37,1,-1,-1,-1
175,3,371.62,446.01,44.04,106.57,1,-1,-1,-1
175,4,551.65,428.13,212.83,479.29,1,-1,-1,-1
175,5,771.36,436.50,117.58,360.95,1,-1,-1,-1
175,8,1087.49,484.36,38.97,114.98,1,-1,-1,-1
175,9,1053.04,482.02,37.50,111.46,1,-1,-1,-1
175,10,1164.08,447.98,43.40,99.37,1,-1,-1,-1
175,11,951.86,448.39,72.81,242.12,1,-1,-1,-1
175,18,879.55,446.48,120.42,294.49,1,-1,-1,-1
175,19,409.56,468.55,51.32,103.91,1,-1,-1,-1
175,20,467.37,463.53,34.93,110.22,1,-1,-1,-1
175,22,1144.56,450.56,35.37,94.99,1,-1,-1,-1
175,23,506.28,454.07,37.89,110.55,1,-1,-1,-1
176,3,371.27,445.60,44.22,106.52,1,-1,-1,-1
176,4,559.54,426.61,206.02,479.86,1,-1,-1,-1
176,5,772.55,437.48,116.41,360.22,1,-1,-1,-1
176,8,1087.95,483.95,39.20,115.41,1,-1,-1,-1
176,9,1051.66,482.33,38.27,111.21,1,-1,-1,-1
176,10,1164.43,447.72,42.77,100.30,1,-1,-1,-1
176,11,950.25,439.77,80.99,263.81,1,-1,-1,-1
176,18,877.62,446.47,120.97,301.08,1,-1,-1,-1
176,19,409.53,468.20,51.45,104.67,1,-1,-1,-1
176,20,466.24,464.42,36.52,110.56,1,-1,-1,-1
176,22,1142.54,450.30,31.33,92.97,1,-1,-1,-1
176,23,506.77,454.22,38.25,109.96,1,-1,-1,-1
177,3,370.64,445.03,44.77,106.79,1,-1,-1,-1
177,4,564.21,425.98,204.26,479.19,1,-1,-1,-1
177,5,774.63,437.03,113.81,359.85,1,-1,-1,-1
177,8,1087.44,483.76,39.41,115.75,1,-1,-1,-1
177,9,1050.64,482.68,38.64,110.71,1,-1,-1,-1
177,10,1164.17,447.31,42.30,101.28,1,-1,-1,-1
177,11,948.54,443.10,88.28,266.39,1,-1,-1,-1
177,18,884.13,448.98,115.81,298.64,1,-1,-1,-1
177,19,410.39,468.32,50.99,105.25,1,-1,-1,-1
177,20,465.74,464.63,36.58,110.94,1,-1,-1,-1
177,22,1138.48,449.27,30.26,93.48,1,-1,-1,-1
177,23,507.03,453.86,38.21,110.27,1,-1,-1,-1
178,3,370.66,444.94,45.35,107.08,1,-1,-1,-1
178,4,564.78,426.94,201.14,483.47,1,-1,-1,-1
178,5,775.44,439.09,111.84,354.92,1,-1,-1,-1
178,8,1086.93,483.84,39.68,115.93,1,-1,-1,-1
178,9,1052.80,481.36,35.95,113.15,1,-1,-1,-1
178,10,1161.58,447.17,41.25,101.29,1,-1,-1,-1
178,11,958.40,440.12,99.21,266.54,1,-1,-1,-1
178,18,890.88,446.91,111.74,297.56,1,-1,-1,-1
178,19,408.69,468.73,50.93,104.66,1,-1,-1,-1
178,20,465.17,465.69,35.82,110.56,1,-1,-1,-1
178,22,1142.38,449.77,30.26,93.48,1,-1,-1,-1
178,23,507.27,454.25,38.55,108.68,1,-1,-1,-1
179,3,370.54,444.13,45.45,108.14,1,-1,-1,-1
179,4,568.12,427.12,196.98,484.40,1,-1,-1,-1
179,5,778.29,440.08,107.61,355.18,1,-1,-1,-1
179,8,1086.63,484.17,39.76,115.63,1,-1,-1,-1
179,9,1054.56,481.58,34.66,113.12,1,-1,-1,-1
179,10,1158.62,446.98,40.03,101.65,1,-1,-1,-1
179,11,964.13,439.47,110.75,262.87,1,-1,-1,-1
179,18,894.50,443.61,111.36,298.85,1,-1,-1,-1
179,19,407.89,469.00,50.07,104.55,1,-1,-1,-1
179,20,464.64,467.29,35.39,110.17,1,-1,-1,-1
179,22,1146.28,450.27,30.26,93.48,1,-1,-1,-1
179,23,507.19,454.68,38.80,107.92,1,-1,-1,-1
180,3,370.16,444.69,45.70,107.27,1,-1,-1,-1
180,4,571.90,427.34,197.69,481.18,1,-1,-1,-1
180,5,779.48,438.29,109.21,360.45,1,-1,-1,-1
180,8,1086.82,484.77,39.72,115.33,1,-1,-1,-1
180,9,1052.37,480.93,35.60,119.33,1,-1,-1,-1
180,10,1156.86,446.35,39.03,102.52,1,-1,-1,-1
180,11,962.43,440.51,114.64,262.68,1,-1,-1,-1
180,18,899.19,444.15,108.87,299.86,1,-1,-1,-1
180,19,407.51,469.46,50.58,104.79,1,-1,-1,-1
180,20,464.58,468.47,36.80,109.07,1,-1,-1,-1
180,22,1150.18,450.77,30.26,93.48,1,-1,-1,-1
180,23,506.96,454.83,38.38,107.21,1,-1,-1,-1
180,24,555.10,457.50,25.00,66.70,1,-1,-1,-1
181,3,370.14,444.90,45.63,107.57,1,-1,-1,-1
181,4,575.57,426.37,200.08,482.87,1,-1,-1,-1
181,5,781.42,438.44,107.66,359.85,1,-1,-1,-1
181,8,1087.31,484.49,39.57,115.52,1,-1,-1,-1
181,9,1047.68,475.16,39.59,134.71,1,-1,-1,-1
181,10,1155.44,446.03,38.94,103.35,1,-1,-1,-1
181,11,967.71,437.89,108.73,268.22,1,-1,-1,-1
181,18,904.81,446.34,106.72,299.40,1,-1,-1,-1
181,19,406.86,469.39,51.22,105.22,1,-1,-1,-1
181,20,465.14,467.98,36.38,109.58,1,-1,-1,-1
181,23,507.13,454.63,37.76,107.69,1,-1,-1,-1
181,24,556.15,456.59,25.28,68.73,1,-1,-1,-1
182,3,370.46,445.77,45.33,105.91,1,-1,-1,-1
182,4,578.34,422.62,202.19,489.33,1,-1,-1,-1
182,5,782.86,435.76,109.23,361.22,1,-1,-1,-1
182,8,1087.06,485.27,39.52,114.67,1,-1,-1,-1
182,9,1045.93,475.61,39.59,134.71,1,-1,-1,-1
182,10,1155.53,446.66,38.42,102.75,1,-1,-1,-1
182,11,971.86,436.53,105.91,271.15,1,-1,-1,-1
182,18,908.04,447.31,106.08,298.70,1,-1,-1,-1
182,19,406.87,469.49,50.93,105.35,1,-1,-1,-1
182,20,464.39,467.55,36.60,109.66,1,-1,-1,-1
182,23,507.01,455.05,37.79,107.35,1,-1,-1,-1
182,24,554.32,454.47,29.77,82.43,1,-1,-1,-1
183,3,370.48,445.32,45.52,106.39,1,-1,-1,-1
183,4,586.04,423.81,195.62,491.97,1,-1,-1,-1
183,5,783.93,434.93,110.26,361.69,1,-1,-1,-1
183,8,1086.68,486.06,39.79,114.20,1,-1,-1,-1
183,9,1044.18,476.06,39.59,134.71,1,-1,-1,-1
183,10,1155.42,448.99,37.92,100.48,1,-1,-1,-1
183,11,973.70,434.82,104.57,270.69,1,-1,-1,-1
183,18,910.92,444.71,102.45,305.98,1,-1,-1,-1
183,19,407.00,469.65,51.12,104.54,1,-1,-1,-1
183,20,462.83,467.96,37.16,109.34,1,-1,-1,-1
183,23,507.04,455.03,37.66,107.38,1,-1,-1,-1
183,24,553.48,456.98,32.94,87.24,1,-1,-1,-1
184,3,370.42,445.14,45.65,106.61,1,-1,-1,-1
184,4,591.85,425.49,194.56,491.15,1,-1,-1,-1
184,5,785.20,434.84,110.71,362.47,1,-1,-1,-1
184,8,1086.63,485.69,39.87,113.57,1,-1,-1,-1
184,9,1042.43,476.51,39.59,134.71,1,-1,-1,-1
184,10,1154.07,449.69,38.32,100.77,1,-1,-1,-1
184,11,974.52,432.45,103.68,273.85,1,-1,-1,-1
184,18,916.00,443.23,98.92,309.35,1,-1,-1,-1
184,19,406.80,469.40,51.88,104.02,1,-1,-1,-1
184,20,461.25,467.49,37.54,109.87,1,-1,-1,-1
184,23,506.79,454.24,37.83,108.87,1,-1,-1,-1
184,24,548.04,457.93,37.88,87.28,1,-1,-1,-1
185,3,370.63,445.44,45.47,106.81,1,-1,-1,-1
185,4,598.88,425.61,187.94,493.85,1,-1,-1,-1
185,5,786.77,434.00,111.05,362.98,1,-1,-1,-1
185,8,1087.20,484.66,39.61,115.13,1,-1,-1,-1
185,10,1153.20,450.57,38.80,99.39,1,-1,-1,-1
185,11,981.52,433.74,99.70,276.82,1,-1,-1,-1
185,18,923.11,439.42,94.70,315.20,1,-1,-1,-1
185,19,406.74,469.44,51.96,104.22,1,-1,-1,-1
185,20,460.62,468.56,37.86,108.56,1,-1,-1,-1
185,23,507.64,455.25,36.62,108.33,1,-1,-1,-1
185,24,554.51,436.01,36.84,85.89,1,-1,-1,-1
185,25,571.30,457.00,52.10,147.40,1,-1,-1,-1
186,3,370.30,445.60,45.35,106.73,1,-1,-1,-1
186,4,605.83,426.88,181.26,495.28,1,-1,-1,-1
186,5,788.99,434.11,110.11,363.20,1,-1,-1,-1
186,8,1087.91,485.08,39.46,114.62,1,-1,-1,-1
186,10,1153.31,450.26,38.31,99.26,1,-1,-1,-1
186,11,986.70,436.41,96.55,276.32,1,-1,-1,-1
186,18,927.49,440.97,92.04,313.87,1,-1,-1,-1
186,19,407.19,469.81,52.06,104.56,1,-1,-1,-1
186,20,460.04,468.93,38.31,108.66,1,-1,-1,-1
186,23,508.10,455.47,36.33,109.57,1,-1,-1,-1
186,24,561.69,419.66,36.04,85.69,1,-1,-1,-1
186,25,569.69,456.51,55.67,151.53,1,-1,-1,-1
187,3,370.18,445.64,45.04,106.57,1,-1,-1,-1
187,4,604.85,425.44,181.50,500.55,1,-1,-1,-1
187,5,790.97,434.36,110.94,363.34,1,-1,-1,-1
187,8,1088.56,484.33,39.63,116.50,1,-1,-1,-1
187,10,1152.67,449.84,38.93,99.15,1,-1,-1,-1
187,11,987.84,440.93,98.62,267.07,1,-1,-1,-1
187,18,930.64,442.71,91.38,313.89,1,-1,-1,-1
187,19,407.36,469.77,52.02,105.01,1,-1,-1,-1
187,20,459.68,468.53,38.79,108.69,1,-1,-1,-1
187,23,508.13,455.47,36.24,109.73,1,-1,-1,-1
187,24,575.51,430.14,26.84,53.29,1,-1,-1,-1
187,25,569.14,455.36,57.30,152.84,1,-1,-1,-1
188,3,370.29,445.57,44.94,106.31,1,-1,-1,-1
188,4,609.98,425.94,176.74,499.88,1,-1,-1,-1
188,5,792.80,436.17,111.75,361.42,1,-1,-1,-1
188,8,1088.39,483.68,39.89,116.71,1,-1,-1,-1
188,10,1152.48,448.99,39.75,100.37,1,-1,-1,-1
188,11,991.67,438.23,94.96,271.92,1,-1,-1,-1
188,18,934.63,446.65,92.09,310.82,1,-1,-1,-1
188,19,406.01,469.26,52.85,106.19,1,-1,-1,-1
188,20,459.53,468.90,39.57,108.21,1,-1,-1,-1
188,23,509.08,455.65,35.23,109.36,1,-1,-1,-1
188,24,584.70,427.72,24.57,44.34,1,-1,-1,-1
188,25,568.47,452.86,58.21,159.88,1,-1,-1,-1
189,3,370.20,445.14,45.19,106.23,1,-1,-1,-1
189,4,614.25,421.53,180.28,511.24,1,-1,-1,-1
189,5,795.46,437.72,112.07,361.34,1,-1,-1,-1
189,8,1087.14,483.62,40.46,116.49,1,-1,-1,-1
189,10,1152.73,449.55,39.50,99.20,1,-1,-1,-1
189,11,995.10,439.33,93.45,271.77,1,-1,-1,-1
189,18,937.34,445.23,93.57,312.00,1,-1,-1,-1
189,19,405.60,469.18,52.95,106.27,1,-1,-1,-1
189,20,459.52,470.02,39.87,107.92,1,-1,-1,-1
189,23,509.80,455.92,35.14,108.76,1,-1,-1,-1
189,24,581.98,431.36,23.68,41.44,1,-1,-1,-1
189,25,567.39,455.52,58.83,158.70,1,-1,-1,-1
190,3,370.51,445.27,45.27,106.00,1,-1,-1,-1
190,4,621.03,425.10,175.95,509.74,1,-1,-1,-1
190,5,798.88,439.53,109.99,355.36,1,-1,-1,-1
190,8,1086.16,485.30,40.21,115.87,1,-1,-1,-1
190,10,1150.57,449.25,39.92,99.90,1,-1,-1,-1
190,11,1002.84,437.06,86.76,275.29,1,-1,-1,-1
190,18,938.61,443.56,95.62,310.60,1,-1,-1,-1
190,19,406.60,469.17,52.22,105.59,1,-1,-1,-1
190,20,459.62,470.30,40.17,107.63,1,-1,-1,-1
190,23,510.14,455.82,35.11,108.72,1,-1,-1,-1
190,24,586.20,426.79,23.48,43.65,1,-1,-1,-1
190,25,567.59,456.19,58.81,158.70,1,-1,-1,-1
191,3,370.97,445.37,44.80,106.14,1,-1,-1,-1
191,4,626.03,422.82,172.28,517.76,1,-1,-1,-1
191,5,799.56,437.28,112.31,357.14,1,-1,-1,-1
191,8,1086.17,483.27,40.55,115.47,1,-1,-1,-1
191,10,1147.97,449.42,40.19,99.41,1,-1,-1,-1
191,11,1006.00,436.52,84.06,272.50,1,-1,-1,-1
191,18,941.19,443.85,96.80,309.55,1,-1,-1,-1
191,19,406.67,468.57,51.99,106.72,1,-1,-1,-1
191,20,459.89,468.42,40.05,108.59,1,-1,-1,-1
191,23,509.79,454.66,35.10,110.39,1,-1,-1,-1
191,24,589.88,422.17,23.43,44.95,1,-1,-1,-1
191,25,567.19,456.13,59.78,159.61,1,-1,-1,-1
191,26,1097.80,441.30,39.40,103.60,1,-1,-1,-1
192,3,370.66,445.09,44.94,106.25,1,-1,-1,-1
192,4,630.83,422.51,168.65,523.11,1,-1,-1,-1
192,5,803.47,439.35,110.69,357.74,1,-1,-1,-1
192,8,1087.55,481.28,40.73,116.89,1,-1,-1,-1
192,10,1145.91,448.95,41.32,100.38,1,-1,-1,-1
192,11,1005.79,441.17,78.77,274.39,1,-1,-1,-1
192,18,941.30,446.71,102.96,309.65,1,-1,-1,-1
192,19,405.66,468.61,52.42,107.48,1,-1,-1,-1
192,20,459.38,467.96,40.86,108.81,1,-1,-1,-1
192,23,509.05,454.78,34.89,110.05,1,-1,-1,-1
192,24,584.46,427.51,23.62,42.81,1,-1,-1,-1
192,25,567.09,454.85,59.30,161.14,1,-1,-1,-1
192,26,1098.92,441.02,39.26,102.62,1,-1,-1,-1
193,3,370.67,444.88,44.77,106.29,1,-1,-1,-1
193,4,634.92,419.72,170.23,530.31,1,-1,-1,-1
193,5,805.51,438.30,113.64,358.76,1,-1,-1,-1
193,8,1088.24,483.21,40.01,112.91,1,-1,-1,-1
193,10,1143.33,449.44,41.93,100.18,1,-1,-1,-1
193,11,1001.69,449.82,78.77,274.39,1,-1,-1,-1
193,18,942.68,449.02,110.76,310.81,1,-1,-1,-1
193,19,405.95,468.68,51.57,107.14,1,-1,-1,-1
193,20,458.42,468.23,41.73,109.15,1,-1,-1,-1
193,23,508.76,455.13,34.97,110.29,1,-1,-1,-1
193,24,586.43,425.77,23.47,44.48,1,-1,-1,-1
193,25,568.02,453.07,59.02,163.56,1,-1,-1,-1
193,26,1099.78,439.14,41.46,102.54,1,-1,-1,-1
193,27,1175.10,450.80,36.20,94.80,1,-1,-1,-1
194,3,370.74,444.94,44.86,106.51,1,-1,-1,-1
194,4,638.82,418.52,168.04,535.20,1,-1,-1,-1
194,5,807.29,433.98,117.53,366.00,1,-1,-1,-1
194,8,1087.62,481.85,39.58,113.88,1,-1,-1,-1
194,10,1142.33,450.03,41.14,100.20,1,-1,-1,-1
194,11,1004.81,447.50,86.07,268.59,1,-1,-1,-1
194,18,946.97,450.67,112.68,307.44,1,-1,-1,-1
194,19,406.01,467.77,51.94,108.02,1,-1,-1,-1
194,20,458.87,467.54,41.64,109.54,1,-1,-1,-1
194,23,508.71,455.45,34.64,110.16,1,-1,-1,-1
194,24,590.61,421.09,23.28,44.57,1,-1,-1,-1
194,25,568.38,452.15,60.41,166.39,1,-1,-1,-1
194,26,1105.62,441.05,37.92,101.11,1,-1,-1,-1
194,27,1173.63,451.92,37.53,94.17,1,-1,-1,-1
195,3,370.99,444.99,44.47,106.64,1,-1,-1,-1
195,4,639.54,419.52,168.29,536.11,1,-1,-1,-1
195,5,809.32,434.37,123.25,372.93,1,-1,-1,-1
195,8,1088.88,478.46,37.91,116.48,1,-1,-1,-1
195,10,1140.16,450.46,40.13,99.22,1,-1,-1,-1
195,11,1013.66,443.88,85.67,265.66,1,-1,-1,-1
195,18,947.23,452.01,116.12,305.45,1,-1,-1,-1
195,19,406.55,467.45,51.49,106.96,1,-1,-1,-1
195,20,459.39,466.29,40.84,109.93,1,-1,-1,-1
195,23,509.28,455.08,33.98,110.75,1,-1,-1,-1
195,24,589.68,420.73,22.94,44.38,1,-1,-1,-1
195,25,567.85,452.99,61.52,167.03,1,-1,-1,-1
195,26,1112.40,446.08,34.90,97.60,1,-1,-1,-1
195,27,1173.19,451.90,38.28,95.87,1,-1,-1,-1
196,3,370.96,445.19,44.56,106.26,1,-1,-1,-1
196,4,642.21,424.42,168.72,529.10,1,-1,-1,-1
196,5,812.08,432.32,130.00,378.72,1,-1,-1,-1
196,8,1084.46,475.81,43.22,133.09,1,-1,-1,-1
196,10,1137.51,450.15,41.72,98.93,1,-1,-1,-1
196,11,1019.96,440.84,87.37,271.43,1,-1,-1,-1
196,18,949.23,450.34,117.30,314.45,1,-1,-1,-1
196,19,406.45,467.63,51.50,106.71,1,-1,-1,-1
196,20,458.92,466.66,40.67,109.00,1,-1,-1,-1
196,23,510.02,455.29,33.78,110.43,1,-1,-1,-1
196,24,589.77,420.42,23.26,45.02,1,-1,-1,-1
196,25,567.58,452.04,62.28,169.11,1,-1,-1,-1
196,26,1120.23,450.72,35.32,91.23,1,-1,-1,-1
196,27,1175.87,451.38,37.31,95.40,1,-1,-1,-1
197,3,370.97,445.37,44.31,106.15,1,-1,-1,-1
197,4,647.30,423.17,166.89,530.71,1,-1,-1,-1
197,5,813.04,431.61,140.01,377.94,1,-1,-1,-1
197,8,1081.01,486.41,43.22,133.09,1,-1,-1,-1
197,10,1138.46,449.85,40.66,99.26,1,-1,-1,-1
197,11,1032.71,441.00,84.66,270.22,1,-1,-1,-1
197,18,953.58,447.71,112.96,320.99,1,-1,-1,-1
197,19,406.20,468.21,51.78,106.63,1,-1,-1,-1
197,20,458.65,467.28,38.80,108.37,1,-1,-1,-1
197,23,510.42,455.41,33.94,110.20,1,-1,-1,-1
197,24,590.25,420.19,23.36,44.87,1,-1,-1,-1
197,25,568.55,451.02,62.71,170.71,1,-1,-1,-1
197,26,1129.68,451.72,35.32,91.23,1,-1,-1,-1
197,27,1177.72,449.80,37.02,96.80,1,-1,-1,-1
198,3,371.45,445.28,44.23,106.46,1,-1,-1,-1
198,4,652.10,419.39,168.37,538.89,1,-1,-1,-1
198,5,813.86,431.91,148.40,379.03,1,-1,-1,-1
198,8,1077.56,497.01,43.22,133.09,1,-1,-1,-1
198,10,1138.97,449.57,39.78,100.62,1,-1,-1,-1
198,11,1036.07,435.03,96.31,279.45,1,-1,-1,-1
198,18,957.82,444.64,111.45,319.11,1,-1,-1,-1
198,19,406.36,468.03,51.37,106.47,1,-1,-1,-1
198,20,457.90,466.79,37.96,108.95,1,-1,-1,-1
198,23,511.16,456.35,34.05,108.38,1,-1,-1,-1
198,24,589.84,419.77,23.32,44.96,1,-1,-1,-1
198,25,569.10,451.05,63.75,171.05,1,-1,-1,-1
198,26,1139.13,452.72,35.32,91.23,1,-1,-1,-1
198,27,1177.95,449.29,37.15,97.99,1,-1,-1,-1
199,3,371.70,445.24,44.63,106.42,1,-1,-1,-1
199,4,651.72,421.94,173.85,536.17,1,-1,-1,-1
199,5,817.33,434.49,153.02,377.47,1,-1,-1,-1
199,8,1074.11,507.61,43.22,133.09,1,-1,-1,-1
199,10,1138.91,448.10,40.28,103.62,1,-1,-1,-1
199,11,1035.34,437.17,101.34,282.91,1,-1,-1,-1
199,18,963.59,451.48,109.73,313.57,1,-1,-1,-1
199,19,406.35,467.67,51.39,106.28,1,-1,-1,-1
199,20,457.12,466.02,37.50,109.76,1,-1,-1,-1
199,23,511.69,456.43,34.51,108.60,1,-1,-1,-1
199,24,590.57,421.57,23.52,45.76,1,-1,-1,-1
199,25,569.46,450.99,64.35,171.16,1,-1,-1,-1
199,26,1148.58,453.72,35.32,91.23,1,-1,-1,-1
199,27,1179.70,448.43,37.04,98.49,1,-1,-1,-1
200,3,371.38,445.67,45.03,105.99,1,-1,-1,-1
200,4,658.41,426.58,169.33,528.63,1,-1,-1,-1
200,5,817.31,434.67,154.62,382.18,1,-1,-1,-1
200,10,1139.03,447.18,38.54,105.42,1,-1,-1,-1
200,11,1036.26,439.79,104.04,281.22,1,-1,-1,-1
200,18,969.46,451.92,106.07,316.67,1,-1,-1,-1
200,19,405.29,467.19,51.26,106.01,1,-1,-1,-1
200,20,457.44,466.25,36.52,109.23,1,-1,-1,-1
200,23,511.00,456.52,34.71,108.88,1,-1,-1,-1
200,24,592.55,423.92,23.99,45.93,1,-1,-1,-1
200,25,570.61,449.93,64.73,172.87,1,-1,-1,-1
200,27,1181.15,447.59,36.87,98.29,1,-1,-1,-1
201,3,370.52,446.02,45.92,106.00,1,-1,-1,-1
201,4,662.26,428.14,172.25,528.82,1,-1,-1,-1
201,5,817.49,433.58,158.10,381.91,1,-1,-1,-1
201,10,1138.06,447.90,38.30,104.71,1,-1,-1,-1
201,11,1041.29,438.10,100.79,281.56,1,-1,-1,-1
201,18,976.96,449.71,102.59,315.15,1,-1,-1,-1
201,19,404.45,467.10,51.01,106.00,1,-1,-1,-1
201,20,457.38,466.19,36.44,108.93,1,-1,-1,-1
201,23,510.30,456.44,34.70,109.52,1,-1,-1,-1
201,24,592.18,422.98,23.65,45.42,1,-1,-1,-1
201,25,572.85,449.42,64.78,172.75,1,-1,-1,-1
201,27,1183.44,447.22,36.26,98.79,1,-1,-1,-1
202,3,370.37,446.28,45.98,106.28,1,-1,-1,-1
202,4,665.63,428.64,169.84,527.90,1,-1,-1,-1
202,5,821.24,436.62,159.36,373.29,1,-1,-1,-1
202,10,1137.29,449.39,38.09,103.51,1,-1,-1,-1
202,11,1042.79,434.99,105.00,285.23,1,-1,-1,-1
202,18,983.04,448.30,99.45,317.92,1,-1,-1,-1
202,19,405.34,466.66,50.93,106.98,1,-1,-1,-1
202,20,456.76,465.63,36.13,109.19,1,-1,-1,-1
202,23,510.53,456.33,35.05,109.65,1,-1,-1,-1
202,24,590.72,421.94,23.12,44.22,1,-1,-1,-1
202,25,575.80,451.18,64.37,170.55,1,-1,-1,-1
202,27,1186.47,446.86,36.15,99.15,1,-1,-1,-1
203,3,370.23,446.79,45.78,105.59,1,-1,-1,-1
203,4,667.77,425.30,170.58,533.64,1,-1,-1,-1
203,5,824.28,437.60,156.87,372.53,1,-1,-1,-1
203,10,1136.26,450.50,38.38,100.91,1,-1,-1,-1
203,11,1050.02,433.94,95.06,284.37,1,-1,-1,-1
203,18,986.29,443.37,98.22,320.21,1,-1,-1,-1
203,19,405.83,466.00,51.54,107.76,1,-1,-1,-1
203,20,458.35,464.69,35.20,110.11,1,-1,-1,-1
203,23,510.47,455.63,34.11,110.24,1,-1,-1,-1
203,24,591.10,422.23,22.69,43.78,1,-1,-1,-1
203,25,577.17,451.94,66.14,171.56,1,-1,-1,-1
203,27,1188.33,447.59,36.11,97.64,1,-1,-1,-1
204,3,370.39,446.85,45.23,105.74,1,-1,-1,-1
204,4,669.31,423.66,173.11,537.39,1,-1,-1,-1
204,5,824.02,436.75,159.41,376.22,1,-1,-1,-1
204,10,1134.35,450.27,37.97,99.99,1,-1,-1,-1
204,11,1052.42,434.31,93.55,286.49,1,-1,-1,-1
204,18,990.37,444.39,95.76,313.97,1,-1,-1,-1
204,19,406.15,465.57,51.93,108.35,1,-1,-1,-1
204,20,458.26,464.38,33.73,110.59,1,-1,-1,-1
204,23,511.37,455.77,33.19,109.65,1,-1,-1,-1
204,24,592.05,420.54,22.07,43.52,1,-1,-1,-1
204,25,578.73,453.32,65.06,170.54,1,-1,-1,-1
204,27,1188.64,449.14,36.31,96.28,1,-1,-1,-1
205,3,370.82,447.20,45.00,105.29,1,-1,-1,-1
205,4,672.19,424.17,175.97,543.00,1,-1,-1,-1
205,5,827.60,436.93,157.58,378.03,1,-1,-1,-1
205,10,1131.91,450.78,37.29,98.04,1,-1,-1,-1
205,11,1057.16,436.17,90.36,283.21,1,-1,-1,-1
205,18,994.94,446.04,99.71,314.62,1,-1,-1,-1
205,19,406.56,465.58,51.63,108.03,1,-1,-1,-1
205,20,456.12,464.75,33.50,110.60,1,-1,-1,-1
205,23,511.62,456.23,32.99,108.92,1,-1,-1,-1
205,24,592.23,418.13,20.90,41.96,1,-1,-1,-1
205,25,578.96,454.21,63.69,169.04,1,-1,-1,-1
205,27,1188.95,449.54,36.09,96.15,1,-1,-1,-1
205,28,657.30,466.70,28.40,74.10,1,-1,-1,-1
206,3,370.50,446.49,44.65,105.51,1,-1,-1,-1
206,4,678.95,423.55,168.01,552.80,1,-1,-1,-1
206,5,832.91,434.84,153.46,379.13,1,-1,-1,-1
206,10,1127.57,452.37,40.45,97.03,1,-1,-1,-1
206,11,1060.26,439.26,86.12,272.63,1,-1,-1,-1
206,18,1000.22,445.76,105.65,319.58,1,-1,-1,-1
206,19,405.99,465.59,51.68,108.15,1,-1,-1,-1
206,20,455.86,465.12,33.08,109.83,1,-1,-1,-1
206,23,511.43,456.63,32.93,108.76,1,-1,-1,-1
206,24,590.95,418.74,20.20,40.03,1,-1,-1,-1
206,25,579.70,455.05,64.12,170.06,1,-1,-1,-1
206,27,1190.44,449.45,35.19,96.26,1,-1,-1,-1
206,28,658.63,465.02,27.07,73.82,1,-1,-1,-1
207,3,370.75,445.99,44.13,106.06,1,-1,-1,-1
207,4,684.42,422.67,166.18,559.31,1,-1,-1,-1
207,5,835.66,433.33,152.02,382.33,1,-1,-1,-1
207,10,1124.67,454.47,40.45,97.03,1,-1,-1,-1
207,11,1060.01,437.31,86.12,272.63,1,-1,-1,-1
207,18,1005.13,446.47,112.06,321.20,1,-1,-1,-1
207,19,405.65,466.02,51.90,108.26,1,-1,-1,-1
207,20,454.87,465.20,33.72,108.55,1,-1,-1,-1
207,23,512.81,457.02,32.84,108.58,1,-1,-1,-1
207,24,590.04,420.69,19.57,38.33,1,-1,-1,-1
207,25,582.39,457.04,62.14,168.20,1,-1,-1,-1
207,27,1191.97,449.09,34.92,97.62,1,-1,-1,-1
207,28,659.17,463.11,26.88,74.79,1,-1,-1,-1
208,3,371.67,446.49,43.97,105.25,1,-1,-1,-1
208,4,691.37,420.81,161.79,561.54,1,-1,-1,-1
208,5,837.19,434.15,152.99,383.43,1,-1,-1,-1
208,10,1121.77,456.57,40.45,97.03,1,-1,-1,-1
208,11,1059.76,435.36,86.12,272.63,1,-1,-1,-1
208,18,1011.53,442.62,122.94,325.40,1,-1,-1,-1
208,19,406.60,466.21,52.25,107.66,1,-1,-1,-1
208,20,450.80,465.22,36.58,108.37,1,-1,-1,-1
208,23,513.88,456.69,33.02,107.61,1,-1,-1,-1
208,24,590.95,422.82,20.01,39.99,1,-1,-1,-1
208,25,582.92,455.58,61.97,169.25,1,-1,-1,-1
208,27,1193.14,450.15,34.69,97.26,1,-1,-1,-1
208,28,658.69,462.50,25.98,76.41,1,-1,-1,-1
209,3,371.94,446.16,43.71,105.00,1,-1,-1,-1
209,4,693.30,415.04,160.47,564.80,1,-1,-1,-1
209,5,836.20,433.82,155.03,384.32,1,-1,-1,-1
209,10,1118.87,458.67,40.45,97.03,1,-1,-1,-1
209,11,1059.51,433.41,86.12,272.63,1,-1,-1,-1
209,18,1017.01,438.67,134.11,328.13,1,-1,-1,-1
209,19,406.99,466.07,52.08,108.11,1,-1,-1,-1
209,20,449.42,465.80,36.80,108.39,1,-1,-1,-1
209,23,514.01,456.21,32.73,108.16,1,-1,-1,-1
209,24,591.83,424.41,20.21,40.14,1,-1,-1,-1
209,25,583.34,455.85,61.85,167.25,1,-1,-1,-1
209,27,1193.53,451.37,34.91,96.52,1,-1,-1,-1
209,28,657.60,461.96,26.77,77.31,1,-1,-1,-1
210,3,370.89,446.88,44.40,104.72,1,-1,-1,-1
210,4,696.42,415.30,160.00,564.87,1,-1,-1,-1
210,5,839.60,434.39,152.49,384.80,1,-1,-1,-1
210,18,1017.79,443.43,146.49,323.28,1,-1,-1,-1
210,19,406.36,467.80,51.18,106.77,1,-1,-1,-1
210,20,447.80,469.01,39.53,105.53,1,-1,-1,-1
210,23,513.41,456.24,33.41,108.26,1,-1,-1,-1
210,24,594.31,422.31,20.76,40.67,1,-1,-1,-1
210,25,585.27,456.84,60.07,165.47,1,-1,-1,-1
210,27,1194.32,452.51,35.32,96.22,1,-1,-1,-1
210,28,656.64,462.21,25.18,75.13,1,-1,-1,-1
211,3,370.39,447.03,44.82,104.99,1,-1,-1,-1
211,4,699.15,423.45,162.80,558.66,1,-1,-1,-1
211,5,847.61,434.07,148.51,388.09,1,-1,-1,-1
211,18,1017.27,443.55,157.00,326.44,1,-1,-1,-1
211,19,406.75,468.04,50.14,106.86,1,-1,-1,-1
211,20,445.66,469.19,40.98,105.72,1,-1,-1,-1
211,23,513.45,455.70,33.82,108.78,1,-1,-1,-1
211,24,595.86,421.17,20.51,39.64,1,-1,-1,-1
211,25,587.02,455.55,59.25,166.26,1,-1,-1,-1
211,27,1195.31,452.49,36.78,96.98,1,-1,-1,-1
211,28,655.83,462.28,25.82,74.76,1,-1,-1,-1
211,29,561.80,457.90,23.70,61.00,1,-1,-1,-1
212,3,370.23,446.35,45.37,105.14,1,-1,-1,-1
212,4,701.40,421.76,163.64,564.15,1,-1,-1,-1
212,5,857.08,431.19,145.42,389.43,1,-1,-1,-1
212,18,1019.10,443.94,164.00,328.09,1,-1,-1,-1
212,19,406.92,467.10,50.46,107.38,1,-1,-1,-1
212,20,446.71,467.10,39.59,106.41,1,-1,-1,-1
212,23,513.14,455.22,34.09,110.68,1,-1,-1,-1
212,24,595.38,420.78,20.29,38.91,1,-1,-1,-1
212,25,589.44,455.34,57.88,165.45,1,-1,-1,-1
212,27,1196.67,451.92,37.21,96.78,1,-1,-1,-1
212,28,658.73,463.10,26.72,75.28,1,-1,-1,-1
212,29,558.79,457.48,23.84,61.70,1,-1,-1,-1
213,3,370.53,446.66,45.11,104.76,1,-1,-1,-1
213,4,701.35,417.27,165.99,569.01,1,-1,-1,-1
213,5,864.48,429.54,141.98,384.44,1,-1,-1,-1
213,18,1020.44,449.05,164.00,325.09,1,-1,-1,-1
213,19,407.80,467.07,50.35,107.88,1,-1,-1,-1
213,20,444.37,466.69,41.77,106.61,1,-1,-1,-1
213,23,513.90,455.23,33.82,110.27,1,-1,-1,-1
213,24,595.28,420.50,20.23,39.04,1,-1,-1,-1
213,25,591.41,454.05,56.78,167.93,1,-1,-1,-1
213,27,1196.80,451.08,37.55,96.79,1,-1,-1,-1
213,28,659.10,463.71,25.59,73.61,1,-1,-1,-1
213,29,555.23,456.97,24.02,62.68,1,-1,-1,-1
214,3,370.81,447.20,45.38,104.37,1,-1,-1,-1
214,4,707.81,412.17,164.04,571.52,1,-1,-1,-1
214,5,868.89,431.15,137.58,383.01,1,-1,-1,-1
214,18,1020.74,448.41,162.53,326.22,1,-1,-1,-1
214,19,408.53,467.46,49.61,107.97,1,-1,-1,-1
214,20,443.16,467.56,41.93,106.46,1,-1,-1,-1
214,23,514.28,455.00,33.87,110.01,1,-1,-1,-1
214,24,594.66,420.15,19.79,38.45,1,-1,-1,-1
214,25,592.37,452.46,56.37,168.05,1,-1,-1,-1
214,27,1197.77,450.63,38.08,96.31,1,-1,-1,-1
214,28,658.71,464.27,26.51,73.95,1,-1,-1,-1
214,29,555.76,457.50,23.52,61.78,1,-1,-1,-1
215,3,371.12,447.54,45.53,104.39,1,-1,-1,-1
215,4,712.44,411.74,169.33,571.93,1,-1,-1,-1
215,5,872.48,435.16,135.14,386.15,1,-1,-1,-1
215,18,1026.76,443.89,160.76,328.93,1,-1,-1,-1
215,19,408.32,467.75,50.72,106.87,1,-1,-1,-1
215,20,443.66,469.53,41.42,104.88,1,-1,-1,-1
215,23,513.19,455.59,34.59,110.07,1,-1,-1,-1
215,24,594.33,421.23,19.38,37.30,1,-1,-1,-1
215,25,593.66,452.13,56.25,167.53,1,-1,-1,-1
215,27,1200.41,447.60,38.86,99.73,1,-1,-1,-1
215,28,660.38,465.00,25.94,73.57,1,-1,-1,-1
215,29,554.03,457.37,23.64,61.66,1,-1,-1,-1
216,3,371.42,447.91,44.74,103.70,1,-1,-1,-1
216,4,714.33,413.38,172.67,571.84,1,-1,-1,-1
216,5,876.93,433.86,133.15,392.14,1,-1,-1,-1
216,18,1029.64,443.95,163.45,330.10,1,-1,-1,-1
216,19,408.55,467.73,51.20,106.61,1,-1,-1,-1
216,20,444.25,470.71,41.34,104.47,1,-1,-1,-1
216,23,513.26,455.25,34.53,110.30,1,-1,-1,-1
216,24,593.11,422.58,19.39,38.28,1,-1,-1,-1
216,25,594.46,453.99,56.92,167.86,1,-1,-1,-1
216,27,1202.45,447.36,40.08,100.48,1,-1,-1,-1
216,28,658.94,464.29,26.89,74.15,1,-1,-1,-1
216,29,553.25,456.32,24.38,63.30,1,-1,-1,-1
217,3,371.18,447.63,44.36,103.84,1,-1,-1,-1
217,4,716.89,417.72,178.64,563.90,1,-1,-1,-1
217,5,881.76,436.18,131.37,387.49,1,-1,-1,-1
217,18,1030.70,448.11,161.03,332.48,1,-1,-1,-1
217,19,409.54,467.97,49.87,106.32,1,-1,-1,-1
217,20,443.61,470.69,41.59,104.91,1,-1,-1,-1
217,23,514.04,454.47,34.37,110.86,1,-1,-1,-1
217,24,592.93,422.33,18.70,37.38,1,-1,-1,-1
217,25,595.67,455.12,57.18,168.59,1,-1,-1,-1
217,27,1204.47,448.27,40.86,101.05,1,-1,-1,-1
217,28,658.24,465.65,26.06,71.52,1,-1,-1,-1
217,29,549.78,455.23,25.03,64.84,1,-1,-1,-1
218,3,370.96,447.46,44.74,103.88,1,-1,-1,-1
218,4,718.97,417.62,183.93,570.48,1,-1,-1,-1
218,5,885.64,433.47,130.06,391.00,1,-1,-1,-1
218,18,1033.72,450.10,157.37,333.33,1,-1,-1,-1
218,19,412.54,467.34,49.82,105.82,1,-1,-1,-1
218,20,441.73,469.26,42.30,106.30,1,-1,-1,-1
218,23,514.26,454.44,34.53,110.89,1,-1,-1,-1
218,24,592.83,420.98,18.28,36.21,1,-1,-1,-1
218,25,597.24,455.07,56.57,169.51,1,-1,-1,-1
218,27,1206.39,449.59,41.10,101.37,1,-1,-1,-1
218,28,657.46,465.06,25.60,71.44,1,-1,-1,-1
218,29,549.37,455.28,24.59,65.37,1,-1,-1,-1
219,3,371.52,447.36,44.43,103.82,1,-1,-1,-1
219,4,720.22,418.10,187.97,571.12,1,-1,-1,-1
219,5,888.46,433.34,127.36,391.00,1,-1,-1,-1
219,18,1038.58,445.48,154.80,334.43,1,-1,-1,-1
219,19,414.06,467.03,46.45,103.01,1,-1,-1,-1
219,20,438.50,467.48,43.84,107.77,1,-1,-1,-1
219,23,514.44,454.28,35.21,110.97,1,-1,-1,-1
219,24,593.36,421.59,18.71,37.11,1,-1,-1,-1
219,25,598.04,452.74,56.66,172.93,1,-1,-1,-1
219,27,1208.87,451.39,39.98,100.62,1,-1,-1,-1
219,28,657.75,465.02,24.97,70.43,1,-1,-1,-1
219,29,551.92,456.71,24.81,66.37,1,-1,-1,-1
220,3,372.19,447.23,44.27,104.16,1,-1,-1,-1
220,4,722.55,412.57,192.40,578.32,1,-1,-1,-1
220,5,887.12,431.93,132.64,395.55,1,-1,-1,-1
220,18,1046.46,442.78,148.08,337.42,1,-1,-1,-1
220,19,409.75,467.15,45.01,99.78,1,-1,-1,-1
220,20,436.24,466.99,44.30,108.42,1,-1,-1,-1
220,23,514.46,454.07,35.41,111.20,1,-1,-1,-1
220,24,593.62,422.90,18.70,37.17,1,-1,-1,-1
220,25,599.85,452.62,55.92,173.68,1,-1,-1,-1
220,27,1210.76,451.96,39.36,100.12,1,-1,-1,-1
220,28,658.42,462.89,27.44,74.40,1,-1,-1,-1
220,29,553.95,457.26,24.80,66.81,1,-1,-1,-1
221,3,372.57,447.50,43.80,104.33,1,-1,-1,-1
221,4,722.55,408.97,200.17,582.23,1,-1,-1,-1
221,5,891.01,427.69,130.30,403.00,1,-1,-1,-1
221,18,1056.70,444.17,138.01,337.97,1,-1,-1,-1
221,19,405.55,466.06,41.64,96.08,1,-1,-1,-1
221,20,433.13,466.34,45.91,109.25,1,-1,-1,-1
221,23,514.37,453.84,35.47,111.13,1,-1,-1,-1
221,24,594.19,422.73,18.70,36.84,1,-1,-1,-1
221,25,601.92,453.41,54.72,172.36,1,-1,-1,-1
221,27,1212.48,452.88,39.32,98.77,1,-1,-1,-1
221,28,659.03,462.78,26.29,73.77,1,-1,-1,-1
221,29,553.25,456.01,24.38,65.40,1,-1,-1,-1
222,3,372.21,447.78,43.52,104.10,1,-1,-1,-1
222,4,724.95,409.72,206.07,581.37,1,-1,-1,-1
222,5,891.17,426.69,132.89,410.98,1,-1,-1,-1
222,18,1065.82,446.16,131.56,337.57,1,-1,-1,-1
222,19,408.81,465.65,35.94,96.66,1,-1,-1,-1
222,20,430.78,465.63,46.32,110.26,1,-1,-1,-1
222,23,514.72,453.93,35.28,110.62,1,-1,-1,-1
222,24,595.96,422.78,18.84,36.53,1,-1,-1,-1
222,25,602.97,452.72,54.70,175.26,1,-1,-1,-1
222,27,1216.44,452.86,38.82,96.97,1,-1,-1,-1
222,28,658.58,464.22,24.27,71.13,1,-1,-1,-1
222,29,551.22,455.09,24.18,65.33,1,-1,-1,-1
223,3,372.05,447.48,43.37,104.38,1,-1,-1,-1
223,4,732.88,409.34,212.04,579.92,1,-1,-1,-1
223,5,893.53,432.34,133.88,405.18,1,-1,-1,-1
223,18,1077.28,447.84,123.40,336.68,1,-1,-1,-1
223,19,408.85,466.50,31.99,94.38,1,-1,-1,-1
223,20,431.03,466.42,45.75,110.36,1,-1,-1,-1
223,23,514.93,454.03,34.87,110.33,1,-1,-1,-1
223,24,598.14,423.96,19.51,36.93,1,-1,-1,-1
223,25,603.51,452.44,55.40,179.21,1,-1,-1,-1
223,27,1217.24,450.86,40.34,99.58,1,-1,-1,-1
223,28,659.52,464.65,24.08,71.95,1,-1,-1,-1
223,29,552.90,457.34,24.69,66.64,1,-1,-1,-1
223,30,1053.70,477.90,38.80,118.20,1,-1,-1,-1
224,3,372.31,447.27,43.46,104.39,1,-1,-1,-1
224,4,737.25,408.99,221.39,581.10,1,-1,-1,-1
224,5,898.76,431.13,133.68,410.31,1,-1,-1,-1
224,18,1088.10,446.02,114.65,336.06,1,-1,-1,-1
224,19,412.97,466.65,32.14,97.47,1,-1,-1,-1
224,20,430.71,466.69,45.64,110.81,1,-1,-1,-1
224,23,514.92,453.70,34.89,111.29,1,-1,-1,-1
224,24,598.99,425.38,19.64,37.47,1,-1,-1,-1
224,25,605.24,452.48,55.12,179.27,1,-1,-1,-1
224,27,1217.04,451.01,40.34,99.58,1,-1,-1,-1
224,28,660.53,462.64,26.68,75.97,1,-1,-1,-1
224,29,552.89,458.66,26.10,69.62,1,-1,-1,-1
224,30,1052.79,480.14,40.20,114.14,1,-1,-1,-1
225,3,372.67,446.87,43.35,105.52,1,-1,-1,-1
225,4,736.27,408.32,239.04,586.00,1,-1,-1,-1
225,5,899.28,430.06,133.27,414.01,1,-1,-1,-1
225,18,1095.60,447.89,107.61,334.27,1,-1,-1,-1
225,19,424.32,471.25,32.14,97.47,1,-1,-1,-1
225,20,429.71,466.14,45.05,111.92,1,-1,-1,-1
225,23,514.77,453.57,34.76,111.58,1,-1,-1,-1
225,24,598.45,424.74,19.82,37.14,1,-1,-1,-1
225,25,606.29,452.14,55.60,180.83,1,-1,-1,-1
225,27,1216.84,451.16,40.34,99.58,1,-1,-1,-1
225,28,660.82,464.31,27.26,74.59,1,-1,-1,-1
225,29,551.58,458.18,25.33,66.39,1,-1,-1,-1
225,30,1051.94,482.44,40.76,111.87,1,-1,-1,-1
226,3,372.89,447.29,43.03,106.42,1,-1,-1,-1
226,4,740.16,408.04,248.60,586.70,1,-1,-1,-1
226,5,896.04,430.31,135.46,413.72,1,-1,-1,-1
226,18,1100.25,449.29,106.41,334.92,1,-1,-1,-1
226,19,435.67,475.85,32.14,97.47,1,-1,-1,-1
226,20,428.48,465.89,45.09,112.40,1,-1,-1,-1
226,23,514.77,453.25,34.58,111.38,1,-1,-1,-1
226,24,597.83,423.62,19.74,35.50,1,-1,-1,-1
226,25,607.49,452.38,55.53,182.28,1,-1,-1,-1
226,27,1216.64,451.31,40.34,99.58,1,-1,-1,-1
226,28,658.68,466.54,27.43,72.78,1,-1,-1,-1
226,29,549.82,456.66,25.45,65.35,1,-1,-1,-1
226,30,1051.17,484.25,41.21,110.91,1,-1,-1,-1
227,3,372.55,447.64,43.08,106.89,1,-1,-1,-1
227,4,742.12,410.60,258.26,587.61,1,-1,-1,-1
227,5,892.42,431.21,140.32,420.50,1,-1,-1,-1
227,18,1108.64,444.50,103.81,340.37,1,-1,-1,-1
227,19,447.02,480.45,32.14,97.47,1,-1,-1,-1
227,20,426.63,465.31,45.45,113.03,1,-1,-1,-1
227,23,514.26,453.44,34.59,110.83,1,-1,-1,-1
227,24,596.53,422.32,19.74,35.50,1,-1,-1,-1
227,25,608.83,452.36,54.04,181.38,1,-1,-1,-1
227,28,657.67,465.89,27.62,73.84,1,-1,-1,-1
227,29,550.64,456.04,24.71,64.47,1,-1,-1,-1
227,30,1051.84,486.37,41.27,106.77,1,-1,-1,-1
228,3,372.32,447.62,42.67,106.83,1,-1,-1,-1
228,4,746.24,413.51,264.94,586.13,1,-1,-1,-1
228,5,891.12,437.01,140.32,420.50,1,-1,-1,-1
228,18,1114.37,443.65,107.86,336.40,1,-1,-1,-1
228,19,472.11,461.99,31.83,103.58,1,-1,-1,-1
228,20,425.61,465.58,45.41,112.73,1,-1,-1,-1
228,23,513.54,453.81,34.81,110.81,1,-1,-1,-1
228,24,595.23,421.02,19.74,35.50,1,-1,-1,-1
228,25,610.19,452.49,52.54,178.53,1,-1,-1,-1
228,28,657.82,466.27,28.94,74.51,1,-1,-1,-1
228,29,551.81,455.06,24.49,63.93,1,-1,-1,-1
228,30,1051.88,488.56,41.50,102.59,1,-1,-1,-1
229,3,372.22,447.80,42.62,106.88,1,-1,-1,-1
229,4,749.08,415.96,269.74,584.92,1,-1,-1,-1
229,5,889.82,442.81,140.32,420.50,1,-1,-1,-1
229,18,1117.16,443.31,113.42,342.98,1,-1,-1,-1
229,19,483.26,454.51,30.90,105.90,1,-1,-1,-1
229,20,425.96,466.05,45.89,111.59,1,-1,-1,-1
229,23,513.51,454.52,34.73,109.89,1,-1,-1,-1
229,24,593.93,419.72,19.74,35.50,1,-1,-1,-1
229,25,612.00,451.82,52.09,179.70,1,-1,-1,-1
229,28,658.48,465.51,30.24,78.77,1,-1,-1,-1
229,29,551.53,456.06,24.71,64.26,1,-1,-1,-1
229,30,1050.06,487.72,41.36,104.98,1,-1,-1,-1
229,31,1085.90,484.30,40.30,114.90,1,-1,-1,-1
230,3,372.61,447.93,42.47,106.96,1,-1,-1,-1
230,4,753.89,419.51,269.85,580.85,1,-1,-1,-1
230,5,888.52,448.61,140.32,420.50,1,-1,-1,-1
230,18,1121.34,445.04,117.47,346.00,1,-1,-1,-1
230,19,484.89,453.57,29.78,106.04,1,-1,-1,-1
230,20,424.93,465.60,46.04,112.37,1,-1,-1,-1
230,23,513.75,455.25,34.71,109.13,1,-1,-1,-1
230,25,613.68,448.76,53.08,183.34,1,-1,-1,-1
230,28,661.63,462.72,29.09,79.98,1,-1,-1,-1
230,29,551.71,458.79,24.56,65.20,1,-1,-1,-1
230,30,1047.68,486.76,42.02,105.27,1,-1,-1,-1
230,31,1085.41,485.63,41.63,113.85,1,-1,-1,-1
231,3,372.51,447.76,42.63,106.36,1,-1,-1,-1
231,4,757.94,420.01,273.46,580.11,1,-1,-1,-1
231,18,1124.56,443.74,121.97,347.05,1,-1,-1,-1
231,19,483.01,452.62,29.72,105.80,1,-1,-1,-1
231,20,423.64,465.97,46.08,111.83,1,-1,-1,-1
231,23,514.16,455.42,34.63,109.67,1,-1,-1,-1
231,25,615.46,448.81,53.16,184.01,1,-1,-1,-1
231,28,660.84,461.22,28.61,80.97,1,-1,-1,-1
231,29,554.49,459.34,24.10,65.13,1,-1,-1,-1
231,30,1047.84,483.45,41.45,109.35,1,-1,-1,-1
231,31,1084.92,487.77,42.31,112.62,1,-1,-1,-1
232,3,372.19,447.41,42.82,106.67,1,-1,-1,-1
232,4,760.01,415.95,274.19,588.57,1,-1,-1,-1
232,18,1123.30,443.47,133.61,348.84,1,-1,-1,-1
232,19,482.16,453.17,29.50,104.40,1,-1,-1,-1
232,20,423.07,466.58,45.88,111.11,1,-1,-1,-1
232,23,514.54,456.00,34.54,109.27,1,-1,-1,-1
232,25,616.14,449.67,53.89,184.14,1,-1,-1,-1
232,28,658.10,461.08,28.67,85.05,1,-1,-1,-1
232,29,557.60,459.05,23.75,64.13,1,-1,-1,-1
232,30,1048.19,482.85,41.34,109.39,1,-1,-1,-1
232,31,1085.14,489.46,40.90,109.74,1,-1,-1,-1
233,3,371.78,447.38,43.51,106.83,1,-1,-1,-1
233,4,765.66,412.56,271.05,593.00,1,-1,-1,-1
233,18,1124.63,444.43,140.04,350.42,1,-1,-1,-1
233,19,485.87,454.02,28.66,104.96,1,-1,-1,-1
233,20,422.15,466.18,45.48,110.75,1,-1,-1,-1
233,23,514.83,455.49,34.09,109.99,1,-1,-1,-1
233,25,616.26,448.14,55.79,184.04,1,-1,-1,-1
233,28,657.25,462.08,28.67,85.05,1,-1,-1,-1
233,29,551.49,459.19,24.97,64.74,1,-1,-1,-1
233,30,1047.78,482.85,41.73,110.45,1,-1,-1,-1
233,31,1085.71,487.34,40.90,110.48,1,-1,-1,-1
234,3,371.19,447.28,44.06,107.09,1,-1,-1,-1
234,4,772.61,413.61,264.99,593.35,1,-1,-1,-1
234,18,1126.82,441.61,149.46,356.22,1,-1,-1,-1
234,19,492.47,454.65,27.22,106.39,1,-1,-1,-1
234,20,421.66,464.92,43.53,110.79,1,-1,-1,-1
234,23,514.29,454.89,34.24,110.49,1,-1,-1,-1
234,25,616.76,446.50,59.16,184.71,1,-1,-1,-1
234,28,656.40,463.08,28.67,85.05,1,-1,-1,-1
234,29,547.15,458.89,24.64,63.59,1,-1,-1,-1
234,30,1048.14,483.74,41.43,110.34,1,-1,-1,-1
234,31,1086.21,484.45,41.32,112.59,1,-1,-1,-1
235,3,370.60,447.20,43.95,106.47,1,-1,-1,-1
235,4,782.13,413.57,253.59,595.42,1,-1,-1,-1
235,18,1132.35,443.74,146.55,353.40,1,-1,-1,-1
235,19,498.15,453.82,27.07,108.85,1,-1,-1,-1
235,20,421.00,464.53,42.11,110.87,1,-1,-1,-1
235,23,514.15,453.89,33.72,111.06,1,-1,-1,-1
235,25,618.16,446.09,60.59,186.38,1,-1,-1,-1
235,28,655.55,464.08,28.67,85.05,1,-1,-1,-1
235,29,548.11,457.47,24.96,64.09,1,-1,-1,-1
235,30,1047.82,484.07,41.06,111.36,1,-1,-1,-1
235,31,1086.54,482.50,41.03,115.33,1,-1,-1,-1
235,32,470.20,453.90,29.70,106.70,1,-1,-1,-1
236,3,370.46,447.20,44.26,106.28,1,-1,-1,-1
236,4,789.81,411.25,249.82,595.54,1,-1,-1,-1
236,18,1134.09,446.85,147.35,352.21,1,-1,-1,-1
236,19,502.35,453.87,27.07,108.85,1,-1,-1,-1
236,20,420.53,464.39,42.17,110.82,1,-1,-1,-1
236,23,513.56,452.97,34.06,111.58,1,-1,-1,-1
236,25,619.59,447.78,62.77,186.89,1,-1,-1,-1
236,29,547.49,457.42,25.69,65.29,1,-1,-1,-1
236,30,1047.96,485.36,40.95,109.71,1,-1,-1,-1
236,31,1087.30,483.18,40.52,114.47,1,-1,-1,-1
236,32,469.22,454.46,31.31,106.28,1,-1,-1,-1
236,33,592.10,463.00,25.70,60.00,1,-1,-1,-1
237,3,369.92,447.18,44.57,106.57,1,-1,-1,-1
237,4,792.73,411.06,249.80,593.06,1,-1,-1,-1
237,18,1141.75,443.02,141.72,355.77,1,-1,-1,-1
237,19,506.55,453.92,27.07,108.85,1,-1,-1,-1
237,20,420.50,463.87,40.86,110.81,1,-1,-1,-1
237,23,512.93,452.98,34.37,111.52,1,-1,-1,-1
237,25,620.71,448.75,66.22,185.92,1,-1,-1,-1
237,29,546.17,458.14,26.05,65.93,1,-1,-1,-1
237,30,1047.46,484.93,41.75,108.79,1,-1,-1,-1
237,31,1086.29,482.34,42.61,116.24,1,-1,-1,-1
237,32,471.44,455.06,31.93,106.43,1,-1,-1,-1
237,33,590.84,461.39,24.79,61.19,1,-1,-1,-1
238,3,369.66,446.91,44.45,106.38,1,-1,-1,-1
238,4,798.66,405.48,243.22,603.59,1,-1,-1,-1
238,18,1143.55,443.07,143.59,356.28,1,-1,-1,-1
238,19,510.75,453.97,27.07,108.85,1,-1,-1,-1
238,20,420.16,463.78,40.68,110.31,1,-1,-1,-1
238,23,512.81,453.33,34.18,110.88,1,-1,-1,-1
238,25,622.69,450.46,70.20,183.87,1,-1,-1,-1
238,29,547.42,458.12,25.94,64.65,1,-1,-1,-1
238,30,1048.97,484.93,41.02,107.26,1,-1,-1,-1
238,31,1086.07,482.80,43.09,115.44,1,-1,-1,-1
238,32,473.46,456.11,32.26,105.99,1,-1,-1,-1
238,33,588.05,459.56,23.19,61.34,1,-1,-1,-1
239,3,370.00,446.74,44.42,105.97,1,-1,-1,-1
239,4,804.21,411.07,236.98,593.80,1,-1,-1,-1
239,18,1148.27,446.29,137.86,356.15,1,-1,-1,-1
239,20,420.27,463.40,39.78,111.42,1,-1,-1,-1
239,23,512.95,453.57,33.98,110.47,1,-1,-1,-1
239,25,625.64,450.87,73.28,182.84,1,-1,-1,-1
239,29,550.23,457.97,25.84,64.12,1,-1,-1,-1
239,30,1051.04,486.46,39.95,105.68,1,-1,-1,-1
239,31,1086.77,484.62,42.12,113.31,1,-1,-1,-1
239,32,473.02,456.85,33.20,106.14,1,-1,-1,-1
239,33,584.98,457.75,22.85,63.34,1,-1,-1,-1
239,34,1117.20,452.70,38.30,94.80,1,-1,-1,-1
240,3,369.93,447.38,44.61,104.59,1,-1,-1,-1
240,4,813.17,415.92,227.68,591.91,1,-1,-1,-1
240,18,1155.72,441.49,134.18,360.46,1,-1,-1,-1
240,20,419.14,463.81,39.24,110.92,1,-1,-1,-1
240,23,513.30,453.26,33.44,111.05,1,-1,-1,-1
240,25,627.52,448.86,75.04,183.16,1,-1,-1,-1
240,29,550.77,457.83,25.67,64.11,1,-1,-1,-1
240,30,1052.64,488.12,37.75,103.73,1,-1,-1,-1
240,31,1085.67,484.02,42.18,114.98,1,-1,-1,-1
240,32,474.10,456.39,32.57,106.74,1,-1,-1,-1
240,33,586.00,457.67,22.04,65.62,1,-1,-1,-1
240,34,1117.90,448.43,39.28,99.70,1,-1,-1,-1
241,3,369.92,447.35,44.81,104.74,1,-1,-1,-1
241,4,820.66,414.75,218.24,599.11,1,-1,-1,-1
241,18,1168.77,438.51,126.49,357.83,1,-1,-1,-1
241,20,418.94,463.73,38.02,111.19,1,-1,-1,-1
241,23,513.07,452.98,33.62,112.00,1,-1,-1,-1
241,25,628.56,448.23,76.83,184.45,1,-1,-1,-1
241,29,551.60,457.88,25.41,63.54,1,-1,-1,-1
241,30,1051.50,488.08,37.57,103.08,1,-1,-1,-1
241,31,1084.77,482.95,42.40,116.40,1,-1,-1,-1
241,32,474.59,455.69,32.66,107.06,1,-1,-1,-1
241,33,591.15,457.69,22.01,67.15,1,-1,-1,-1
241,34,1117.92,444.83,40.06,102.92,1,-1,-1,-1
242,3,369.94,446.80,44.73,105.06,1,-1,-1,-1
242,4,832.38,415.87,211.28,575.79,1,-1,-1,-1
242,18,1178.88,434.83,121.04,364.25,1,-1,-1,-1
242,20,419.33,463.04,37.52,111.90,1,-1,-1,-1
242,23,512.91,452.75,33.47,112.35,1,-1,-1,-1
242,25,629.82,449.77,75.55,183.43,1,-1,-1,-1
242,29,554.87,458.51,24.35,62.18,1,-1,-1,-1
242,30,1050.89,486.63,38.15,103.79,1,-1,-1,-1
242,31,1085.54,483.78,42.12,113.88,1,-1,-1,-1
242,32,474.34,456.13,32.34,105.97,1,-1,-1,-1
242,33,592.56,458.23,21.86,65.78,1,-1,-1,-1
242,34,1118.13,445.22,39.88,101.79,1,-1,-1,-1
243,3,370.23,446.65,44.50,105.23,1,-1,-1,-1
243,4,839.81,410.06,207.17,591.20,1,-1,-1,-1
243,18,1185.03,438.18,119.40,360.85,1,-1,-1,-1
243,20,419.17,462.85,37.15,112.46,1,-1,-1,-1
243,23,513.11,452.75,33.14,112.10,1,-1,-1,-1
243,25,630.88,451.16,74.67,184.81,1,-1,-1,-1
243,29,556.04,458.12,24.04,62.19,1,-1,-1,-1
243,30,1051.33,487.24,38.68,104.22,1,-1,-1,-1
243,31,1085.29,481.82,42.11,116.13,1,-1,-1,-1
243,32,474.71,456.30,32.17,105.57,1,-1,-1,-1
243,33,592.18,457.54,22.45,67.55,1,-1,-1,-1
243,34,1118.13,444.76,40.38,102.78,1,-1,-1,-1
244,3,370.24,447.04,44.78,104.86,1,-1,-1,-1
244,4,845.14,419.74,204.18,598.20,1,-1,-1,-1
244,18,1192.77,439.27,115.83,360.19,1,-1,-1,-1
244,20,418.37,463.05,37.54,112.07,1,-1,-1,-1
244,23,513.37,452.97,32.90,111.96,1,-1,-1,-1
244,25,631.72,451.20,74.55,185.85,1,-1,-1,-1
244,29,552.98,457.39,24.36,63.04,1,-1,-1,-1
244,30,1050.88,489.19,38.68,104.22,1,-1,-1,-1
244,31,1084.52,481.34,41.96,116.60,1,-1,-1,-1
244,32,475.55,456.50,31.84,105.87,1,-1,-1,-1
244,33,591.93,457.87,21.57,66.18,1,-1,-1,-1
244,34,1117.64,444.78,39.35,103.63,1,-1,-1,-1
245,3,370.34,446.59,44.93,105.45,1,-1,-1,-1
245,4,855.06,420.07,201.74,603.38,1,-1,-1,-1
245,18,1199.69,443.35,114.27,355.51,1,-1,-1,-1
245,20,417.90,464.12,37.37,110.76,1,-1,-1,-1
245,23,513.60,452.87,32.90,112.20,1,-1,-1,-1
245,25,630.92,451.19,75.01,185.33,1,-1,-1,-1
245,29,552.10,458.01,24.46,62.59,1,-1,-1,-1
245,30,1050.43,491.14,38.68,104.22,1,-1,-1,-1
245,31,1083.90,481.15,42.97,117.86,1,-1,-1,-1
245,32,475.15,456.30,32.72,107.22,1,-1,-1,-1
245,33,589.67,459.16,21.66,65.15,1,-1,-1,-1
245,34,1115.93,446.12,40.01,102.00,1,-1,-1,-1
246,3,370.49,446.82,44.91,104.78,1,-1,-1,-1
246,4,871.37,410.03,183.51,611.51,1,-1,-1,-1
246,18,1206.69,443.44,114.43,356.41,1,-1,-1,-1
246,20,417.02,465.05,37.53,110.37,1,-1,-1,-1
246,23,513.57,453.03,33.11,111.92,1,-1,-1,-1
246,25,631.73,450.49,76.54,187.76,1,-1,-1,-1
246,29,552.56,458.77,24.49,62.32,1,-1,-1,-1
246,30,1049.98,493.09,38.68,104.22,1,-1,-1,-1
246,31,1083.60,483.86,43.27,114.81,1,-1,-1,-1
246,32,474.94,456.67,33.20,107.42,1,-1,-1,-1
246,33,589.65,460.45,21.90,65.11,1,-1,-1,-1
246,34,1115.03,445.73,40.35,102.35,1,-1,-1,-1
246,35,777.20,438.50,149.80,437.80,1,-1,-1,-1
247,3,370.20,446.74,44.97,105.22,1,-1,-1,-1
247,4,880.90,402.39,176.78,625.85,1,-1,-1,-1
247,18,1211.55,442.36,119.31,358.99,1,-1,-1,-1
247,20,417.45,465.43,37.72,110.11,1,-1,-1,-1
247,23,513.68,452.46,32.82,112.40,1,-1,-1,-1
247,25,635.06,449.04,74.76,188.84,1,-1,-1,-1
247,29,548.47,458.74,24.99,64.06,1,-1,-1,-1
247,31,1083.65,481.17,43.71,117.04,1,-1,-1,-1
247,32,473.88,456.65,33.76,108.17,1,-1,-1,-1
247,33,589.72,460.29,21.69,64.54,1,-1,-1,-1
247,34,1114.36,444.15,39.48,105.46,1,-1,-1,-1
247,35,778.88,439.20,152.11,438.71,1,-1,-1,-1
248,3,370.13,447.11,45.20,105.13,1,-1,-1,-1
248,4,892.27,408.68,168.61,626.10,1,-1,-1,-1
248,18,1213.54,442.85,131.06,362.64,1,-1,-1,-1
248,20,417.99,465.60,37.99,110.24,1,-1,-1,-1
248,23,513.53,451.71,33.16,113.24,1,-1,-1,-1
248,25,636.50,448.81,72.83,188.32,1,-1,-1,-1
248,29,545.88,458.48,24.93,63.81,1,-1,-1,-1
248,31,1082.59,473.36,45.03,123.73,1,-1,-1,-1
248,32,472.37,456.46,34.42,108.61,1,-1,-1,-1
248,33,588.76,459.60,21.28,64.16,1,-1,-1,-1
248,34,1113.46,440.76,39.14,110.60,1,-1,-1,-1
248,35,780.18,438.71,151.26,439.40,1,-1,-1,-1
249,3,370.60,447.35,45.06,104.62,1,-1,-1,-1
249,4,899.89,405.02,168.25,639.19,1,-1,-1,-1
249,18,1215.56,441.15,145.79,369.75,1,-1,-1,-1
249,20,417.46,465.99,38.49,109.79,1,-1,-1,-1
249,23,513.48,451.32,32.70,113.98,1,-1,-1,-1
249,25,638.72,447.81,70.78,190.13,1,-1,-1,-1
249,29,547.93,457.49,24.56,63.24,1,-1,-1,-1
249,31,1080.67,469.83,47.04,125.60,1,-1,-1,-1
249,32,470.67,456.99,34.76,109.02,1,-1,-1,-1
249,33,587.36,458.38,21.85,64.19,1,-1,-1,-1
249,34,1109.50,440.58,41.07,114.80,1,-1,-1,-1
249,35,782.34,436.74,148.63,447.59,1,-1,-1,-1
250,3,371.13,446.12,44.74,106.15,1,-1,-1,-1
250,4,904.09,406.11,168.43,649.42,1,-1,-1,-1
250,18,1217.96,443.71,168.62,372.52,1,-1,-1,-1
250,20,415.85,464.88,38.85,110.57,1,-1,-1,-1
250,23,513.61,452.55,32.63,112.59,1,-1,-1,-1
250,25,641.15,447.37,68.41,190.11,1,-1,-1,-1
250,29,546.81,457.58,24.73,64.61,1,-1,-1,-1
250,31,1079.72,472.06,46.94,122.38,1,-1,-1,-1
250,32,471.41,457.96,33.60,107.05,1,-1,-1,-1
250,33,586.31,458.54,21.68,63.15,1,-1,-1,-1
250,34,1101.83,442.08,43.89,120.54,1,-1,-1,-1
250,35,790.37,439.57,143.50,448.72,1,-1,-1,-1
251,3,371.27,445.78,44.36,106.11,1,-1,-1,-1
251,4,909.73,403.81,169.18,654.72,1,-1,-1,-1
251,18,1220.07,441.19,186.38,377.89,1,-1,-1,-1
251,20,414.67,463.36,38.60,111.92,1,-1,-1,-1
251,23,513.64,452.74,32.54,112.81,1,-1,-1,-1
251,25,643.76,447.37,65.74,189.47,1,-1,-1,-1
251,29,546.65,458.64,24.50,63.48,1,-1,-1,-1
251,31,1077.00,477.60,48.59,118.40,1,-1,-1,-1
251,32,471.58,457.61,33.53,107.15,1,-1,-1,-1
251,33,588.84,458.48,21.97,63.60,1,-1,-1,-1
251,34,1100.92,443.34,44.53,117.99,1,-1,-1,-1
251,35,797.02,439.96,140.56,446.12,1,-1,-1,-1
252,3,370.74,445.86,44.53,106.59,1,-1,-1,-1
252,4,917.32,401.54,166.95,651.28,1,-1,-1,-1
252,18,1220.50,440.63,194.87,379.16,1,-1,-1,-1
252,20,415.05,463.30,38.88,112.54,1,-1,-1,-1
252,23,513.44,452.04,32.79,113.08,1,-1,-1,-1
252,25,646.15,449.46,65.99,186.20,1,-1,-1,-1
252,29,549.20,458.88,24.29,63.01,1,-1,-1,-1
252,31,1075.80,486.18,49.37,110.42,1,-1,-1,-1
252,32,470.18,458.35,32.95,106.21,1,-1,-1,-1
252,33,591.72,458.88,22.69,63.04,1,-1,-1,-1
252,34,1105.73,444.99,42.83,111.91,1,-1,-1,-1
252,35,799.04,436.88,140.80,449.11,1,-1,-1,-1
253,3,370.87,445.84,44.44,107.44,1,-1,-1,-1
253,4,919.96,405.00,163.70,643.59,1,-1,-1,-1
253,18,1227.81,439.15,196.64,382.55,1,-1,-1,-1
253,20,414.72,463.05,39.38,113.07,1,-1,-1,-1
253,23,513.47,451.71,33.43,113.58,1,-1,-1,-1
253,25,650.59,449.17,62.71,187.32,1,-1,-1,-1
253,29,548.65,459.43,24.58,64.05,1,-1,-1,-1
253,31,1077.80,487.80,48.69,106.00,1,-1,-1,-1
253,32,470.76,458.81,32.14,105.78,1,-1,-1,-1
253,33,590.66,458.45,23.75,63.64,1,-1,-1,-1
253,34,1105.54,447.34,44.28,108.96,1,-1,-1,-1
253,35,798.70,435.80,138.91,450.50,1,-1,-1,-1
254,3,371.22,445.77,44.48,107.41,1,-1,-1,-1
254,4,921.11,397.49,162.72,651.72,1,-1,-1,-1
254,18,1228.84,437.51,200.11,378.87,1,-1,-1,-1
254,20,413.70,462.84,39.89,113.44,1,-1,-1,-1
254,23,513.93,452.14,33.06,113.53,1,-1,-1,-1
254,25,652.64,447.91,61.65,188.29,1,-1,-1,-1
254,29,549.95,460.77,24.10,63.25,1,-1,-1,-1
254,31,1079.16,486.08,49.40,105.93,1,-1,-1,-1
254,32,470.96,459.41,31.20,105.86,1,-1,-1,-1
254,33,589.18,458.53,24.20,64.10,1,-1,-1,-1
254,34,1105.27,447.15,44.78,110.18,1,-1,-1,-1
254,35,802.24,437.13,137.71,453.23,1,-1,-1,-1
254,36,769.70,452.90,24.60,71.20,1,-1,-1,-1
255,3,371.60,445.97,44.56,106.98,1,-1,-1,-1
255,4,923.89,407.41,162.57,636.66,1,-1,-1,-1
255,18,1227.11,436.00,202.48,380.22,1,-1,-1,-1
255,20,412.30,463.73,40.53,112.92,1,-1,-1,-1
255,23,514.04,452.26,32.74,113.02,1,-1,-1,-1
255,25,653.60,447.75,62.60,188.93,1,-1,-1,-1
255,29,549.60,460.51,24.17,63.49,1,-1,-1,-1
255,31,1080.01,486.78,49.40,105.93,1,-1,-1,-1
255,32,470.26,460.72,31.48,104.42,1,-1,-1,-1
255,33,588.64,458.78,23.99,64.94,1,-1,-1,-1
255,34,1106.17,447.34,44.45,107.25,1,-1,-1,-1
255,35,805.33,444.84,134.62,444.60,1,-1,-1,-1
255,36,768.44,452.90,24.53,71.41,1,-1,-1,-1
255,37,1809.00,405.00,112.00,368.50,1,-1,-1,-1
256,3,371.42,446.02,44.59,106.58,1,-1,-1,-1
256,4,930.34,411.30,162.03,634.24,1,-1,-1,-1
256,18,1228.71,440.20,205.44,375.87,1,-1,-1,-1
256,20,411.76,464.11,39.88,112.63,1,-1,-1,-1
256,23,514.11,452.39,32.57,112.59,1,-1,-1,-1
256,25,655.56,447.52,61.69,189.61,1,-1,-1,-1
256,29,547.93,460.30,24.26,63.57,1,-1,-1,-1
256,31,1080.86,487.48,49.40,105.93,1,-1,-1,-1
256,32,470.41,460.70,32.40,104.20,1,-1,-1,-1
256,33,589.66,459.41,24.07,63.51,1,-1,-1,-1
256,34,1105.08,446.95,45.11,108.55,1,-1,-1,-1
256,35,806.17,444.14,131.60,450.41,1,-1,-1,-1
256,36,765.69,454.49,23.53,71.26,1,-1,-1,-1
256,37,1796.54,401.29,124.46,374.24,1,-1,-1,-1
257,3,370.94,445.92,44.60,106.10,1,-1,-1,-1
257,4,937.00,409.55,163.27,636.45,1,-1,-1,-1
257,18,1233.79,437.47,202.54,378.13,1,-1,-1,-1
257,20,411.04,464.70,40.17,112.19,1,-1,-1,-1
257,23,514.15,452.67,32.59,112.18,1,-1,-1,-1
257,25,656.74,448.32,62.26,189.25,1,-1,-1,-1
257,29,549.81,460.67,24.15,62.82,1,-1,-1,-1
257,31,1081.71,488.18,49.40,105.93,1,-1,-1,-1
257,32,470.00,460.53,32.05,103.92,1,-1,-1,-1
257,33,589.65,459.79,23.81,62.73,1,-1,-1,-1
257,34,1104.03,448.40,45.11,108.55,1,-1,-1,-1
257,35,809.14,442.41,131.32,455.72,1,-1,-1,-1
257,36,770.03,454.06,24.98,72.62,1,-1,-1,-1
257,37,1785.44,403.32,132.89,378.27,1,-1,-1,-1
258,3,371.09,445.55,44.39,106.17,1,-1,-1,-1
258,4,938.91,397.43,163.85,653.99,1,-1,-1,-1
258,18,1241.29,436.59,195.16,382.45,1,-1,-1,-1
258,20,408.52,464.16,41.94,112.27,1,-1,-1,-1
258,23,513.54,452.80,33.09,111.42,1,-1,-1,-1
258,25,658.12,448.73,63.34,192.16,1,-1,-1,-1
258,29,552.49,461.67,23.62,61.34,1,-1,-1,-1
258,32,470.95,460.49,31.25,103.28,1,-1,-1,-1
258,33,587.51,459.84,23.94,62.85,1,-1,-1,-1
258,34,1106.49,448.06,42.72,106.41,1,-1,-1,-1
258,35,811.00,437.76,132.36,461.38,1,-1,-1,-1
258,36,775.30,450.12,25.69,77.23,1,-1,-1,-1
258,37,1763.83,400.61,155.37,380.39,1,-1,-1,-1
259,3,370.97,445.76,44.54,106.89,1,-1,-1,-1
259,4,935.99,400.60,168.51,644.13,1,-1,-1,-1
259,18,1253.72,442.54,183.99,381.78,1,-1,-1,-1
259,20,407.44,463.88,42.26,112.22,1,-1,-1,-1
259,23,513.31,452.73,33.17,110.99,1,-1,-1,-1
259,25,659.26,450.29,63.59,189.95,1,-1,-1,-1
259,29,553.09,461.31,23.61,61.31,1,-1,-1,-1
259,32,472.16,459.72,30.86,103.71,1,-1,-1,-1
259,33,587.08,459.48,23.63,63.24,1,-1,-1,-1
259,34,1107.32,447.11,42.72,106.41,1,-1,-1,-1
259,35,811.57,438.38,132.67,457.75,1,-1,-1,-1
259,36,775.17,450.83,25.56,76.72,1,-1,-1,-1
259,37,1741.89,396.97,174.29,381.24,1,-1,-1,-1
260,3,371.30,446.44,44.37,105.85,1,-1,-1,-1
260,4,935.83,403.95,169.13,640.12,1,-1,-1,-1
260,18,1262.87,444.08,177.77,382.78,1,-1,-1,-1
260,20,407.44,464.23,42.99,112.28,1,-1,-1,-1
260,23,512.48,452.91,34.17,110.09,1,-1,-1,-1
260,25,661.56,450.94,63.46,189.14,1,-1,-1,-1
260,29,553.73,460.93,23.39,60.95,1,-1,-1,-1
260,32,471.38,459.64,29.98,103.98,1,-1,-1,-1
260,33,588.82,459.35,23.33,63.35,1,-1,-1,-1
260,34,1108.14,446.16,42.72,106.41,1,-1,-1,-1
260,35,814.27,432.37,129.40,474.03,1,-1,-1,-1
260,36,775.72,453.17,25.38,74.26,1,-1,-1,-1
260,37,1734.60,397.92,182.35,385.13,1,-1,-1,-1
261,3,370.45,445.04,44.67,107.49,1,-1,-1,-1
261,4,940.67,408.25,164.49,635.84,1,-1,-1,-1
261,18,1271.66,441.08,173.87,383.56,1,-1,-1,-1
261,20,406.69,464.16,42.23,112.29,1,-1,-1,-1
261,23,512.31,453.04,33.98,110.45,1,-1,-1,-1
261,25,663.31,451.25,65.03,188.76,1,-1,-1,-1
261,29,555.62,461.62,23.19,60.57,1,-1,-1,-1
261,32,470.37,459.49,29.71,103.58,1,-1,-1,-1
261,33,589.89,459.62,23.10,63.74,1,-1,-1,-1
261,34,1108.97,445.21,42.72,106.41,1,-1,-1,-1
261,35,816.26,434.11,129.19,480.10,1,-1,-1,-1
261,36,775.99,454.07,24.97,73.17,1,-1,-1,-1
261,37,1710.50,400.21,208.77,382.31,1,-1,-1,-1
262,3,369.24,446.14,45.67,107.57,1,-1,-1,-1
262,4,939.79,410.65,169.26,635.95,1,-1,-1,-1
262,18,1294.12,441.29,154.36,381.56,1,-1,-1,-1
262,20,405.43,464.08,42.14,112.65,1,-1,-1,-1
262,23,512.39,453.95,33.71,110.06,1,-1,-1,-1
262,25,663.72,451.38,67.32,189.98,1,-1,-1,-1
262,29,557.83,462.60,22.99,60.31,1,-1,-1,-1
262,32,470.55,459.03,28.65,103.73,1,-1,-1,-1
262,33,591.37,460.68,23.59,63.01,1,-1,-1,-1
262,34,1109.66,448.35,44.81,101.43,1,-1,-1,-1
262,35,818.15,433.08,130.25,487.38,1,-1,-1,-1
262,36,777.30,453.67,25.62,73.33,1,-1,-1,-1
262,37,1691.42,398.98,221.11,380.41,1,-1,-1,-1
263,3,369.93,446.62,45.55,107.80,1,-1,-1,-1
263,4,943.99,406.07,167.26,643.13,1,-1,-1,-1
263,18,1310.77,440.92,143.82,382.78,1,-1,-1,-1
263,20,404.49,463.55,42.74,113.10,1,-1,-1,-1
263,23,512.32,454.50,33.49,109.74,1,-1,-1,-1
263,25,666.64,452.28,67.52,191.46,1,-1,-1,-1
263,29,557.01,462.42,23.28,60.79,1,-1,-1,-1
263,32,470.02,459.11,28.27,103.92,1,-1,-1,-1
263,33,591.95,460.87,23.32,62.86,1,-1,-1,-1
263,34,1110.56,448.27,44.81,101.43,1,-1,-1,-1
263,35,819.03,431.44,129.51,487.60,1,-1,-1,-1
263,36,778.81,453.35,25.05,71.70,1,-1,-1,-1
263,37,1683.94,405.43,223.06,377.60,1,-1,-1,-1
264,3,370.44,445.91,44.82,107.87,1,-1,-1,-1
264,4,943.16,406.42,171.14,641.92,1,-1,-1,-1
264,18,1320.49,436.26,138.35,382.44,1,-1,-1,-1
264,20,403.02,464.43,42.64,112.26,1,-1,-1,-1
264,23,512.07,454.22,33.71,109.43,1,-1,-1,-1
264,25,668.79,452.79,67.22,191.00,1,-1,-1,-1
264,29,556.14,461.94,23.08,60.87,1,-1,-1,-1
264,32,468.35,458.82,28.08,103.56,1,-1,-1,-1
264,33,591.11,461.13,23.17,62.19,1,-1,-1,-1
264,34,1111.46,448.20,44.81,101.43,1,-1,-1,-1
264,35,821.06,432.47,128.45,485.50,1,-1,-1,-1
264,36,778.47,452.95,24.80,71.28,1,-1,-1,-1
264,37,1675.69,413.33,219.94,366.26,1,-1,-1,-1
264,38,1298.00,447.50,44.40,99.60,1,-1,-1,-1
265,3,371.09,445.53,44.59,108.66,1,-1,-1,-1
265,4,942.27,405.43,173.49,642.89,1,-1,-1,-1
265,18,1330.06,432.85,133.90,394.38,1,-1,-1,-1
265,20,401.94,463.73,43.17,112.36,1,-1,-1,-1
265,23,512.17,453.80,34.12,109.76,1,-1,-1,-1
265,25,669.55,451.42,68.61,192.26,1,-1,-1,-1
265,29,554.12,460.89,23.65,61.66,1,-1,-1,-1
265,32,466.02,459.02,28.44,103.66,1,-1,-1,-1
265,33,590.13,460.24,23.05,62.48,1,-1,-1,-1
265,34,1112.36,448.12,44.81,101.43,1,-1,-1,-1
265,35,824.10,422.49,125.41,501.04,1,-1,-1,-1
265,36,779.29,453.05,25.57,72.62,1,-1,-1,-1
265,37,1669.08,417.66,216.69,352.78,1,-1,-1,-1
265,38,1299.33,443.02,43.28,105.90,1,-1,-1,-1
266,3,370.87,445.24,44.88,108.13,1,-1,-1,-1
266,4,946.05,408.36,168.53,640.87,1,-1,-1,-1
266,18,1341.13,438.29,131.17,396.98,1,-1,-1,-1
266,20,402.06,463.81,43.12,111.20,1,-1,-1,-1
266,23,512.36,454.56,34.46,109.58,1,-1,-1,-1
266,25,673.36,450.04,68.25,193.97,1,-1,-1,-1
266,29,554.28,460.99,23.90,61.41,1,-1,-1,-1
266,32,463.79,460.17,30.30,103.06,1,-1,-1,-1
266,33,586.57,459.45,23.43,62.84,1,-1,-1,-1
266,35,822.45,434.57,128.27,485.12,1,-1,-1,-1
266,36,781.37,452.91,26.50,73.10,1,-1,-1,-1
266,37,1666.21,417.12,208.79,351.88,1,-1,-1,-1
266,38,1300.48,442.72,42.03,105.06,1,-1,-1,-1
267,3,370.47,445.11,44.89,107.62,1,-1,-1,-1
267,4,948.43,410.38,166.34,641.52,1,-1,-1,-1
267,18,1348.08,437.13,137.56,401.41,1,-1,-1,-1
267,20,400.92,464.87,43.46,111.55,1,-1,-1,-1
267,23,512.47,454.80,34.49,109.59,1,-1,-1,-1
267,25,676.05,448.61,67.03,194.13,1,-1,-1,-1
267,29,554.56,461.30,24.32,61.82,1,-1,-1,-1
267,32,462.92,461.10,31.07,102.60,1,-1,-1,-1
267,33,584.49,459.55,23.27,61.97,1,-1,-1,-1
267,35,823.96,438.91,130.32,482.38,1,-1,-1,-1
267,36,782.19,452.05,26.99,73.87,1,-1,-1,-1
267,37,1661.38,417.20,197.67,347.14,1,-1,-1,-1
267,38,1301.53,444.35,41.03,105.02,1,-1,-1,-1
268,3,370.45,446.30,45.18,108.17,1,-1,-1,-1
268,4,950.20,410.35,167.08,642.14,1,-1,-1,-1
268,18,1353.39,438.42,143.40,399.93,1,-1,-1,-1
268,20,398.02,465.16,43.77,112.56,1,-1,-1,-1
268,23,512.01,454.61,34.92,109.95,1,-1,-1,-1
268,25,678.18,449.03,65.61,191.24,1,-1,-1,-1
268,29,557.36,462.05,23.89,60.62,1,-1,-1,-1
268,32,462.21,460.71,31.37,104.91,1,-1,-1,-1
268,33,583.60,459.24,23.64,62.48,1,-1,-1,-1
268,35,824.47,435.95,131.43,481.83,1,-1,-1,-1
268,36,782.16,451.61,26.09,75.85,1,-1,-1,-1
268,37,1655.11,416.23,183.34,345.15,1,-1,-1,-1
268,38,1304.20,447.12,42.62,102.42,1,-1,-1,-1
268,39,653.20,467.50,26.20,62.80,1,-1,-1,-1
269,3,371.62,446.81,44.00,109.38,1,-1,-1,-1
269,4,948.04,407.64,169.12,643.86,1,-1,-1,-1
269,18,1351.74,440.75,166.71,399.49,1,-1,-1,-1
269,20,396.00,465.21,43.16,112.59,1,-1,-1,-1
269,23,511.43,454.96,34.97,110.26,1,-1,-1,-1
269,25,681.84,449.30,63.15,191.07,1,-1,-1,-1
269,29,560.79,462.34,23.76,60.47,1,-1,-1,-1
269,32,461.60,460.13,30.83,106.51,1,-1,-1,-1
269,33,584.15,460.02,23.82,62.63,1,-1,-1,-1
269,35,823.88,436.17,132.46,482.58,1,-1,-1,-1
269,36,783.13,452.50,26.59,75.47,1,-1,-1,-1
269,37,1648.97,416.03,169.03,341.20,1,-1,-1,-1
269,38,1306.18,448.06,42.33,101.91,1,-1,-1,-1
269,39,654.88,465.40,25.08,66.09,1,-1,-1,-1
270,3,373.16,447.05,43.16,110.51,1,-1,-1,-1
270,4,946.67,402.51,169.88,645.57,1,-1,-1,-1
270,18,1357.73,439.65,178.60,404.54,1,-1,-1,-1
270,20,393.24,464.33,42.91,112.88,1,-1,-1,-1
270,23,511.44,454.94,34.92,110.64,1,-1,-1,-1
270,25,685.85,448.95,61.65,191.37,1,-1,-1,-1
270,29,560.04,462.11,23.65,60.42,1,-1,-1,-1
270,32,461.55,460.40,30.39,106.57,1,-1,-1,-1
270,33,585.36,459.96,23.81,62.47,1,-1,-1,-1
270,35,824.22,434.14,131.58,482.38,1,-1,-1,-1
270,36,783.30,453.98,25.97,73.95,1,-1,-1,-1
270,37,1641.26,413.67,157.11,340.15,1,-1,-1,-1
270,38,1305.93,448.76,42.33,101.91,1,-1,-1,-1
270,39,654.60,463.94,24.32,68.76,1,-1,-1,-1
271,3,374.21,447.88,42.63,111.41,1,-1,-1,-1
271,4,952.06,403.86,169.68,644.89,1,-1,-1,-1
271,18,1363.19,442.38,189.38,402.76,1,-1,-1,-1
271,20,406.72,465.47,34.92,107.15,1,-1,-1,-1
271,23,511.74,454.95,34.63,110.54,1,-1,-1,-1
271,25,690.20,448.15,60.63,193.91,1,-1,-1,-1
271,29,559.53,461.74,23.40,60.76,1,-1,-1,-1
271,32,460.54,460.86,31.31,106.10,1,-1,-1,-1
271,33,585.70,459.27,23.59,62.42,1,-1,-1,-1
271,35,822.83,435.21,135.51,482.19,1,-1,-1,-1
271,36,783.58,458.15,25.50,70.90,1,-1,-1,-1
271,37,1634.18,415.87,139.53,337.10,1,-1,-1,-1
271,38,1305.68,449.46,42.33,101.91,1,-1,-1,-1
271,39,651.45,463.02,25.29,69.49,1,-1,-1,-1
272,3,388.34,460.82,42.47,112.31,1,-1,-1,-1
272,4,956.15,406.00,166.82,642.10,1,-1,-1,-1
272,18,1365.82,441.79,194.99,405.03,1,-1,-1,-1
272,20,422.47,463.62,34.92,107.15,1,-1,-1,-1
272,23,511.64,455.03,34.68,110.93,1,-1,-1,-1
272,25,692.02,448.54,63.20,195.51,1,-1,-1,-1
272,29,559.39,461.55,23.26,60.72,1,-1,-1,-1
272,32,460.76,460.59,31.09,106.59,1,-1,-1,-1
272,33,584.94,459.62,23.46,61.57,1,-1,-1,-1
272,35,823.18,437.05,138.79,482.62,1,-1,-1,-1
272,36,785.48,461.50,25.50,70.90,1,-1,-1,-1
272,37,1626.97,414.60,125.09,334.30,1,-1,-1,-1
272,38,1305.43,450.16,42.33,101.91,1,-1,-1,-1
272,39,651.53,462.52,26.35,70.34,1,-1,-1,-1
273,3,397.82,469.55,41.72,112.86,1,-1,-1,-1
273,4,956.70,402.89,166.25,647.07,1,-1,-1,-1
273,18,1367.79,440.86,197.59,407.25,1,-1,-1,-1
273,20,438.22,461.77,34.92,107.15,1,-1,-1,-1
273,23,511.44,455.24,34.90,111.19,1,-1,-1,-1
273,25,693.28,447.80,64.67,195.43,1,-1,-1,-1
273,29,558.51,460.59,23.29,61.13,1,-1,-1,-1
273,32,460.06,459.38,31.45,107.23,1,-1,-1,-1
273,33,584.33,459.47,23.28,61.38,1,-1,-1,-1
273,35,823.43,433.16,140.55,484.42,1,-1,-1,-1
273,36,787.38,464.85,25.50,70.90,1,-1,-1,-1
273,37,1618.71,408.07,113.69,340.18,1,-1,-1,-1
273,39,654.40,463.71,27.71,70.59,1,-1,-1,-1
273,40,638.50,461.60,26.40,63.30,1,-1,-1,-1
274,3,393.81,466.53,41.50,112.82,1,-1,-1,-1
274,4,961.81,401.62,162.22,649.96,1,-1,-1,-1
274,18,1369.84,439.31,203.76,412.04,1,-1,-1,-1
274,20,453.97,459.92,34.92,107.15,1,-1,-1,-1
274,23,511.47,454.81,34.90,111.62,1,-1,-1,-1
274,25,695.72,445.78,67.98,199.19,1,-1,-1,-1
274,29,556.62,459.62,23.51,61.88,1,-1,-1,-1
274,32,458.21,457.52,31.97,108.47,1,-1,-1,-1
274,33,583.33,459.29,23.01,61.53,1,-1,-1,-1
274,35,825.07,431.48,139.88,484.27,1,-1,-1,-1
274,36,789.28,468.20,25.50,70.90,1,-1,-1,-1
274,37,1608.69,406.04,110.83,347.12,1,-1,-1,-1
274,39,657.45,463.61,28.47,72.00,1,-1,-1,-1
274,40,634.16,461.04,25.91,61.76,1,-1,-1,-1
275,3,392.09,465.79,41.64,112.95,1,-1,-1,-1
275,4,966.49,401.28,161.86,652.86,1,-1,-1,-1
275,18,1376.87,439.21,197.49,409.63,1,-1,-1,-1
275,23,511.44,454.67,34.90,111.33,1,-1,-1,-1
275,25,699.72,446.15,71.14,198.85,1,-1,-1,-1
275,29,555.66,460.17,23.85,61.68,1,-1,-1,-1
275,32,457.41,456.72,31.57,109.40,1,-1,-1,-1
275,33,581.84,460.32,23.00,60.88,1,-1,-1,-1
275,35,825.30,430.32,142.49,488.70,1,-1,-1,-1
275,37,1593.15,412.99,121.73,339.90,1,-1,-1,-1
275,39,656.66,461.69,27.51,72.35,1,-1,-1,-1
275,40,629.21,460.02,25.83,61.23,1,-1,-1,-1
276,3,391.10,465.23,42.24,113.12,1,-1,-1,-1
276,4,970.23,396.81,156.71,663.81,1,-1,-1,-1
276,18,1385.63,439.06,198.41,409.82,1,-1,-1,-1
276,23,511.80,455.32,34.62,110.61,1,-1,-1,-1
276,25,702.64,444.74,73.70,202.24,1,-1,-1,-1
276,29,556.01,460.92,24.10,61.41,1,-1,-1,-1
276,32,456.96,456.58,31.73,109.26,1,-1,-1,-1
276,33,581.84,460.83,23.14,60.54,1,-1,-1,-1
276,35,824.78,431.72,144.39,486.32,1,-1,-1,-1
276,37,1576.20,416.48,128.71,332.97,1,-1,-1,-1
276,39,655.74,460.57,27.50,72.73,1,-1,-1,-1
276,40,628.85,459.80,26.02,61.56,1,-1,-1,-1
277,3,390.38,465.06,41.58,112.69,1,-1,-1,-1
277,4,971.47,398.09,156.70,662.82,1,-1,-1,-1
277,18,1394.81,440.86,200.78,406.87,1,-1,-1,-1
277,23,511.92,455.62,34.47,110.32,1,-1,-1,-1
277,25,704.43,445.21,75.87,203.61,1,-1,-1,-1
277,29,557.70,461.16,24.10,60.84,1,-1,-1,-1
277,32,456.33,456.89,31.57,107.89,1,-1,-1,-1
277,33,581.90,460.71,23.46,60.86,1,-1,-1,-1
277,35,824.12,432.92,145.45,484.63,1,-1,-1,-1
277,37,1563.34,416.99,136.47,330.19,1,-1,-1,-1
277,39,657.30,461.86,27.29,72.01,1,-1,-1,-1
277,40,629.08,459.76,25.66,61.31,1,-1,-1,-1
278,3,389.83,465.21,41.94,112.84,1,-1,-1,-1
278,4,976.99,400.95,157.61,645.66,1,-1,-1,-1
278,18,1405.25,433.03,194.14,414.59,1,-1,-1,-1
278,23,511.20,455.66,34.63,110.24,1,-1,-1,-1
278,25,706.38,444.98,79.81,205.77,1,-1,-1,-1
278,29,560.28,461.59,24.10,60.81,1,-1,-1,-1
278,32,455.23,457.77,31.59,107.69,1,-1,-1,-1
278,33,580.58,461.07,23.98,60.96,1,-1,-1,-1
278,35,824.50,430.71,148.21,490.49,1,-1,-1,-1
278,37,1552.44,419.71,144.12,331.39,1,-1,-1,-1
278,39,658.32,462.25,26.67,71.79,1,-1,-1,-1
278,40,620.45,459.61,24.50,58.92,1,-1,-1,-1
278,41,1324.80,445.90,47.40,105.40,1,-1,-1,-1
279,3,390.14,465.78,42.68,112.11,1,-1,-1,-1
279,4,981.77,402.08,155.71,641.28,1,-1,-1,-1
279,18,1414.68,430.69,182.28,413.90,1,-1,-1,-1
279,23,510.31,455.65,34.96,110.35,1,-1,-1,-1
279,25,709.07,442.20,84.56,209.99,1,-1,-1,-1
279,29,562.14,462.09,24.38,60.80,1,-1,-1,-1
279,32,453.31,459.43,32.30,106.79,1,-1,-1,-1
279,33,579.26,461.56,24.55,60.71,1,-1,-1,-1
279,35,825.41,426.63,150.16,497.36,1,-1,-1,-1
279,37,1543.93,419.22,147.68,330.70,1,-1,-1,-1
279,39,658.25,462.49,26.97,72.43,1,-1,-1,-1
279,40,617.61,459.78,24.64,59.19,1,-1,-1,-1
279,41,1326.41,444.71,45.79,106.31,1,-1,-1,-1
280,3,390.01,465.74,42.49,111.68,1,-1,-1,-1
280,4,982.26,403.74,157.45,644.72,1,-1,-1,-1
280,18,1426.49,431.29,174.74,418.52,1,-1,-1,-1
280,23,509.84,455.82,34.99,109.90,1,-1,-1,-1
280,25,710.60,442.60,90.40,208.32,1,-1,-1,-1
280,29,564.30,462.44,24.88,60.31,1,-1,-1,-1
280,32,452.42,460.11,32.23,105.96,1,-1,-1,-1
280,33,578.30,462.10,25.22,60.56,1,-1,-1,-1
280,35,825.67,428.65,152.15,489.83,1,-1,-1,-1
280,37,1544.62,415.11,143.98,330.35,1,-1,-1,-1
280,39,658.36,462.77,26.22,72.69,1,-1,-1,-1
280,40,621.53,461.32,24.12,58.15,1,-1,-1,-1
280,41,1328.64,443.69,44.68,106.02,1,-1,-1,-1
281,3,389.47,465.54,42.92,111.20,1,-1,-1,-1
281,4,983.23,405.32,157.14,647.16,1,-1,-1,-1
281,18,1443.00,433.14,163.86,419.07,1,-1,-1,-1
281,23,509.85,456.07,35.00,109.41,1,-1,-1,-1
281,25,715.68,445.05,89.77,199.42,1,-1,-1,-1
281,29,564.86,462.18,25.46,60.51,1,-1,-1,-1
281,32,452.03,460.90,31.37,105.64,1,-1,-1,-1
281,33,578.18,461.98,25.55,60.87,1,-1,-1,-1
281,35,828.65,427.47,154.70,493.31,1,-1,-1,-1
281,37,1543.91,416.97,130.69,335.91,1,-1,-1,-1
281,39,658.17,462.01,26.07,74.24,1,-1,-1,-1
281,40,615.87,460.44,24.04,57.20,1,-1,-1,-1
281,41,1331.32,442.52,44.06,105.24,1,-1,-1,-1
282,3,388.46,465.83,44.02,110.71,1,-1,-1,-1
282,4,984.64,404.01,155.71,652.37,1,-1,-1,-1
282,18,1455.13,427.71,152.13,429.24,1,-1,-1,-1
282,23,510.12,456.18,34.65,109.26,1,-1,-1,-1
282,25,717.55,448.70,91.33,197.37,1,-1,-1,-1
282,29,554.09,460.58,26.19,66.10,1,-1,-1,-1
282,32,451.39,461.57,30.62,105.40,1,-1,-1,-1
282,33,579.05,461.43,25.73,60.96,1,-1,-1,-1
282,35,830.18,426.79,158.06,494.70,1,-1,-1,-1
282,37,1529.13,422.75,143.44,340.94,1,-1,-1,-1
282,39,658.45,461.52,25.95,75.26,1,-1,-1,-1
282,40,605.76,459.08,24.22,57.48,1,-1,-1,-1
282,41,1335.83,441.05,42.76,106.68,1,-1,-1,-1
283,3,388.25,466.16,43.80,110.77,1,-1,-1,-1
283,4,984.65,400.62,157.03,653.93,1,-1,-1,-1
283,18,1466.08,426.01,144.55,429.49,1,-1,-1,-1
283,23,510.09,456.33,34.68,109.36,1,-1,-1,-1
283,25,716.83,451.54,94.11,197.88,1,-1,-1,-1
283,29,549.09,461.32,26.20,66.52,1,-1,-1,-1
283,32,451.75,460.57,30.47,105.47,1,-1,-1,-1
283,33,580.50,460.94,25.92,60.71,1,-1,-1,-1
283,35,835.33,428.52,157.25,495.68,1,-1,-1,-1
283,37,1525.08,427.65,143.44,340.94,1,-1,-1,-1
283,39,658.92,461.47,25.49,75.15,1,-1,-1,-1
283,40,597.70,458.80,24.56,58.12,1,-1,-1,-1
283,41,1339.91,441.37,41.88,107.67,1,-1,-1,-1
284,3,387.19,465.00,44.01,112.47,1,-1,-1,-1
284,4,986.46,399.25,157.85,655.66,1,-1,-1,-1
284,18,1475.20,431.49,151.37,423.97,1,-1,-1,-1
284,23,510.17,456.40,34.56,109.25,1,-1,-1,-1
284,25,717.21,450.65,93.61,196.70,1,-1,-1,-1
284,29,554.52,461.28,25.85,66.30,1,-1,-1,-1
284,32,450.91,459.67,32.10,105.91,1,-1,-1,-1
284,33,581.36,460.94,25.84,60.91,1,-1,-1,-1
284,35,839.19,429.91,162.81,498.07,1,-1,-1,-1
284,37,1521.03,432.55,143.44,340.94,1,-1,-1,-1
284,39,660.01,462.19,25.29,74.76,1,-1,-1,-1
284,40,591.80,458.90,24.56,58.12,1,-1,-1,-1
284,41,1342.51,441.81,41.33,108.74,1,-1,-1,-1
285,3,385.74,464.89,44.63,111.93,1,-1,-1,-1
285,4,989.45,400.87,155.01,650.86,1,-1,-1,-1
285,18,1482.27,436.62,161.68,422.03,1,-1,-1,-1
285,23,510.40,456.13,34.17,109.00,1,-1,-1,-1
285,25,717.54,448.65,91.15,199.57,1,-1,-1,-1
285,29,562.14,461.30,25.74,62.73,1,-1,-1,-1
285,32,449.56,459.69,32.24,105.06,1,-1,-1,-1
285,33,579.88,461.41,25.88,61.53,1,-1,-1,-1
285,35,841.52,422.00,162.87,506.77,1,-1,-1,-1
285,37,1516.98,437.45,143.44,340.94,1,-1,-1,-1
285,39,660.46,462.28,25.65,74.86,1,-1,-1,-1
285,40,592.41,459.49,25.43,58.46,1,-1,-1,-1
285,41,1345.15,442.52,41.94,108.36,1,-1,-1,-1
286,3,386.05,465.79,45.94,110.79,1,-1,-1,-1
286,4,990.66,401.33,158.08,652.64,1,-1,-1,-1
286,18,1485.38,436.74,173.94,426.42,1,-1,-1,-1
286,23,510.21,456.35,34.19,108.44,1,-1,-1,-1
286,25,720.02,446.79,87.48,202.25,1,-1,-1,-1
286,29,565.97,460.52,25.71,61.66,1,-1,-1,-1
286,32,448.73,459.39,32.35,104.67,1,-1,-1,-1
286,33,578.53,461.72,26.03,61.51,1,-1,-1,-1
286,35,838.65,427.10,169.40,499.09,1,-1,-1,-1
286,39,659.74,461.14,26.03,75.10,1,-1,-1,-1
286,40,592.86,459.77,24.99,58.70,1,-1,-1,-1
286,41,1349.30,443.23,41.00,109.23,1,-1,-1,-1
287,3,384.90,463.05,43.88,111.36,1,-1,-1,-1
287,4,993.02,406.64,158.17,632.17,1,-1,-1,-1
287,18,1487.37,436.12,190.99,430.05,1,-1,-1,-1
287,23,509.83,456.08,33.99,108.83,1,-1,-1,-1
287,25,726.72,444.65,82.45,205.86,1,-1,-1,-1
287,29,562.45,460.75,25.35,61.41,1,-1,-1,-1
287,32,450.63,459.06,31.06,103.01,1,-1,-1,-1
287,33,577.90,461.23,26.08,61.29,1,-1,-1,-1
287,35,840.61,430.13,166.25,493.43,1,-1,-1,-1
287,39,658.70,460.45,26.22,74.47,1,-1,-1,-1
287,40,598.00,459.05,25.42,58.49,1,-1,-1,-1
287,41,1350.35,444.25,41.91,107.95,1,-1,-1,-1
287,42,406.80,471.40,46.60,104.00,1,-1,-1,-1
288,3,382.54,460.67,43.05,111.46,1,-1,-1,-1
288,4,996.21,409.17,156.58,629.88,1,-1,-1,-1
288,18,1494.32,435.42,211.23,437.50,1,-1,-1,-1
288,23,509.67,456.35,34.07,107.90,1,-1,-1,-1
288,25,729.58,443.96,81.58,206.94,1,-1,-1,-1
288,29,559.88,461.00,25.46,61.12,1,-1,-1,-1
288,32,450.37,458.58,31.02,103.07,1,-1,-1,-1
288,33,577.91,461.26,25.95,60.46,1,-1,-1,-1
288,35,840.49,432.59,172.87,498.17,1,-1,-1,-1
288,39,658.68,460.62,26.42,72.88,1,-1,-1,-1
288,40,599.74,458.59,24.91,58.36,1,-1,-1,-1
288,41,1350.76,443.22,45.61,107.91,1,-1,-1,-1
288,42,407.92,470.77,46.67,104.91,1,-1,-1,-1
289,3,382.98,461.61,43.51,111.00,1,-1,-1,-1
289,4,999.13,411.59,154.42,635.42,1,-1,-1,-1
289,18,1494.87,436.81,227.94,444.29,1,-1,-1,-1
289,23,509.79,455.95,34.09,108.74,1,-1,-1,-1
289,25,731.03,444.10,78.93,207.05,1,-1,-1,-1
289,29,560.56,461.24,25.42,61.39,1,-1,-1,-1
289,32,450.11,459.30,30.52,101.48,1,-1,-1,-1
289,33,577.18,461.30,25.99,60.98,1,-1,-1,-1
289,35,845.31,436.58,173.80,501.55,1,-1,-1,-1
289,39,659.20,459.73,26.82,74.57,1,-1,-1,-1
289,40,596.84,458.71,23.78,58.46,1,-1,-1,-1
289,41,1352.85,442.70,48.82,107.69,1,-1,-1,-1
289,42,409.38,471.42,46.97,104.06,1,-1,-1,-1
290,3,383.21,461.56,43.50,111.49,1,-1,-1,-1
290,4,998.62,406.24,156.65,638.91,1,-1,-1,-1
290,18,1496.34,437.67,238.34,443.11,1,-1,-1,-1
290,23,509.38,455.71,34.45,108.50,1,-1,-1,-1
290,25,735.44,444.17,74.43,207.30,1,-1,-1,-1
290,29,560.54,461.82,25.55,61.47,1,-1,-1,-1
290,32,450.40,459.26,30.64,101.77,1,-1,-1,-1
290,33,576.59,462.22,26.00,60.71,1,-1,-1,-1
290,35,849.02,430.90,169.88,496.83,1,-1,-1,-1
290,39,659.43,459.40,26.67,75.78,1,-1,-1,-1
290,40,596.44,459.44,24.36,57.72,1,-1,-1,-1
290,41,1353.62,440.78,51.05,110.50,1,-1,-1,-1
290,42,409.16,470.64,47.27,104.86,1,-1,-1,-1
290,43,1152.10,448.40,48.80,106.40,1,-1,-1,-1
291,3,382.94,461.52,43.57,111.36,1,-1,-1,-1
291,4,1002.31,402.37,154.09,635.26,1,-1,-1,-1
291,18,1500.22,435.11,245.52,442.89,1,-1,-1,-1
291,23,509.43,454.98,34.41,108.85,1,-1,-1,-1
291,25,740.30,444.28,71.33,207.79,1,-1,-1,-1
291,29,560.85,462.19,25.37,60.79,1,-1,-1,-1
291,32,450.94,459.72,31.03,100.81,1,-1,-1,-1
291,33,577.46,462.89,25.79,60.35,1,-1,-1,-1
291,35,850.15,428.21,168.91,495.20,1,-1,-1,-1
291,39,659.36,458.80,26.69,76.07,1,-1,-1,-1
291,40,597.40,460.00,24.46,57.08,1,-1,-1,-1
291,41,1354.68,439.76,51.50,112.18,1,-1,-1,-1
291,42,407.27,470.26,47.85,105.10,1,-1,-1,-1
291,43,1153.50,446.86,48.73,109.48,1,-1,-1,-1
292,3,383.18,462.20,43.52,111.60,1,-1,-1,-1
292,4,1000.08,404.03,155.50,632.70,1,-1,-1,-1
292,18,1504.79,435.24,248.66,446.05,1,-1,-1,-1
292,23,509.01,454.87,35.17,109.31,1,-1,-1,-1
292,25,745.76,444.93,67.67,206.82,1,-1,-1,-1
292,29,559.26,461.70,25.46,60.52,1,-1,-1,-1
292,32,449.36,460.18,30.52,100.03,1,-1,-1,-1
292,33,577.37,462.72,25.66,59.34,1,-1,-1,-1
292,35,850.84,432.45,170.86,492.61,1,-1,-1,-1
292,39,658.47,459.42,26.91,75.04,1,-1,-1,-1
292,40,599.61,459.76,24.63,56.53,1,-1,-1,-1
292,41,1355.96,439.75,50.66,113.03,1,-1,-1,-1
292,42,407.32,470.83,47.05,104.61,1,-1,-1,-1
292,43,1155.07,445.35,48.22,111.59,1,-1,-1,-1
293,3,382.29,462.89,44.00,111.32,1,-1,-1,-1
293,4,998.22,408.89,155.08,626.82,1,-1,-1,-1
293,18,1515.57,433.85,242.88,452.45,1,-1,-1,-1
293,23,508.13,455.21,35.82,109.79,1,-1,-1,-1
293,25,748.77,444.11,66.92,205.05,1,-1,-1,-1
293,29,558.69,461.24,25.35,60.37,1,-1,-1,-1
293,32,445.42,462.31,30.16,95.67,1,-1,-1,-1
293,33,576.36,461.96,25.69,59.45,1,-1,-1,-1
293,35,850.46,433.42,172.29,491.34,1,-1,-1,-1
293,39,658.38,460.73,26.97,73.47,1,-1,-1,-1
293,40,601.25,459.20,24.19,56.44,1,-1,-1,-1
293,41,1357.78,440.17,50.76,111.47,1,-1,-1,-1
293,42,409.59,471.58,47.29,103.27,1,-1,-1,-1
293,43,1156.76,444.00,48.07,113.84,1,-1,-1,-1
294,3,381.95,463.15,44.56,111.59,1,-1,-1,-1
294,4,1001.84,407.77,155.93,617.15,1,-1,-1,-1
294,18,1518.67,431.06,241.63,458.58,1,-1,-1,-1
294,23,508.24,455.62,35.60,109.38,1,-1,-1,-1
294,25,752.04,444.06,65.65,200.12,1,-1,-1,-1
294,29,558.05,461.68,25.94,61.86,1,-1,-1,-1
294,32,441.65,462.43,31.87,96.53,1,-1,-1,-1
294,33,574.94,462.60,26.33,59.42,1,-1,-1,-1
294,35,854.41,433.01,169.71,494.32,1,-1,-1,-1
294,39,659.59,460.88,26.15,72.93,1,-1,-1,-1
294,40,598.53,459.63,23.22,55.92,1,-1,-1,-1
294,41,1359.53,441.14,51.35,110.09,1,-1,-1,-1
294,42,410.74,470.80,48.56,104.06,1,-1,-1,-1
294,43,1159.61,444.60,47.32,111.15,1,-1,-1,-1
294,44,1399.50,425.40,151.80,291.20,1,-1,-1,-1
295,3,382.72,463.38,44.66,111.53,1,-1,-1,-1
295,4,1004.60,404.62,157.59,613.61,1,-1,-1,-1
295,18,1521.97,424.53,241.75,455.72,1,-1,-1,-1
295,23,508.58,455.54,35.46,109.25,1,-1,-1,-1
295,25,755.68,442.17,66.45,203.18,1,-1,-1,-1
295,29,553.78,462.22,26.12,62.52,1,-1,-1,-1
295,32,443.75,461.30,31.40,97.35,1,-1,-1,-1
295,33,575.79,462.88,26.17,59.26,1,-1,-1,-1
295,35,860.44,431.86,165.78,496.55,1,-1,-1,-1
295,39,659.85,460.29,25.98,74.03,1,-1,-1,-1
295,40,595.56,460.02,23.34,56.12,1,-1,-1,-1
295,41,1360.85,440.59,53.27,111.01,1,-1,-1,-1
295,42,410.35,470.67,48.94,103.88,1,-1,-1,-1
295,43,1161.11,443.44,47.03,112.10,1,-1,-1,-1
295,44,1397.96,426.10,153.76,286.44,1,-1,-1,-1
296,3,382.18,462.66,44.13,112.28,1,-1,-1,-1
296,4,1004.64,404.56,159.14,629.70,1,-1,-1,-1
296,18,1523.70,426.34,239.05,460.96,1,-1,-1,-1
296,23,508.68,455.62,35.35,108.94,1,-1,-1,-1
296,25,759.36,442.75,65.79,204.18,1,-1,-1,-1
296,29,552.17,461.33,26.18,63.00,1,-1,-1,-1
296,32,447.55,459.10,31.40,97.35,1,-1,-1,-1
296,33,577.76,462.26,26.12,59.36,1,-1,-1,-1
296,35,868.83,431.27,159.98,499.52,1,-1,-1,-1
296,39,659.00,460.82,26.06,73.59,1,-1,-1,-1
296,40,595.26,460.08,23.73,56.52,1,-1,-1,-1
296,41,1363.90,439.54,53.27,111.01,1,-1,-1,-1
296,42,411.02,470.54,48.49,104.24,1,-1,-1,-1
296,43,1162.40,443.33,47.92,112.80,1,-1,-1,-1
296,44,1392.43,423.84,149.80,290.96,1,-1,-1,-1
296,45,828.60,482.20,58.20,63.90,1,-1,-1,-1
297,3,381.59,462.05,43.83,113.06,1,-1,-1,-1
297,4,1006.39,409.87,156.59,622.07,1,-1,-1,-1
297,18,1536.89,433.52,222.22,459.73,1,-1,-1,-1
297,23,508.29,455.40,35.66,109.05,1,-1,-1,-1
297,25,761.40,443.68,65.17,205.03,1,-1,-1,-1
297,29,553.02,460.66,26.26,62.86,1,-1,-1,-1
297,32,451.35,456.90,31.40,97.35,1,-1,-1,-1
297,33,578.25,461.43,26.25,59.67,1,-1,-1,-1
297,35,864.10,428.80,170.08,504.62,1,-1,-1,-1
297,39,659.08,460.84,25.81,73.67,1,-1,-1,-1
297,40,594.15,459.82,23.99,57.21,1,-1,-1,-1
297,41,1366.95,438.49,53.27,111.01,1,-1,-1,-1
297,42,412.11,469.40,47.80,104.77,1,-1,-1,-1
297,43,1162.95,443.06,49.73,112.52,1,-1,-1,-1
297,44,1386.49,428.12,141.75,287.07,1,-1,-1,-1
297,45,830.56,479.96,57.85,65.79,1,-1,-1,-1
298,3,382.23,462.13,43.25,113.02,1,-1,-1,-1
298,4,1008.60,404.37,155.83,618.87,1,-1,-1,-1
298,18,1554.20,431.40,210.16,463.63,1,-1,-1,-1
298,23,507.98,455.74,35.76,108.39,1,-1,-1,-1
298,25,762.79,444.39,65.19,204.03,1,-1,-1,-1
298,29,552.56,459.89,26.29,63.45,1,-1,-1,-1
298,32,445.03,459.74,30.35,97.52,1,-1,-1,-1
298,33,578.80,460.40,26.28,59.97,1,-1,-1,-1
298,35,870.10,433.87,160.15,496.21,1,-1,-1,-1
298,39,660.04,461.82,25.38,72.92,1,-1,-1,-1
298,40,595.72,458.55,25.26,58.25,1,-1,-1,-1
298,41,1370.00,437.44,53.27,111.01,1,-1,-1,-1
298,42,411.07,469.28,47.31,104.86,1,-1,-1,-1
298,43,1163.57,442.51,49.15,112.02,1,-1,-1,-1
298,44,1387.55,430.60,130.02,284.15,1,-1,-1,-1
298,45,833.59,478.31,54.88,67.62,1,-1,-1,-1
299,3,382.21,462.14,43.00,113.08,1,-1,-1,-1
299,4,1013.57,405.04,157.91,626.80,1,-1,-1,-1
299,18,1570.94,432.77,200.74,458.71,1,-1,-1,-1
299,23,507.33,455.49,35.93,108.40,1,-1,-1,-1
299,25,764.44,444.57,65.97,205.48,1,-1,-1,-1
299,29,557.89,460.48,25.67,61.38,1,-1,-1,-1
299,32,439.82,462.82,29.62,96.88,1,-1,-1,-1
299,33,579.34,460.17,26.09,59.64,1,-1,-1,-1
299,35,875.47,428.76,154.94,505.79,1,-1,-1,-1
299,39,659.59,462.82,25.53,72.00,1,-1,-1,-1
299,40,599.63,457.93,25.29,58.08,1,-1,-1,-1
299,42,409.99,470.96,46.67,104.61,1,-1,-1,-1
299,43,1165.21,442.67,48.41,111.23,1,-1,-1,-1
299,44,1383.95,425.87,120.07,285.45,1,-1,-1,-1
299,45,833.35,477.06,53.77,69.99,1,-1,-1,-1
300,3,382.56,462.87,43.35,112.46,1,-1,-1,-1
300,4,1016.32,406.78,153.00,627.92,1,-1,-1,-1
300,18,1586.22,428.91,192.66,460.31,1,-1,-1,-1
300,23,507.35,455.26,35.91,108.40,1,-1,-1,-1
300,25,767.12,444.51,68.23,209.48,1,-1,-1,-1
300,29,561.58,460.28,25.27,61.12,1,-1,-1,-1
300,32,437.22,464.32,29.62,96.88,1,-1,-1,-1
300,33,579.23,460.13,25.96,59.12,1,-1,-1,-1
300,35,879.26,424.16,149.80,512.45,1,-1,-1,-1
300,39,658.87,463.58,26.21,72.00,1,-1,-1,-1
300,40,599.74,457.70,24.95,58.72,1,-1,-1,-1
300,42,410.32,471.58,46.13,104.32,1,-1,-1,-1
300,43,1168.05,443.10,48.61,111.42,1,-1,-1,-1
300,44,1377.66,418.04,112.53,294.37,1,-1,-1,-1
300,45,834.25,475.62,51.97,72.31,1,-1,-1,-1
301,3,382.92,463.29,43.53,112.49,1,-1,-1,-1
301,4,1013.33,400.16,155.66,627.91,1,-1,-1,-1
301,18,1601.86,431.05,182.61,458.83,1,-1,-1,-1
301,23,506.85,454.97,36.67,108.68,1,-1,-1,-1
301,25,769.81,444.11,70.45,210.62,1,-1,-1,-1
301,29,555.50,460.00,25.85,62.92,1,-1,-1,-1
301,32,434.62,465.82,29.62,96.88,1,-1,-1,-1
301,33,578.59,460.45,26.13,58.69,1,-1,-1,-1
301,35,884.88,424.70,146.30,509.89,1,-1,-1,-1
301,39,659.00,463.00,26.20,73.68,1,-1,-1,-1
301,40,598.15,457.66,24.84,59.06,1,-1,-1,-1
301,42,410.84,470.93,46.67,104.38,1,-1,-1,-1
301,43,1171.75,445.17,46.92,109.31,1,-1,-1,-1
301,44,1371.81,415.68,104.67,296.56,1,-1,-1,-1
301,45,834.40,474.29,52.13,74.89,1,-1,-1,-1
302,3,382.55,463.62,43.86,112.01,1,-1,-1,-1
302,4,1016.02,406.51,162.27,619.08,1,-1,-1,-1
302,18,1616.92,431.46,171.33,457.76,1,-1,-1,-1
302,23,505.75,454.94,37.11,108.41,1,-1,-1,-1
302,25,771.23,444.45,72.30,210.46,1,-1,-1,-1
302,29,552.65,460.44,25.82,62.91,1,-1,-1,-1
302,32,432.02,467.32,29.62,96.88,1,-1,-1,-1
302,33,577.39,461.02,26.32,58.56,1,-1,-1,-1
302,35,888.43,428.85,147.42,506.54,1,-1,-1,-1
302,39,658.78,462.50,25.71,74.04,1,-1,-1,-1
302,40,605.95,458.25,24.67,58.39,1,-1,-1,-1
302,42,410.63,469.63,47.11,105.44,1,-1,-1,-1
302,43,1172.88,445.34,46.91,109.16,1,-1,-1,-1
302,44,1364.18,417.11,97.90,287.84,1,-1,-1,-1
302,45,834.84,473.45,52.25,75.74,1,-1,-1,-1
303,3,382.76,464.07,44.17,111.51,1,-1,-1,-1
303,4,1017.40,412.50,168.17,615.80,1,-1,-1,-1
303,18,1635.21,426.03,160.88,470.74,1,-1,-1,-1
303,23,504.96,454.72,37.80,109.24,1,-1,-1,-1
303,25,773.24,445.82,72.30,210.63,1,-1,-1,-1
303,29,554.32,460.69,25.66,62.55,1,-1,-1,-1
303,33,575.98,461.17,26.45,60.06,1,-1,-1,-1
303,35,892.88,435.50,145.10,502.73,1,-1,-1,-1
303,39,658.39,462.21,25.91,74.29,1,-1,-1,-1
303,40,612.52,459.02,24.55,57.84,1,-1,-1,-1
303,42,410.22,468.58,48.15,105.62,1,-1,-1,-1
303,43,1174.17,445.32,46.13,108.84,1,-1,-1,-1
303,44,1355.99,419.75,96.64,286.83,1,-1,-1,-1
303,45,835.37,473.98,52.84,76.27,1,-1,-1,-1
304,3,382.50,463.61,44.40,111.99,1,-1,-1,-1
304,4,1015.36,410.42,174.35,613.98,1,-1,-1,-1
304,18,1647.95,432.88,161.66,466.16,1,-1,-1,-1
304,23,504.55,455.52,38.36,109.70,1,-1,-1,-1
304,25,776.15,446.87,70.97,210.33,1,-1,-1,-1
304,29,554.80,460.98,25.34,62.45,1,-1,-1,-1
304,33,575.17,461.52,26.20,60.51,1,-1,-1,-1
304,35,891.64,432.40,147.41,509.36,1,-1,-1,-1
304,39,658.34,462.15,25.90,73.53,1,-1,-1,-1
304,40,611.19,459.35,24.38,57.60,1,-1,-1,-1
304,42,410.85,468.50,48.33,105.82,1,-1,-1,-1
304,43,1177.08,446.44,43.87,106.99,1,-1,-1,-1
304,44,1344.54,427.43,102.42,276.24,1,-1,-1,-1
304,45,835.41,475.46,53.72,75.59,1,-1,-1,-1
305,3,381.93,463.05,44.12,112.00,1,-1,-1,-1
305,4,1015.24,406.89,179.01,614.27,1,-1,-1,-1
305,18,1656.99,425.17,163.02,479.28,1,-1,-1,-1
305,23,503.84,456.68,39.02,108.65,1,-1,-1,-1
305,25,777.62,446.47,72.67,211.22,1,-1,-1,-1
305,29,555.41,460.98,25.10,61.36,1,-1,-1,-1
305,33,575.36,461.40,25.71,59.87,1,-1,-1,-1
305,35,892.20,426.99,143.34,520.24,1,-1,-1,-1
305,39,658.03,461.89,25.83,73.37,1,-1,-1,-1
305,40,609.81,459.33,24.18,56.90,1,-1,-1,-1
305,42,410.52,468.34,48.73,106.44,1,-1,-1,-1
305,43,1181.22,447.27,41.37,104.48,1,-1,-1,-1
305,44,1331.24,427.69,113.61,276.84,1,-1,-1,-1
305,45,835.26,472.77,53.15,78.05,1,-1,-1,-1
306,3,381.67,463.45,44.11,111.58,1,-1,-1,-1
306,4,1015.85,407.81,185.86,616.18,1,-1,-1,-1
306,18,1664.07,421.47,175.33,479.92,1,-1,-1,-1
306,23,502.46,456.26,40.34,108.90,1,-1,-1,-1
306,25,781.21,444.70,70.66,212.82,1,-1,-1,-1
306,29,557.73,460.74,24.75,60.48,1,-1,-1,-1
306,33,577.77,461.40,24.93,58.77,1,-1,-1,-1
306,35,893.07,424.50,140.93,523.78,1,-1,-1,-1
306,39,657.69,462.07,25.74,72.76,1,-1,-1,-1
306,40,609.54,459.31,24.05,56.83,1,-1,-1,-1
306,42,410.33,468.64,48.50,105.85,1,-1,-1,-1
306,43,1186.86,448.44,38.52,100.92,1,-1,-1,-1
306,44,1322.21,428.80,119.83,275.41,1,-1,-1,-1
306,45,835.20,471.50,54.09,77.31,1,-1,-1,-1
307,3,381.12,464.27,44.03,110.89,1,-1,-1,-1
307,4,1018.01,406.15,192.40,610.31,1,-1,-1,-1
307,18,1669.76,421.05,187.77,487.68,1,-1,-1,-1
307,23,501.30,456.05,41.64,108.97,1,-1,-1,-1
307,25,784.70,442.22,69.43,215.81,1,-1,-1,-1
307,29,558.54,461.39,24.79,60.28,1,-1,-1,-1
307,33,579.22,461.65,24.70,58.79,1,-1,-1,-1
307,35,897.17,422.28,135.38,524.98,1,-1,-1,-1
307,39,657.80,462.51,25.99,73.00,1,-1,-1,-1
307,40,611.01,459.95,23.95,56.39,1,-1,-1,-1
307,42,410.64,469.88,47.94,105.26,1,-1,-1,-1
307,43,1191.09,449.41,36.06,97.62,1,-1,-1,-1
307,44,1308.24,426.43,131.99,275.96,1,-1,-1,-1
307,45,835.93,471.48,54.03,76.95,1,-1,-1,-1
308,3,380.75,464.35,44.50,111.39,1,-1,-1,-1
308,4,1020.19,399.82,202.41,614.99,1,-1,-1,-1
308,18,1676.33,426.93,202.77,488.81,1,-1,-1,-1
308,23,498.60,455.21,44.06,109.48,1,-1,-1,-1
308,25,787.77,442.51,67.73,214.54,1,-1,-1,-1
308,29,559.12,462.14,24.38,59.46,1,-1,-1,-1
308,33,578.89,461.99,24.63,58.45,1,-1,-1,-1
308,35,895.89,424.46,137.84,522.20,1,-1,-1,-1
308,39,657.88,463.13,26.56,73.21,1,-1,-1,-1
308,40,616.06,460.43,23.28,56.33,1,-1,-1,-1
308,42,410.84,469.52,47.98,106.06,1,-1,-1,-1
308,43,1193.53,447.76,34.69,97.19,1,-1,-1,-1
308,44,1295.64,427.32,138.72,273.68,1,-1,-1,-1
308,45,835.62,472.38,55.13,76.43,1,-1,-1,-1
309,3,381.55,464.78,44.36,111.54,1,-1,-1,-1
309,4,1023.75,409.99,209.26,607.51,1,-1,-1,-1
309,18,1682.00,434.19,224.42,491.18,1,-1,-1,-1
309,23,496.80,454.84,45.28,109.49,1,-1,-1,-1
309,25,791.73,444.19,65.96,211.50,1,-1,-1,-1
309,29,560.69,462.11,24.11,58.79,1,-1,-1,-1
309,33,578.58,462.06,24.75,57.92,1,-1,-1,-1
309,35,894.51,423.91,138.72,527.31,1,-1,-1,-1
309,39,657.70,463.05,26.73,73.41,1,-1,-1,-1
309,40,619.84,460.89,23.16,56.10,1,-1,-1,-1
309,42,410.89,468.46,47.78,106.16,1,-1,-1,-1
309,43,1194.92,448.88,34.98,95.38,1,-1,-1,-1
309,44,1291.90,430.80,138.15,268.79,1,-1,-1,-1
309,45,841.10,472.66,53.15,75.01,1,-1,-1,-1
309,46,1.30,386.20,119.80,480.10,1,-1,-1,-1
310,3,381.74,465.09,43.90,111.44,1,-1,-1,-1
310,4,1023.79,406.43,212.86,615.06,1,-1,-1,-1
310,18,1685.87,433.43,235.19,498.62,1,-1,-1,-1
310,23,497.25,455.65,45.01,109.85,1,-1,-1,-1
310,25,794.04,443.55,66.41,211.78,1,-1,-1,-1
310,29,557.56,461.90,23.89,58.45,1,-1,-1,-1
310,33,578.22,461.95,24.01,57.14,1,-1,-1,-1
310,35,894.36,423.77,138.22,528.70,1,-1,-1,-1
310,39,657.18,462.54,26.71,73.19,1,-1,-1,-1
310,40,621.44,460.83,23.05,56.31,1,-1,-1,-1
310,42,410.40,467.93,47.45,106.47,1,-1,-1,-1
310,43,1195.47,451.57,35.27,92.59,1,-1,-1,-1
310,44,1285.80,431.63,139.02,269.85,1,-1,-1,-1
310,45,844.18,472.20,50.80,75.42,1,-1,-1,-1
310,46,1.93,389.56,121.20,477.16,1,-1,-1,-1
311,3,381.17,465.27,44.67,111.90,1,-1,-1,-1
311,4,1022.73,403.08,213.31,616.49,1,-1,-1,-1
311,18,1685.80,429.03,237.30,501.82,1,-1,-1,-1
311,23,497.01,456.34,45.14,109.46,1,-1,-1,-1
311,25,796.42,441.77,66.47,213.05,1,-1,-1,-1
311,29,553.93,461.57,23.90,58.27,1,-1,-1,-1
311,33,577.00,461.48,24.21,57.25,1,-1,-1,-1
311,35,895.49,421.63,136.74,534.02,1,-1,-1,-1
311,39,657.00,462.26,26.14,73.20,1,-1,-1,-1
311,40,620.05,460.46,23.29,56.51,1,-1,-1,-1
311,42,410.89,468.37,46.50,105.72,1,-1,-1,-1
311,43,1195.55,450.99,36.06,92.81,1,-1,-1,-1
311,44,1281.05,432.04,132.71,268.83,1,-1,-1,-1
311,45,848.76,470.62,47.30,80.66,1,-1,-1,-1
311,46,2.90,391.03,128.55,480.62,1,-1,-1,-1
311,47,1399.60,436.20,54.40,120.00,1,-1,-1,-1
312,3,381.38,465.76,44.55,111.13,1,-1,-1,-1
312,4,1023.30,404.89,213.30,613.56,1,-1,-1,-1
312,18,1682.68,428.27,239.19,506.92,1,-1,-1,-1
312,23,496.81,456.17,44.34,108.79,1,-1,-1,-1
312,25,800.00,441.92,65.72,211.20,1,-1,-1,-1
312,29,550.02,461.35,23.55,59.13,1,-1,-1,-1
312,33,580.45,460.78,23.15,56.94,1,-1,-1,-1
312,35,895.46,421.79,136.99,534.15,1,-1,-1,-1
312,39,657.36,462.16,25.83,72.99,1,-1,-1,-1
312,40,617.11,459.21,23.37,57.48,1,-1,-1,-1
312,42,411.33,468.53,46.22,105.29,1,-1,-1,-1
312,43,1195.86,450.06,36.72,93.85,1,-1,-1,-1
312,44,1277.22,433.54,124.51,263.28,1,-1,-1,-1
312,45,853.48,471.85,45.34,87.13,1,-1,-1,-1
312,46,5.45,395.99,136.56,473.68,1,-1,-1,-1
312,47,1401.91,435.85,54.68,119.65,1,-1,-1,-1
313,3,381.20,464.87,44.45,112.16,1,-1,-1,-1
313,4,1024.22,405.30,212.88,616.88,1,-1,-1,-1
313,18,1682.63,430.70,238.36,497.39,1,-1,-1,-1
313,23,495.14,456.17,46.41,108.80,1,-1,-1,-1
313,25,802.65,442.92,66.06,209.52,1,-1,-1,-1
313,29,541.68,461.45,23.93,60.65,1,-1,-1,-1
313,33,581.23,460.39,23.26,56.84,1,-1,-1,-1
313,35,897.84,424.64,135.46,526.76,1,-1,-1,-1
313,39,657.83,462.26,25.67,73.49,1,-1,-1,-1
313,40,619.30,459.09,24.09,57.71,1,-1,-1,-1
313,42,410.58,467.76,47.05,105.93,1,-1,-1,-1
313,43,1196.87,448.45,36.85,96.48,1,-1,-1,-1
313,44,1271.05,432.85,115.47,263.01,1,-1,-1,-1
313,45,854.33,477.85,45.34,87.13,1,-1,-1,-1
313,46,6.15,401.35,152.20,468.23,1,-1,-1,-1
313,47,1406.52,436.78,55.18,117.86,1,-1,-1,-1
314,3,381.79,465.81,44.41,111.35,1,-1,-1,-1
314,4,1027.97,403.71,215.27,619.13,1,-1,-1,-1
314,18,1690.68,419.82,230.62,511.40,1,-1,-1,-1
314,23,494.33,455.99,46.89,109.57,1,-1,-1,-1
314,25,806.00,442.95,67.49,214.48,1,-1,-1,-1
314,29,547.35,461.58,23.07,58.79,1,-1,-1,-1
314,33,579.24,460.63,23.29,57.16,1,-1,-1,-1
314,35,898.73,425.86,136.82,524.13,1,-1,-1,-1
314,39,658.58,462.88,25.76,73.43,1,-1,-1,-1
314,40,623.99,459.75,23.96,58.68,1,-1,-1,-1
314,42,410.84,467.97,46.73,105.70,1,-1,-1,-1
314,43,1196.99,448.63,37.93,96.91,1,-1,-1,-1
314,44,1267.13,426.74,105.62,267.97,1,-1,-1,-1
314,45,855.18,483.85,45.34,87.13,1,-1,-1,-1
314,46,11.56,397.51,163.54,465.90,1,-1,-1,-1
314,47,1409.79,438.02,54.50,115.65,1,-1,-1,-1
315,3,381.85,464.95,44.33,112.08,1,-1,-1,-1
315,4,1032.08,404.55,213.26,616.45,1,-1,-1,-1
315,18,1696.29,417.13,226.41,522.74,1,-1,-1,-1
315,23,493.00,455.17,48.44,109.80,1,-1,-1,-1
315,25,808.98,442.03,69.95,215.89,1,-1,-1,-1
315,29,552.01,460.68,23.37,58.38,1,-1,-1,-1
315,33,579.42,460.34,23.09,56.84,1,-1,-1,-1
315,35,898.40,425.74,138.56,523.13,1,-1,-1,-1
315,39,658.34,462.38,25.86,73.34,1,-1,-1,-1
315,40,626.69,460.17,23.92,58.41,1,-1,-1,-1
315,42,409.74,468.07,47.48,106.47,1,-1,-1,-1
315,43,1196.93,448.79,38.33,97.53,1,-1,-1,-1
315,44,1268.26,425.99,92.66,265.89,1,-1,-1,-1
315,45,856.03,489.85,45.34,87.13,1,-1,-1,-1
315,46,13.09,397.63,183.81,461.63,1,-1,-1,-1
315,47,1413.60,439.57,51.42,112.60,1,-1,-1,-1
316,3,381.49,464.15,44.03,111.82,1,-1,-1,-1
316,4,1034.17,410.19,210.21,607.80,1,-1,-1,-1
316,18,1706.92,419.96,214.99,518.09,1,-1,-1,-1
316,23,492.72,454.68,48.41,109.66,1,-1,-1,-1
316,25,810.69,439.70,71.66,218.63,1,-1,-1,-1
316,29,548.65,460.70,23.39,58.11,1,-1,-1,-1
316,33,579.50,460.10,22.75,56.60,1,-1,-1,-1
316,35,897.15,418.58,139.78,527.80,1,-1,-1,-1
316,39,657.89,462.38,26.10,72.96,1,-1,-1,-1
316,40,628.02,459.89,23.91,58.68,1,-1,-1,-1
316,42,408.80,467.80,47.70,107.05,1,-1,-1,-1
316,43,1197.36,448.43,38.17,96.95,1,-1,-1,-1
316,44,1264.95,426.48,89.19,265.55,1,-1,-1,-1
316,46,15.53,403.82,207.18,465.11,1,-1,-1,-1
316,47,1419.16,440.27,49.10,110.92,1,-1,-1,-1
317,3,381.60,464.14,44.08,112.15,1,-1,-1,-1
317,4,1036.42,409.19,207.68,605.91,1,-1,-1,-1
317,18,1732.81,419.33,190.64,513.69,1,-1,-1,-1
317,23,492.62,454.40,47.84,110.67,1,-1,-1,-1
317,25,812.58,441.52,75.05,217.07,1,-1,-1,-1
317,29,550.08,460.54,23.26,58.17,1,-1,-1,-1
317,33,578.77,460.38,22.85,56.74,1,-1,-1,-1
317,35,896.93,419.58,140.28,526.75,1,-1,-1,-1
317,39,658.45,463.13,26.03,72.57,1,-1,-1,-1
317,40,627.92,459.69,24.67,59.54,1,-1,-1,-1
317,42,409.96,468.07,46.79,106.67,1,-1,-1,-1
317,43,1200.66,448.32,36.72,96.08,1,-1,-1,-1
317,44,1259.69,424.89,88.85,264.67,1,-1,-1,-1
317,46,17.43,405.01,231.14,459.78,1,-1,-1,-1
317,47,1422.35,438.73,48.82,111.82,1,-1,-1,-1
318,3,381.39,464.49,44.58,112.12,1,-1,-1,-1
318,4,1040.81,411.35,205.24,600.51,1,-1,-1,-1
318,18,1746.53,420.30,179.69,514.33,1,-1,-1,-1
318,23,492.12,454.58,47.81,110.55,1,-1,-1,-1
318,25,815.64,440.54,75.01,218.56,1,-1,-1,-1
318,29,551.78,460.41,23.22,58.26,1,-1,-1,-1
318,33,577.53,460.22,22.89,56.99,1,-1,-1,-1
318,35,897.49,422.59,140.85,525.73,1,-1,-1,-1
318,39,658.93,463.44,25.94,71.75,1,-1,-1,-1
318,40,629.69,459.60,25.11,60.84,1,-1,-1,-1
318,42,409.88,468.78,46.94,105.85,1,-1,-1,-1
318,43,1204.47,449.16,35.94,95.60,1,-1,-1,-1
318,44,1251.77,426.33,92.31,259.86,1,-1,-1,-1
318,46,20.76,400.87,253.65,459.37,1,-1,-1,-1
318,47,1426.07,438.73,47.62,111.38,1,-1,-1,-1
319,3,381.41,464.73,44.67,112.03,1,-1,-1,-1
319,4,1040.88,412.61,206.68,603.65,1,-1,-1,-1
319,18,1769.13,420.04,154.22,511.44,1,-1,-1,-1
319,23,491.87,454.81,48.01,110.59,1,-1,-1,-1
319,25,817.22,440.33,76.12,217.12,1,-1,-1,-1
319,29,552.14,460.08,22.86,58.08,1,-1,-1,-1
319,33,579.28,459.61,22.69,57.42,1,-1,-1,-1
319,35,896.92,416.12,142.08,534.81,1,-1,-1,-1
319,39,658.97,463.08,25.98,71.86,1,-1,-1,-1
319,40,629.98,459.27,25.17,61.02,1,-1,-1,-1
319,42,409.33,468.74,47.12,105.88,1,-1,-1,-1
319,43,1207.61,448.81,34.86,97.42,1,-1,-1,-1
319,44,1239.65,430.28,100.77,255.48,1,-1,-1,-1
319,46,22.06,399.75,269.09,456.59,1,-1,-1,-1
319,47,1430.07,438.97,47.74,111.68,1,-1,-1,-1
320,3,381.56,464.51,44.76,112.22,1,-1,-1,-1
320,4,1043.11,412.67,204.18,604.60,1,-1,-1,-1
320,18,1727.03,410.33,163.38,469.90,1,-1,-1,-1
320,23,492.27,454.35,47.09,110.95,1,-1,-1,-1
320,25,818.77,439.31,77.93,219.70,1,-1,-1,-1
320,29,552.59,459.86,22.82,58.09,1,-1,-1,-1
320,33,580.60,459.74,22.77,57.13,1,-1,-1,-1
320,35,897.14,420.43,142.23,526.89,1,-1,-1,-1
320,39,658.74,463.15,25.92,71.96,1,-1,-1,-1
320,40,628.06,458.61,25.33,60.66,1,-1,-1,-1
320,42,409.59,468.16,47.25,106.18,1,-1,-1,-1
320,43,1211.07,449.04,35.31,99.58,1,-1,-1,-1
320,44,1228.22,432.30,107.30,256.05,1,-1,-1,-1
320,46,23.35,401.94,273.30,452.33,1,-1,-1,-1
320,47,1432.57,439.41,48.20,111.90,1,-1,-1,-1
321,3,381.17,463.97,44.65,112.49,1,-1,-1,-1
321,4,1047.60,411.98,200.76,605.37,1,-1,-1,-1
321,18,1697.53,395.10,168.92,450.16,1,-1,-1,-1
321,23,492.05,453.77,46.40,111.12,1,-1,-1,-1
321,25,823.36,440.96,77.56,215.78,1,-1,-1,-1
321,29,553.72,459.62,22.59,58.45,1,-1,-1,-1
321,33,581.50,459.67,22.65,57.25,1,-1,-1,-1
321,35,898.11,423.11,142.07,523.40,1,-1,-1,-1
321,39,658.11,462.88,26.40,72.76,1,-1,-1,-1
321,40,624.28,457.92,24.68,59.71,1,-1,-1,-1
321,42,409.84,468.35,47.35,105.84,1,-1,-1,-1
321,43,1212.87,450.65,36.00,106.31,1,-1,-1,-1
321,44,1218.85,430.27,114.86,261.69,1,-1,-1,-1
321,46,27.85,400.26,274.14,457.49,1,-1,-1,-1
321,47,1435.68,439.71,48.55,112.88,1,-1,-1,-1
322,3,380.67,463.86,44.68,112.57,1,-1,-1,-1
322,4,1049.36,412.59,197.85,606.23,1,-1,-1,-1
322,18,1718.02,398.10,163.31,450.96,1,-1,-1,-1
322,23,491.36,454.17,46.19,110.62,1,-1,-1,-1
322,25,825.47,441.24,81.09,217.68,1,-1,-1,-1
322,29,554.17,459.39,22.39,58.55,1,-1,-1,-1
322,33,583.60,459.16,22.61,57.77,1,-1,-1,-1
322,35,897.18,417.32,143.00,533.27,1,-1,-1,-1
322,39,657.76,462.84,26.75,73.35,1,-1,-1,-1
322,40,622.32,457.60,24.90,60.05,1,-1,-1,-1
322,42,409.86,468.75,47.25,105.46,1,-1,-1,-1
322,43,1213.77,456.40,36.00,106.31,1,-1,-1,-1
322,44,1211.93,432.07,119.79,256.59,1,-1,-1,-1
322,46,32.67,398.76,274.32,457.85,1,-1,-1,-1
322,47,1438.25,439.38,48.66,113.45,1,-1,-1,-1
323,3,380.40,464.79,45.40,112.38,1,-1,-1,-1
323,4,1050.02,412.51,194.66,605.51,1,-1,-1,-1
323,18,1729.62,401.80,160.50,448.54,1,-1,-1,-1
323,23,490.86,454.11,46.06,110.82,1,-1,-1,-1
323,25,827.48,443.10,82.57,217.14,1,-1,-1,-1
323,29,556.04,460.00,22.26,58.66,1,-1,-1,-1
323,33,584.19,459.11,22.67,57.65,1,-1,-1,-1
323,35,895.73,412.85,143.56,541.20,1,-1,-1,-1
323,39,658.08,463.06,26.43,73.52,1,-1,-1,-1
323,40,623.13,458.31,24.76,59.67,1,-1,-1,-1
323,42,410.07,470.19,46.79,103.67,1,-1,-1,-1
323,43,1214.67,462.15,36.00,106.31,1,-1,-1,-1
323,44,1209.17,437.36,122.04,250.23,1,-1,-1,-1
323,46,31.22,403.34,283.13,452.28,1,-1,-1,-1
323,47,1439.87,438.67,50.86,114.26,1,-1,-1,-1
324,3,380.54,464.94,44.91,112.25,1,-1,-1,-1
324,4,1051.47,410.62,195.04,604.87,1,-1,-1,-1
324,18,1738.96,401.15,168.90,451.66,1,-1,-1,-1
324,23,491.00,454.20,45.60,110.80,1,-1,-1,-1
324,25,828.46,443.38,83.99,218.86,1,-1,-1,-1
324,29,557.05,460.28,22.36,58.83,1,-1,-1,-1
324,33,586.58,459.24,22.34,58.04,1,-1,-1,-1
324,35,895.23,415.73,144.57,536.44,1,-1,-1,-1
324,39,658.33,462.87,26.62,73.93,1,-1,-1,-1
324,40,624.36,458.12,24.72,60.11,1,-1,-1,-1
324,42,410.33,470.09,46.45,104.18,1,-1,-1,-1
324,43,1215.57,467.90,36.00,106.31,1,-1,-1,-1
324,44,1211.42,438.76,115.57,251.40,1,-1,-1,-1
324,46,39.48,407.54,278.98,447.33,1,-1,-1,-1
324,47,1442.39,438.68,52.92,113.52,1,-1,-1,-1
324,48,798.10,473.30,46.10,66.70,1,-1,-1,-1
325,3,380.38,463.84,44.34,112.78,1,-1,-1,-1
325,4,1053.70,412.30,194.24,602.86,1,-1,-1,-1
325,18,1751.14,400.81,169.67,450.43,1,-1,-1,-1
325,23,490.75,453.78,46.16,111.15,1,-1,-1,-1
325,25,830.77,444.88,86.24,216.79,1,-1,-1,-1
325,29,555.91,459.75,22.32,58.95,1,-1,-1,-1
325,33,588.26,458.98,21.82,58.36,1,-1,-1,-1
325,35,899.17,420.10,141.09,529.13,1,-1,-1,-1
325,39,658.43,462.95,26.68,73.77,1,-1,-1,-1
325,40,626.62,458.24,24.71,60.17,1,-1,-1,-1
325,42,410.25,468.45,46.90,105.80,1,-1,-1,-1
325,44,1212.25,437.49,109.36,246.01,1,-1,-1,-1
325,46,51.39,409.51,269.40,443.39,1,-1,-1,-1
325,47,1444.31,438.82,53.68,112.88,1,-1,-1,-1
325,48,797.19,475.61,47.99,63.13,1,-1,-1,-1
326,3,380.52,463.35,44.24,112.79,1,-1,-1,-1
326,4,1056.78,412.84,189.73,600.44,1,-1,-1,-1
326,18,1753.76,396.25,170.53,469.17,1,-1,-1,-1
326,23,490.66,453.98,45.00,111.05,1,-1,-1,-1
326,25,832.30,444.04,91.11,222.33,1,-1,-1,-1
326,29,557.15,459.54,22.10,59.19,1,-1,-1,-1
326,33,587.78,459.21,21.60,58.60,1,-1,-1,-1
326,35,898.09,418.00,143.76,532.12,1,-1,-1,-1
326,39,658.59,463.22,26.27,73.09,1,-1,-1,-1
326,40,628.54,459.07,24.42,61.03,1,-1,-1,-1
326,42,410.21,468.40,46.62,105.87,1,-1,-1,-1
326,44,1208.04,443.14,105.12,233.33,1,-1,-1,-1
326,46,64.83,411.05,257.64,439.20,1,-1,-1,-1
326,47,1446.02,440.38,52.22,111.21,1,-1,-1,-1
326,48,797.21,477.44,49.89,60.31,1,-1,-1,-1
327,3,380.71,463.02,44.63,113.43,1,-1,-1,-1
327,4,1053.83,405.52,196.01,607.13,1,-1,-1,-1
327,18,1755.05,400.85,166.80,468.91,1,-1,-1,-1
327,23,490.36,454.26,43.95,111.43,1,-1,-1,-1
327,25,835.73,444.17,88.02,224.62,1,-1,-1,-1
327,29,559.89,459.56,21.96,59.27,1,-1,-1,-1
327,33,586.02,459.54,21.46,58.39,1,-1,-1,-1
327,35,896.53,416.98,144.21,532.32,1,-1,-1,-1
327,39,658.56,463.16,25.87,72.54,1,-1,-1,-1
327,40,626.52,459.84,24.34,61.22,1,-1,-1,-1
327,42,410.29,468.13,46.75,106.38,1,-1,-1,-1
327,44,1202.18,436.77,92.30,246.82,1,-1,-1,-1
327,46,82.51,408.83,243.82,435.49,1,-1,-1,-1
327,47,1446.49,440.30,53.54,111.06,1,-1,-1,-1
327,48,797.33,477.22,52.14,60.02,1,-1,-1,-1
328,3,380.80,462.88,44.68,113.83,1,-1,-1,-1
328,4,1056.09,402.75,191.45,609.84,1,-1,-1,-1
328,18,1755.17,401.62,166.94,456.09,1,-1,-1,-1
328,23,490.56,454.11,42.30,111.55,1,-1,-1,-1
328,25,840.64,447.55,83.60,216.35,1,-1,-1,-1
328,29,560.58,459.77,22.06,59.78,1,-1,-1,-1
328,33,582.79,459.39,21.70,58.40,1,-1,-1,-1
328,35,899.21,420.50,143.01,526.98,1,-1,-1,-1
328,39,658.47,463.43,25.96,72.16,1,-1,-1,-1
328,40,624.82,459.59,24.17,61.70,1,-1,-1,-1
328,42,410.60,468.43,46.15,106.04,1,-1,-1,-1
328,44,1190.43,434.22,92.30,246.82,1,-1,-1,-1
328,46,109.53,401.66,220.85,441.10,1,-1,-1,-1
328,47,1449.16,440.74,51.76,110.53,1,-1,-1,-1
328,48,798.74,477.50,54.00,59.66,1,-1,-1,-1
329,3,380.43,462.67,44.97,114.09,1,-1,-1,-1
329,4,1057.99,407.46,193.73,607.57,1,-1,-1,-1
329,18,1759.68,398.19,161.38,461.21,1,-1,-1,-1
329,23,489.62,453.58,41.95,111.59,1,-1,-1,-1
329,25,849.53,451.48,71.98,195.73,1,-1,-1,-1
329,29,562.55,460.30,21.88,59.72,1,-1,-1,-1
329,33,581.91,459.89,21.84,58.54,1,-1,-1,-1
329,35,900.63,423.37,143.42,523.01,1,-1,-1,-1
329,39,658.43,463.80,26.06,72.26,1,-1,-1,-1
329,40,626.33,459.79,24.19,61.98,1,-1,-1,-1
329,42,410.26,469.10,45.84,105.66,1,-1,-1,-1
329,44,1178.68,431.67,92.30,246.82,1,-1,-1,-1
329,46,132.35,405.18,200.02,433.12,1,-1,-1,-1
329,47,1451.88,442.15,50.32,108.90,1,-1,-1,-1
329,48,799.84,477.93,53.58,60.11,1,-1,-1,-1
330,3,380.29,462.66,44.85,114.38,1,-1,-1,-1
330,4,1058.26,403.93,191.47,610.04,1,-1,-1,-1
330,18,1766.49,401.67,155.72,464.70,1,-1,-1,-1
330,23,488.87,452.99,42.62,111.67,1,-1,-1,-1
330,25,847.27,463.67,55.68,119.48,1,-1,-1,-1
330,29,563.28,460.48,20.70,59.01,1,-1,-1,-1
330,33,582.65,459.66,21.74,58.86,1,-1,-1,-1
330,35,899.38,422.78,144.46,524.61,1,-1,-1,-1
330,39,658.12,463.52,26.58,72.99,1,-1,-1,-1
330,40,630.21,459.89,25.04,63.46,1,-1,-1,-1
330,42,410.69,469.27,45.60,105.06,1,-1,-1,-1
330,44,1166.93,429.12,92.30,246.82,1,-1,-1,-1
330,46,148.35,405.57,186.50,427.30,1,-1,-1,-1
330,47,1454.96,441.40,48.70,108.62,1,-1,-1,-1
330,48,798.27,477.78,54.43,60.52,1,-1,-1,-1
331,3,380.10,462.69,45.17,114.60,1,-1,-1,-1
331,4,1058.28,398.85,188.55,611.48,1,-1,-1,-1
331,18,1770.64,401.01,151.58,468.06,1,-1,-1,-1
331,23,489.29,453.03,41.76,111.27,1,-1,-1,-1
331,25,837.45,461.51,53.25,91.56,1,-1,-1,-1
331,29,562.27,460.02,21.19,59.70,1,-1,-1,-1
331,33,583.79,459.12,21.85,59.38,1,-1,-1,-1
331,35,898.26,422.11,145.89,526.42,1,-1,-1,-1
331,39,658.43,463.44,26.80,73.42,1,-1,-1,-1
331,40,635.35,461.07,25.29,64.82,1,-1,-1,-1
331,42,410.88,469.46,45.95,104.67,1,-1,-1,-1
331,46,169.67,402.97,171.31,429.12,1,-1,-1,-1
331,47,1457.20,441.50,47.79,107.91,1,-1,-1,-1
331,48,797.75,476.68,57.56,61.35,1,-1,-1,-1
332,3,379.29,461.58,46.17,115.02,1,-1,-1,-1
332,4,1058.41,395.26,195.31,615.55,1,-1,-1,-1
332,18,1770.65,401.03,151.24,460.18,1,-1,-1,-1
332,23,489.51,453.19,40.81,110.94,1,-1,-1,-1
332,25,834.75,467.88,54.26,84.31,1,-1,-1,-1
332,29,558.56,461.63,20.92,58.65,1,-1,-1,-1
332,33,585.34,460.19,21.47,58.27,1,-1,-1,-1
332,35,901.43,422.81,143.80,525.43,1,-1,-1,-1
332,39,659.24,463.07,26.94,73.54,1,-1,-1,-1
332,40,633.56,460.69,25.79,64.46,1,-1,-1,-1
332,42,410.33,469.11,46.41,105.53,1,-1,-1,-1
332,46,189.48,401.02,157.65,424.63,1,-1,-1,-1
332,47,1460.66,442.48,47.03,108.25,1,-1,-1,-1
332,48,797.50,475.86,59.13,61.80,1,-1,-1,-1
333,3,381.43,463.18,45.63,112.98,1,-1,-1,-1
333,4,1059.53,397.94,195.23,608.94,1,-1,-1,-1
333,18,1773.85,402.35,147.22,455.36,1,-1,-1,-1
333,23,490.03,453.67,39.68,111.12,1,-1,-1,-1
333,25,833.92,471.08,53.80,80.10,1,-1,-1,-1
333,29,556.43,462.83,20.84,58.41,1,-1,-1,-1
333,33,584.18,460.10,21.77,58.78,1,-1,-1,-1
333,35,903.51,422.93,143.31,525.90,1,-1,-1,-1
333,39,659.92,462.21,26.63,74.00,1,-1,-1,-1
333,40,629.33,459.69,25.31,64.21,1,-1,-1,-1
333,42,409.92,469.45,46.33,105.09,1,-1,-1,-1
333,46,205.99,401.41,151.81,423.91,1,-1,-1,-1
333,47,1465.79,442.33,46.45,108.99,1,-1,-1,-1
333,48,797.03,476.06,59.11,61.10,1,-1,-1,-1
334,3,383.68,464.42,44.56,112.43,1,-1,-1,-1
334,4,1059.04,402.79,194.16,611.01,1,-1,-1,-1
334,18,1777.31,409.11,144.55,446.15,1,-1,-1,-1
334,23,490.47,454.42,38.99,110.69,1,-1,-1,-1
334,25,833.30,471.84,55.41,77.93,1,-1,-1,-1
334,29,559.40,462.73,21.09,58.40,1,-1,-1,-1
334,33,585.54,459.41,22.00,59.49,1,-1,-1,-1
334,35,903.61,422.62,143.37,524.01,1,-1,-1,-1
334,39,659.60,460.89,26.96,75.89,1,-1,-1,-1
334,40,630.15,460.07,25.23,64.62,1,-1,-1,-1
334,42,410.43,469.83,46.10,104.75,1,-1,-1,-1
334,46,217.21,405.81,153.13,424.25,1,-1,-1,-1
334,47,1469.05,440.00,46.06,110.89,1,-1,-1,-1
334,48,797.12,476.41,59.24,60.89,1,-1,-1,-1
335,3,383.77,465.27,43.47,112.13,1,-1,-1,-1
335,4,1059.48,408.48,192.30,607.64,1,-1,-1,-1
335,18,1778.36,410.76,144.55,446.15,1,-1,-1,-1
335,23,489.77,453.68,39.21,112.52,1,-1,-1,-1
335,25,834.35,471.64,54.63,78.19,1,-1,-1,-1
335,29,562.11,462.39,21.03,58.19,1,-1,-1,-1
335,33,586.76,459.34,22.00,59.57,1,-1,-1,-1
335,35,902.73,421.36,144.30,525.26,1,-1,-1,-1
335,39,659.92,461.49,26.78,75.97,1,-1,-1,-1
335,40,631.09,460.27,25.21,64.33,1,-1,-1,-1
335,42,410.77,471.11,45.68,104.22,1,-1,-1,-1
335,46,219.68,406.10,164.10,422.33,1,-1,-1,-1
335,47,1470.54,438.25,46.09,113.28,1,-1,-1,-1
335,48,796.79,476.28,58.02,61.18,1,-1,-1,-1
335,49,1.00,437.60,135.80,346.90,1,-1,-1,-1
336,3,382.60,465.71,41.25,113.65,1,-1,-1,-1
336,4,1064.29,396.12,189.92,623.50,1,-1,-1,-1
336,18,1779.41,412.41,144.55,446.15,1,-1,-1,-1
336,23,488.51,453.36,37.73,112.64,1,-1,-1,-1
336,25,835.79,471.48,53.56,79.18,1,-1,-1,-1
336,29,561.52,461.66,20.66,58.13,1,-1,-1,-1
336,33,582.63,459.76,22.21,58.47,1,-1,-1,-1
336,35,902.75,419.85,145.91,528.58,1,-1,-1,-1
336,39,659.50,462.93,26.30,74.66,1,-1,-1,-1
336,40,631.44,459.67,24.85,64.10,1,-1,-1,-1
336,42,411.57,472.71,44.71,103.44,1,-1,-1,-1
336,46,224.93,405.51,175.86,423.50,1,-1,-1,-1
336,47,1472.90,438.63,46.03,113.43,1,-1,-1,-1
336,48,795.61,475.73,56.82,61.26,1,-1,-1,-1
336,49,1.00,443.41,140.28,346.55,1,-1,-1,-1
337,3,376.49,465.23,42.20,116.62,1,-1,-1,-1
337,4,1066.53,389.92,189.21,626.65,1,-1,-1,-1
337,18,1780.46,414.06,144.55,446.15,1,-1,-1,-1
337,23,487.38,452.61,36.52,113.66,1,-1,-1,-1
337,25,836.25,471.62,53.03,79.75,1,-1,-1,-1
337,29,559.62,461.38,20.06,58.11,1,-1,-1,-1
337,33,583.12,459.35,22.20,58.28,1,-1,-1,-1
337,35,901.28,421.14,146.04,527.75,1,-1,-1,-1
337,39,658.62,463.33,26.16,73.92,1,-1,-1,-1
337,40,633.60,459.45,24.82,64.66,1,-1,-1,-1
337,42,412.07,472.02,44.63,104.95,1,-1,-1,-1
337,46,230.67,408.44,188.14,419.02,1,-1,-1,-1
337,47,1473.87,438.46,48.11,113.27,1,-1,-1,-1
337,48,795.15,475.42,55.90,61.15,1,-1,-1,-1
337,49,1.96,445.82,143.16,343.37,1,-1,-1,-1
338,3,370.54,466.43,42.20,116.62,1,-1,-1,-1
338,4,1066.49,393.21,189.06,624.80,1,-1,-1,-1
338,23,487.12,452.77,36.02,113.69,1,-1,-1,-1
338,25,836.46,472.49,53.50,79.30,1,-1,-1,-1
338,29,559.55,461.14,20.09,58.59,1,-1,-1,-1
338,33,584.69,459.16,22.20,58.15,1,-1,-1,-1
338,35,899.94,420.88,148.60,530.80,1,-1,-1,-1
338,39,658.73,463.68,26.05,72.86,1,-1,-1,-1
338,40,634.50,460.17,24.73,65.32,1,-1,-1,-1
338,42,413.62,472.17,42.93,106.39,1,-1,-1,-1
338,46,231.15,408.92,204.21,416.56,1,-1,-1,-1
338,47,1476.09,438.18,49.57,113.15,1,-1,-1,-1
338,48,795.46,475.49,56.46,61.04,1,-1,-1,-1
338,49,1.62,443.14,147.88,345.98,1,-1,-1,-1
339,3,364.59,467.63,42.20,116.62,1,-1,-1,-1
339,4,1064.02,412.22,193.92,600.02,1,-1,-1,-1
339,23,486.92,452.89,35.16,113.77,1,-1,-1,-1
339,25,835.78,472.28,54.27,79.16,1,-1,-1,-1
339,29,559.32,460.90,20.03,58.81,1,-1,-1,-1
339,33,575.91,459.94,22.90,58.26,1,-1,-1,-1
339,35,904.08,422.96,145.80,526.60,1,-1,-1,-1
339,39,659.28,463.63,25.87,72.47,1,-1,-1,-1
339,40,633.08,460.38,24.78,65.59,1,-1,-1,-1
339,42,415.22,473.23,41.65,106.75,1,-1,-1,-1
339,46,235.93,412.34,207.21,415.26,1,-1,-1,-1
339,47,1479.79,439.16,50.92,111.93,1,-1,-1,-1
339,48,796.22,474.95,56.21,62.06,1,-1,-1,-1
339,49,2.78,455.68,145.72,332.06,1,-1,-1,-1
340,3,358.64,468.83,42.20,116.62,1,-1,-1,-1
340,4,1065.04,411.53,191.11,591.75,1,-1,-1,-1
340,23,486.25,452.87,34.84,114.00,1,-1,-1,-1
340,25,835.25,471.69,54.43,79.68,1,-1,-1,-1
340,29,559.32,460.81,19.73,59.15,1,-1,-1,-1
340,33,571.60,460.45,23.04,58.57,1,-1,-1,-1
340,35,905.62,423.98,143.98,525.90,1,-1,-1,-1
340,39,659.30,463.70,25.96,72.42,1,-1,-1,-1
340,40,632.95,460.66,24.72,66.02,1,-1,-1,-1
340,42,415.44,473.19,40.84,107.55,1,-1,-1,-1
340,46,235.36,414.21,215.81,410.60,1,-1,-1,-1
340,47,1482.24,438.69,53.22,111.77,1,-1,-1,-1
340,48,796.02,474.66,56.48,62.93,1,-1,-1,-1
340,49,2.01,456.83,149.35,330.69,1,-1,-1,-1
341,4,1064.66,406.37,192.08,587.23,1,-1,-1,-1
341,23,486.30,452.84,34.46,113.79,1,-1,-1,-1
341,25,834.99,472.36,53.78,78.43,1,-1,-1,-1
341,29,558.46,460.76,19.57,58.91,1,-1,-1,-1
341,33,577.32,459.89,22.73,58.59,1,-1,-1,-1
341,35,904.79,425.51,145.88,521.84,1,-1,-1,-1
341,39,659.35,463.96,25.92,72.41,1,-1,-1,-1
341,40,633.82,460.76,24.64,64.88,1,-1,-1,-1
341,42,413.33,471.57,42.28,109.06,1,-1,-1,-1
341,46,243.19,412.44,210.97,408.57,1,-1,-1,-1
341,47,1483.47,436.95,55.16,112.63,1,-1,-1,-1
341,48,795.99,474.99,56.56,63.54,1,-1,-1,-1
341,49,5.08,447.49,145.04,341.76,1,-1,-1,-1
342,4,1066.24,407.36,189.50,587.56,1,-1,-1,-1
342,23,486.44,452.96,34.35,112.61,1,-1,-1,-1
342,25,834.73,472.22,53.72,78.97,1,-1,-1,-1
342,29,558.69,460.47,19.66,58.97,1,-1,-1,-1
342,33,581.75,459.56,22.64,58.74,1,-1,-1,-1
342,35,905.53,425.35,145.41,521.04,1,-1,-1,-1
342,39,659.21,463.42,26.05,73.80,1,-1,-1,-1
342,40,633.54,459.91,24.68,64.83,1,-1,-1,-1
342,42,410.48,471.34,44.89,113.15,1,-1,-1,-1
342,46,251.52,412.92,209.94,413.98,1,-1,-1,-1
342,47,1485.18,437.61,55.26,111.63,1,-1,-1,-1
342,48,796.10,475.47,56.31,62.67,1,-1,-1,-1
342,49,1.88,446.46,146.27,334.65,1,-1,-1,-1
343,4,1064.63,408.01,193.98,603.41,1,-1,-1,-1
343,23,486.59,453.05,34.10,112.67,1,-1,-1,-1
343,25,834.63,473.05,53.92,77.73,1,-1,-1,-1
343,29,559.25,460.60,20.39,58.92,1,-1,-1,-1
343,33,580.32,459.93,22.47,58.50,1,-1,-1,-1
343,35,905.35,425.81,147.50,521.78,1,-1,-1,-1
343,39,658.59,463.44,26.36,73.87,1,-1,-1,-1
343,40,634.56,460.57,24.34,63.69,1,-1,-1,-1
343,42,410.36,472.91,46.02,116.40,1,-1,-1,-1
343,46,250.05,413.24,215.65,412.10,1,-1,-1,-1
343,47,1486.75,437.60,55.29,112.10,1,-1,-1,-1
343,48,796.49,475.39,55.88,62.90,1,-1,-1,-1
343,49,4.17,440.63,147.13,354.98,1,-1,-1,-1
344,4,1066.45,417.32,196.44,595.28,1,-1,-1,-1
344,23,486.82,453.58,33.96,112.27,1,-1,-1,-1
344,25,834.78,473.33,53.70,77.50,1,-1,-1,-1
344,29,559.22,460.44,20.12,59.19,1,-1,-1,-1
344,33,578.79,459.73,22.56,58.64,1,-1,-1,-1
344,35,905.87,423.74,150.23,523.68,1,-1,-1,-1
344,39,658.30,463.01,26.53,74.24,1,-1,-1,-1
344,40,634.74,460.38,24.45,63.77,1,-1,-1,-1
344,42,411.51,474.56,46.02,116.40,1,-1,-1,-1
344,46,257.30,411.76,206.52,410.28,1,-1,-1,-1
344,47,1488.53,436.84,53.48,112.52,1,-1,-1,-1
344,48,796.46,475.74,56.10,63.18,1,-1,-1,-1
344,49,9.82,447.26,150.47,347.30,1,-1,-1,-1
345,4,1069.02,412.50,192.49,603.76,1,-1,-1,-1
345,23,485.80,452.97,34.20,113.48,1,-1,-1,-1
345,25,835.52,472.95,53.35,77.22,1,-1,-1,-1
345,29,558.06,460.28,19.40,58.85,1,-1,-1,-1
345,33,581.20,459.28,22.10,58.54,1,-1,-1,-1
345,35,906.27,422.55,148.53,522.79,1,-1,-1,-1
345,39,658.32,462.90,27.00,75.61,1,-1,-1,-1
345,40,635.05,460.44,24.42,64.49,1,-1,-1,-1
345,42,412.66,476.21,46.02,116.40,1,-1,-1,-1
345,46,264.56,408.14,203.28,413.30,1,-1,-1,-1
345,47,1492.00,436.69,51.18,112.37,1,-1,-1,-1
345,48,796.44,475.47,56.10,63.12,1,-1,-1,-1
345,49,21.13,438.37,146.50,355.70,1,-1,-1,-1
346,4,1065.86,402.16,195.58,605.61,1,-1,-1,-1
346,23,484.89,452.72,34.97,114.05,1,-1,-1,-1
346,25,836.07,472.31,53.17,77.14,1,-1,-1,-1
346,29,558.60,460.13,19.19,58.88,1,-1,-1,-1
346,33,583.46,458.87,22.10,58.86,1,-1,-1,-1
346,35,906.18,421.31,145.85,525.67,1,-1,-1,-1
346,39,658.71,463.09,26.86,75.11,1,-1,-1,-1
346,40,638.33,461.84,24.61,65.20,1,-1,-1,-1
346,42,413.81,477.86,46.02,116.40,1,-1,-1,-1
346,46,271.05,403.84,195.32,416.87,1,-1,-1,-1
346,47,1499.39,436.88,47.83,112.60,1,-1,-1,-1
346,48,796.25,475.03,56.38,63.32,1,-1,-1,-1
346,49,33.54,438.31,141.67,348.00,1,-1,-1,-1
347,4,1070.74,403.91,193.28,606.58,1,-1,-1,-1
347,23,484.92,452.86,35.13,113.74,1,-1,-1,-1
347,25,836.13,472.07,53.54,77.53,1,-1,-1,-1
347,29,558.94,459.76,19.48,58.90,1,-1,-1,-1
347,33,585.04,458.03,22.24,59.45,1,-1,-1,-1
347,35,906.32,420.39,145.88,527.44,1,-1,-1,-1
347,39,659.22,462.53,26.89,75.17,1,-1,-1,-1
347,40,640.02,462.44,25.02,66.25,1,-1,-1,-1
347,46,278.55,400.92,189.42,418.92,1,-1,-1,-1
347,47,1502.31,437.29,46.55,112.74,1,-1,-1,-1
347,48,796.15,475.30,56.60,63.17,1,-1,-1,-1
347,49,50.02,438.24,135.04,334.49,1,-1,-1,-1
348,4,1071.91,400.61,192.46,613.66,1,-1,-1,-1
348,23,484.94,452.66,34.69,114.48,1,-1,-1,-1
348,25,836.94,472.37,52.88,76.74,1,-1,-1,-1
348,29,555.68,459.12,19.70,59.39,1,-1,-1,-1
348,33,586.69,457.69,22.14,59.20,1,-1,-1,-1
348,35,906.73,421.74,145.41,524.12,1,-1,-1,-1
348,39,659.78,462.62,26.90,73.72,1,-1,-1,-1
348,40,632.49,461.13,27.95,67.40,1,-1,-1,-1
348,46,291.49,399.09,179.82,416.95,1,-1,-1,-1
348,47,1503.20,435.93,45.12,113.76,1,-1,-1,-1
348,48,796.32,475.35,57.37,62.35,1,-1,-1,-1
348,49,62.66,441.12,135.15,328.13,1,-1,-1,-1
349,4,1070.58,402.55,192.63,608.79,1,-1,-1,-1
349,23,485.39,452.85,34.07,114.63,1,-1,-1,-1
349,25,837.11,472.11,53.03,77.06,1,-1,-1,-1
349,29,554.90,459.20,19.91,59.33,1,-1,-1,-1
349,33,588.08,458.37,22.11,58.29,1,-1,-1,-1
349,35,908.01,423.20,144.00,520.54,1,-1,-1,-1
349,39,659.53,462.26,26.97,73.22,1,-1,-1,-1
349,40,627.26,460.21,29.10,67.89,1,-1,-1,-1
349,46,307.18,398.85,166.37,414.04,1,-1,-1,-1
349,47,1505.81,435.77,43.21,112.46,1,-1,-1,-1
349,48,796.62,475.26,57.53,61.68,1,-1,-1,-1
349,49,66.30,438.21,143.73,341.20,1,-1,-1,-1
350,4,1071.50,407.44,193.52,609.85,1,-1,-1,-1
350,23,485.30,452.93,33.53,114.40,1,-1,-1,-1
350,25,836.60,472.45,53.29,76.39,1,-1,-1,-1
350,29,556.91,459.15,19.97,59.10,1,-1,-1,-1
350,33,581.91,458.94,22.52,58.37,1,-1,-1,-1
350,35,908.70,421.04,145.26,520.16,1,-1,-1,-1
350,39,659.76,462.55,26.85,73.56,1,-1,-1,-1
350,40,633.27,461.29,26.09,65.52,1,-1,-1,-1
350,46,323.78,396.66,151.20,410.02,1,-1,-1,-1
350,47,1508.88,436.76,42.01,110.95,1,-1,-1,-1
350,48,796.86,475.40,57.44,61.84,1,-1,-1,-1
350,49,75.41,441.21,149.94,339.94,1,-1,-1,-1
351,4,1071.62,404.36,194.98,612.75,1,-1,-1,-1
351,23,485.32,452.25,33.02,114.40,1,-1,-1,-1
351,25,836.07,472.54,53.02,76.33,1,-1,-1,-1
351,29,557.39,459.22,20.34,58.82,1,-1,-1,-1
351,33,577.23,459.53,22.79,58.25,1,-1,-1,-1
351,35,911.99,421.68,143.05,515.22,1,-1,-1,-1
351,39,659.69,463.00,27.38,73.80,1,-1,-1,-1
351,40,636.91,461.87,25.61,65.58,1,-1,-1,-1
351,46,339.00,399.09,136.92,407.77,1,-1,-1,-1
351,47,1511.76,437.10,41.65,110.21,1,-1,-1,-1
351,48,796.77,475.61,57.62,61.88,1,-1,-1,-1
351,49,81.63,441.64,162.44,340.19,1,-1,-1,-1
352,4,1070.79,403.42,195.06,613.42,1,-1,-1,-1
352,23,484.72,452.73,33.22,114.05,1,-1,-1,-1
352,25,835.69,472.05,52.80,76.66,1,-1,-1,-1
352,29,557.87,459.46,20.52,58.95,1,-1,-1,-1
352,33,578.14,459.81,22.94,58.50,1,-1,-1,-1
352,35,913.44,420.03,142.87,517.31,1,-1,-1,-1
352,39,659.50,462.91,27.60,74.22,1,-1,-1,-1
352,40,636.25,461.69,25.67,65.80,1,-1,-1,-1
352,46,352.72,403.91,126.34,407.02,1,-1,-1,-1
352,47,1514.11,437.53,40.92,110.13,1,-1,-1,-1
352,48,796.54,475.14,57.26,62.94,1,-1,-1,-1
352,49,82.80,439.70,175.92,337.75,1,-1,-1,-1
353,4,1069.37,396.28,196.14,610.74,1,-1,-1,-1
353,23,484.14,454.63,32.64,111.08,1,-1,-1,-1
353,25,835.75,471.15,52.38,77.81,1,-1,-1,-1
353,29,557.96,458.58,20.51,59.54,1,-1,-1,-1
353,33,583.90,459.25,22.49,58.29,1,-1,-1,-1
353,35,914.10,420.95,142.33,519.12,1,-1,-1,-1
353,39,659.82,462.68,27.88,75.54,1,-1,-1,-1
353,40,635.79,460.81,26.32,67.20,1,-1,-1,-1
353,46,364.42,403.49,121.83,408.06,1,-1,-1,-1
353,47,1517.86,438.63,41.32,108.99,1,-1,-1,-1
353,48,796.60,474.36,56.66,64.31,1,-1,-1,-1
353,49,87.80,433.02,182.49,343.10,1,-1,-1,-1
354,4,1071.10,393.85,194.92,606.23,1,-1,-1,-1
354,23,483.95,455.70,30.65,107.87,1,-1,-1,-1
354,25,836.51,471.03,52.11,78.50,1,-1,-1,-1
354,29,556.95,458.71,20.57,59.16,1,-1,-1,-1
354,33,587.79,458.79,22.43,57.88,1,-1,-1,-1
354,35,914.50,422.95,142.45,517.36,1,-1,-1,-1
354,39,660.18,462.50,28.10,75.72,1,-1,-1,-1
354,40,634.29,460.62,26.73,68.32,1,-1,-1,-1
354,46,372.62,399.71,125.80,408.58,1,-1,-1,-1
354,47,1521.31,437.62,43.20,111.10,1,-1,-1,-1
354,48,797.08,474.13,56.06,64.65,1,-1,-1,-1
354,49,92.52,438.56,188.10,338.27,1,-1,-1,-1
355,4,1069.17,394.27,198.41,608.59,1,-1,-1,-1
355,23,483.46,454.61,29.64,115.94,1,-1,-1,-1
355,25,837.05,470.80,52.66,78.85,1,-1,-1,-1
355,29,557.98,459.05,20.38,59.33,1,-1,-1,-1
355,33,587.38,459.02,22.27,57.82,1,-1,-1,-1
355,35,912.97,422.07,147.31,525.16,1,-1,-1,-1
355,39,659.51,462.16,27.82,75.08,1,-1,-1,-1
355,40,633.68,460.40,26.57,68.73,1,-1,-1,-1
355,46,379.95,401.01,131.75,404.81,1,-1,-1,-1
355,47,1523.49,437.06,45.16,112.64,1,-1,-1,-1
355,48,797.22,474.26,55.81,64.27,1,-1,-1,-1
355,49,99.28,440.82,188.17,338.43,1,-1,-1,-1
355,50,3.20,438.20,130.10,421.70,1,-1,-1,-1
356,4,1067.99,394.60,200.43,607.69,1,-1,-1,-1
356,23,482.01,455.17,33.25,119.06,1,-1,-1,-1
356,25,836.59,470.92,53.25,78.40,1,-1,-1,-1
356,29,558.52,458.64,20.53,59.66,1,-1,-1,-1
356,33,587.12,458.67,22.43,58.02,1,-1,-1,-1
356,35,913.83,423.13,148.21,526.10,1,-1,-1,-1
356,39,659.90,461.75,27.46,75.44,1,-1,-1,-1
356,40,633.03,459.71,26.94,69.62,1,-1,-1,-1
356,46,385.73,403.94,140.04,403.75,1,-1,-1,-1
356,47,1524.99,437.68,45.89,112.47,1,-1,-1,-1
356,48,797.16,474.45,55.87,63.73,1,-1,-1,-1
356,49,104.92,432.19,186.72,346.60,1,-1,-1,-1
356,50,2.64,439.81,145.08,414.42,1,-1,-1,-1
357,4,1072.11,401.44,198.80,600.84,1,-1,-1,-1
357,23,496.22,456.78,28.32,98.37,1,-1,-1,-1
357,25,835.99,470.73,53.63,78.89,1,-1,-1,-1
357,29,557.43,458.90,20.72,59.20,1,-1,-1,-1
357,33,584.64,458.63,22.41,57.87,1,-1,-1,-1
357,35,917.60,421.35,142.32,518.19,1,-1,-1,-1
357,39,660.43,462.21,27.14,75.69,1,-1,-1,-1
357,40,631.16,459.18,27.05,69.82,1,-1,-1,-1
357,46,389.98,405.80,150.51,398.33,1,-1,-1,-1
357,47,1527.13,439.68,44.99,110.18,1,-1,-1,-1
357,48,797.43,474.70,55.96,63.43,1,-1,-1,-1
357,49,116.67,434.45,179.01,340.72,1,-1,-1,-1
357,50,4.46,442.29,170.92,408.04,1,-1,-1,-1
358,4,1073.56,405.17,200.06,599.55,1,-1,-1,-1
358,23,517.17,453.81,25.08,77.46,1,-1,-1,-1
358,25,835.88,471.11,53.68,78.83,1,-1,-1,-1
358,29,558.04,459.94,20.29,58.15,1,-1,-1,-1
358,33,576.33,459.35,22.96,58.17,1,-1,-1,-1
358,35,918.48,418.85,143.08,519.53,1,-1,-1,-1
358,39,660.14,463.87,27.18,74.37,1,-1,-1,-1
358,40,631.72,459.23,27.02,70.85,1,-1,-1,-1
358,46,395.91,408.15,157.71,394.18,1,-1,-1,-1
358,47,1529.83,438.91,45.07,111.17,1,-1,-1,-1
358,48,797.65,475.15,55.99,62.85,1,-1,-1,-1
358,49,119.72,440.20,181.10,337.21,1,-1,-1,-1
358,50,6.19,444.94,192.75,407.59,1,-1,-1,-1
359,4,1071.06,409.96,203.24,599.10,1,-1,-1,-1
359,23,527.41,453.46,23.35,69.86,1,-1,-1,-1
359,25,835.67,471.41,53.97,78.88,1,-1,-1,-1
359,29,558.19,460.50,19.18,57.97,1,-1,-1,-1
359,33,572.24,459.63,22.78,58.82,1,-1,-1,-1
359,35,920.68,420.65,142.39,516.92,1,-1,-1,-1
359,39,659.99,464.17,27.19,75.30,1,-1,-1,-1
359,40,632.31,458.95,26.79,71.03,1,-1,-1,-1
359,46,398.37,407.94,168.20,391.60,1,-1,-1,-1
359,47,1531.85,436.95,45.37,112.94,1,-1,-1,-1
359,48,797.51,475.58,56.49,62.18,1,-1,-1,-1
359,49,120.66,441.18,178.65,340.28,1,-1,-1,-1
359,50,5.64,450.57,204.05,412.01,1,-1,-1,-1
360,4,1071.83,409.91,202.37,608.13,1,-1,-1,-1
360,23,528.28,456.85,21.77,66.95,1,-1,-1,-1
360,25,835.59,471.07,54.76,79.10,1,-1,-1,-1
360,29,560.48,461.15,19.05,57.85,1,-1,-1,-1
360,33,585.09,459.22,22.37,57.20,1,-1,-1,-1
360,35,923.22,419.80,143.31,523.56,1,-1,-1,-1
360,39,659.43,464.35,26.29,72.22,1,-1,-1,-1
360,40,629.88,458.93,27.36,71.85,1,-1,-1,-1
360,46,397.39,408.21,179.54,387.89,1,-1,-1,-1
360,47,1532.82,436.23,45.81,113.61,1,-1,-1,-1
360,48,797.41,475.82,56.57,61.50,1,-1,-1,-1
360,49,123.36,442.13,178.65,340.28,1,-1,-1,-1
360,50,3.72,447.77,213.05,411.72,1,-1,-1,-1
360,51,885.60,455.20,30.40,70.90,1,-1,-1,-1
361,4,1071.04,408.04,203.72,608.95,1,-1,-1,-1
361,23,528.93,457.00,21.77,66.95,1,-1,-1,-1
361,25,835.47,471.30,54.86,78.89,1,-1,-1,-1
361,29,564.35,459.94,17.83,58.80,1,-1,-1,-1
361,33,596.97,458.10,21.83,56.71,1,-1,-1,-1
361,35,926.57,419.78,143.51,525.41,1,-1,-1,-1
361,39,658.11,462.43,26.02,71.93,1,-1,-1,-1
361,40,629.36,458.12,28.16,74.12,1,-1,-1,-1
361,46,399.23,407.65,185.74,388.74,1,-1,-1,-1
361,47,1533.60,436.64,46.57,113.60,1,-1,-1,-1
361,48,797.36,475.69,56.45,61.92,1,-1,-1,-1
361,49,134.00,441.07,164.41,340.71,1,-1,-1,-1
361,50,4.09,443.98,223.16,413.18,1,-1,-1,-1
361,51,882.59,456.67,31.87,69.92,1,-1,-1,-1
362,4,1069.87,411.14,203.71,605.20,1,-1,-1,-1
362,23,529.58,457.15,21.77,66.95,1,-1,-1,-1
362,25,834.92,472.05,54.68,78.34,1,-1,-1,-1
362,29,564.31,458.97,16.83,58.80,1,-1,-1,-1
362,33,600.36,458.17,22.79,57.40,1,-1,-1,-1
362,35,927.23,418.58,141.05,520.50,1,-1,-1,-1
362,39,657.40,460.42,25.30,70.51,1,-1,-1,-1
362,40,628.11,458.20,28.47,74.81,1,-1,-1,-1
362,46,398.61,414.89,193.20,381.50,1,-1,-1,-1
362,47,1535.61,436.43,46.73,113.04,1,-1,-1,-1
362,48,796.97,475.77,56.69,61.70,1,-1,-1,-1
362,49,147.78,439.11,152.01,339.58,1,-1,-1,-1
362,50,3.82,448.36,225.15,411.44,1,-1,-1,-1
362,51,880.71,455.92,32.10,69.07,1,-1,-1,-1
363,4,1069.11,408.62,208.11,609.82,1,-1,-1,-1
363,23,530.23,457.30,21.77,66.95,1,-1,-1,-1
363,25,835.05,472.40,53.99,77.68,1,-1,-1,-1
363,29,565.06,460.43,17.30,59.01,1,-1,-1,-1
363,33,599.01,459.27,22.24,56.91,1,-1,-1,-1
363,35,927.38,418.80,140.88,518.26,1,-1,-1,-1
363,39,657.53,459.34,25.23,71.83,1,-1,-1,-1
363,40,626.84,459.28,28.63,73.89,1,-1,-1,-1
363,46,400.88,412.97,196.21,386.96,1,-1,-1,-1
363,47,1538.30,434.72,47.55,114.41,1,-1,-1,-1
363,48,796.80,475.79,56.84,61.49,1,-1,-1,-1
363,49,174.18,435.74,129.11,340.30,1,-1,-1,-1
363,50,1.34,446.48,222.38,406.37,1,-1,-1,-1
363,51,883.18,453.77,31.61,68.04,1,-1,-1,-1
364,4,1071.95,411.43,210.76,608.83,1,-1,-1,-1
364,25,835.84,471.93,53.79,78.11,1,-1,-1,-1
364,29,564.21,461.44,17.37,59.21,1,-1,-1,-1
364,33,595.01,459.90,21.09,55.85,1,-1,-1,-1
364,35,929.02,418.34,142.78,523.75,1,-1,-1,-1
364,39,657.60,461.77,24.37,70.20,1,-1,-1,-1
364,40,627.43,458.64,28.68,73.90,1,-1,-1,-1
364,46,405.18,411.82,197.53,385.24,1,-1,-1,-1
364,47,1542.08,435.40,46.81,113.84,1,-1,-1,-1
364,48,796.71,475.76,56.67,61.78,1,-1,-1,-1
364,49,195.46,437.20,122.24,333.23,1,-1,-1,-1
364,50,1.00,443.51,227.65,405.90,1,-1,-1,-1
364,51,887.33,452.20,28.66,66.54,1,-1,-1,-1
365,4,1072.46,408.70,209.95,604.54,1,-1,-1,-1
365,25,836.15,471.45,54.01,78.73,1,-1,-1,-1
365,29,562.97,462.39,17.60,58.71,1,-1,-1,-1
365,33,590.68,460.59,20.05,55.89,1,-1,-1,-1
365,35,932.14,419.31,141.81,529.45,1,-1,-1,-1
365,39,656.39,461.03,23.83,69.43,1,-1,-1,-1
365,40,628.82,458.35,27.99,72.92,1,-1,-1,-1
365,46,406.92,411.20,196.81,383.11,1,-1,-1,-1
365,47,1545.89,435.68,46.52,113.88,1,-1,-1,-1
365,48,796.43,475.80,56.76,61.51,1,-1,-1,-1
365,49,210.53,440.10,113.53,327.12,1,-1,-1,-1
365,50,9.07,439.47,220.68,408.84,1,-1,-1,-1
365,51,889.50,451.27,27.71,65.60,1,-1,-1,-1
366,4,1069.65,402.44,212.50,610.67,1,-1,-1,-1
366,25,836.16,471.44,54.00,78.99,1,-1,-1,-1
366,29,563.17,463.66,18.51,57.51,1,-1,-1,-1
366,33,591.07,460.94,20.29,55.69,1,-1,-1,-1
366,35,934.10,421.85,143.20,528.58,1,-1,-1,-1
366,39,655.07,459.38,23.25,68.99,1,-1,-1,-1
366,40,629.15,458.01,28.14,72.35,1,-1,-1,-1
366,46,407.09,409.64,197.85,382.33,1,-1,-1,-1
366,47,1546.01,435.20,46.30,113.82,1,-1,-1,-1
366,48,796.41,475.90,57.00,61.36,1,-1,-1,-1
366,49,218.10,444.00,110.85,321.23,1,-1,-1,-1
366,50,25.31,441.34,204.18,405.52,1,-1,-1,-1
366,51,889.93,451.19,27.49,64.69,1,-1,-1,-1
366,52,379.80,462.10,46.80,114.30,1,-1,-1,-1
367,4,1069.66,406.33,212.29,604.25,1,-1,-1,-1
367,25,836.47,471.77,54.28,79.07,1,-1,-1,-1
367,29,574.30,461.95,21.79,57.85,1,-1,-1,-1
367,33,593.24,460.22,20.79,56.54,1,-1,-1,-1
367,35,937.42,422.91,141.73,525.44,1,-1,-1,-1
367,39,653.17,458.92,23.21,69.07,1,-1,-1,-1
367,40,628.78,458.23,27.97,72.24,1,-1,-1,-1
367,46,406.45,410.36,200.90,383.36,1,-1,-1,-1
367,47,1545.70,435.69,46.72,112.83,1,-1,-1,-1
367,48,796.84,476.22,56.79,60.90,1,-1,-1,-1
367,49,225.94,442.34,114.17,325.69,1,-1,-1,-1
367,50,38.74,441.94,195.58,400.61,1,-1,-1,-1
367,51,888.08,452.84,27.85,63.02,1,-1,-1,-1
367,52,376.86,462.17,48.55,115.49,1,-1,-1,-1
368,4,1073.16,404.65,210.06,608.42,1,-1,-1,-1
368,25,836.71,471.88,54.01,79.23,1,-1,-1,-1
368,29,594.28,459.60,21.80,57.05,1,-1,-1,-1
368,33,583.16,460.32,22.06,58.19,1,-1,-1,-1
368,35,938.33,424.31,143.39,521.91,1,-1,-1,-1
368,39,650.42,459.06,22.92,68.04,1,-1,-1,-1
368,40,627.09,458.10,28.90,72.70,1,-1,-1,-1
368,46,407.88,411.27,198.03,383.25,1,-1,-1,-1
368,47,1547.75,436.63,47.06,110.92,1,-1,-1,-1
368,48,797.07,476.28,56.52,60.69,1,-1,-1,-1
368,49,233.14,438.91,122.80,328.99,1,-1,-1,-1
368,50,61.29,439.78,172.98,398.57,1,-1,-1,-1
368,51,886.18,455.81,27.67,61.12,1,-1,-1,-1
368,52,375.37,462.34,49.50,115.64,1,-1,-1,-1
369,4,1075.73,409.18,208.97,605.11,1,-1,-1,-1
369,25,836.80,472.13,53.79,78.37,1,-1,-1,-1
369,29,596.21,458.37,22.01,58.27,1,-1,-1,-1
369,33,571.16,461.52,22.06,58.19,1,-1,-1,-1
369,35,938.43,426.34,144.24,519.45,1,-1,-1,-1
369,39,647.32,458.11,22.92,68.04,1,-1,-1,-1
369,40,626.11,458.31,29.32,73.26,1,-1,-1,-1
369,46,409.42,411.43,199.27,381.88,1,-1,-1,-1
369,47,1549.16,435.52,47.79,111.47,1,-1,-1,-1
369,48,797.40,475.93,56.09,61.68,1,-1,-1,-1
369,49,235.96,438.94,135.61,323.89,1,-1,-1,-1
369,50,87.06,443.54,150.60,390.54,1,-1,-1,-1
369,51,886.17,456.43,26.99,60.19,1,-1,-1,-1
369,52,376.65,462.70,49.71,115.40,1,-1,-1,-1
370,4,1074.32,408.08,210.67,608.81,1,-1,-1,-1
370,25,836.79,471.83,53.38,78.74,1,-1,-1,-1
370,29,594.05,458.49,21.86,58.50,1,-1,-1,-1
370,33,559.16,462.72,22.06,58.19,1,-1,-1,-1
370,35,941.43,426.68,142.25,515.99,1,-1,-1,-1
370,39,644.22,457.16,22.92,68.04,1,-1,-1,-1
370,40,625.91,458.64,29.80,73.43,1,-1,-1,-1
370,46,414.22,409.63,193.06,382.18,1,-1,-1,-1
370,47,1550.93,435.45,47.73,111.84,1,-1,-1,-1
370,48,797.22,475.77,56.38,62.46,1,-1,-1,-1
370,49,237.80,436.34,151.49,326.56,1,-1,-1,-1
370,50,110.90,439.73,133.52,388.62,1,-1,-1,-1
370,51,888.29,455.69,26.37,59.01,1,-1,-1,-1
370,52,376.73,463.57,50.26,115.19,1,-1,-1,-1
371,4,1073.09,411.05,212.51,606.21,1,-1,-1,-1
371,25,836.31,471.96,53.25,78.64,1,-1,-1,-1
371,29,585.95,457.52,25.04,68.23,1,-1,-1,-1
371,33,547.16,463.92,22.06,58.19,1,-1,-1,-1
371,35,946.45,425.62,138.30,515.86,1,-1,-1,-1
371,39,641.12,456.21,22.92,68.04,1,-1,-1,-1
371,40,626.09,458.09,29.66,72.85,1,-1,-1,-1
371,46,422.88,409.18,183.43,380.37,1,-1,-1,-1
371,47,1551.32,436.97,47.92,110.97,1,-1,-1,-1
371,48,796.70,476.05,56.39,62.21,1,-1,-1,-1
371,49,235.86,432.74,162.35,325.54,1,-1,-1,-1
371,50,124.58,438.22,131.41,387.56,1,-1,-1,-1
371,51,890.02,455.21,26.11,58.79,1,-1,-1,-1
371,52,377.92,462.97,48.68,116.88,1,-1,-1,-1
371,53,414.20,466.70,39.50,108.20,1,-1,-1,-1
372,4,1074.18,410.25,209.28,597.24,1,-1,-1,-1
372,25,836.18,472.14,53.64,78.26,1,-1,-1,-1
372,29,574.05,463.52,25.04,68.23,1,-1,-1,-1
372,35,947.48,426.12,139.21,515.68,1,-1,-1,-1
372,40,625.90,456.27,29.76,73.93,1,-1,-1,-1
372,46,438.01,409.28,175.08,381.30,1,-1,-1,-1
372,47,1553.49,438.91,47.28,110.01,1,-1,-1,-1
372,48,796.35,475.85,56.54,62.34,1,-1,-1,-1
372,49,238.04,435.53,166.86,316.97,1,-1,-1,-1
372,50,134.79,441.70,139.66,384.16,1,-1,-1,-1
372,51,889.04,456.39,26.10,57.33,1,-1,-1,-1
372,52,378.51,462.62,47.15,117.24,1,-1,-1,-1
372,53,412.45,468.45,42.23,107.64,1,-1,-1,-1
373,4,1074.49,405.79,211.74,606.03,1,-1,-1,-1
373,25,836.08,471.96,53.40,78.29,1,-1,-1,-1
373,29,562.15,469.52,25.04,68.23,1,-1,-1,-1
373,35,948.46,426.65,139.06,513.87,1,-1,-1,-1
373,40,625.62,455.75,29.79,75.17,1,-1,-1,-1
373,46,454.89,410.04,165.78,376.40,1,-1,-1,-1
373,47,1555.48,440.85,45.96,109.51,1,-1,-1,-1
373,48,796.22,475.60,56.09,62.31,1,-1,-1,-1
373,49,243.63,438.91,175.29,314.61,1,-1,-1,-1
373,50,147.33,444.66,145.36,377.05,1,-1,-1,-1
373,51,887.22,457.71,25.40,54.79,1,-1,-1,-1
373,52,378.18,461.98,44.81,119.66,1,-1,-1,-1
373,53,411.20,471.00,43.75,106.42,1,-1,-1,-1
374,4,1077.68,407.85,213.74,607.06,1,-1,-1,-1
374,25,835.20,472.63,53.89,78.02,1,-1,-1,-1
374,29,550.25,475.52,25.04,68.23,1,-1,-1,-1
374,35,951.43,426.44,138.11,514.52,1,-1,-1,-1
374,40,626.65,455.59,30.22,76.10,1,-1,-1,-1
374,46,471.89,404.82,152.85,376.82,1,-1,-1,-1
374,47,1555.28,442.30,45.96,109.51,1,-1,-1,-1
374,48,796.18,475.97,55.89,61.39,1,-1,-1,-1
374,49,239.26,441.22,180.06,310.40,1,-1,-1,-1
374,50,152.18,445.43,157.36,376.38,1,-1,-1,-1
374,51,885.52,457.41,25.40,54.79,1,-1,-1,-1
374,52,379.75,460.70,43.47,120.81,1,-1,-1,-1
374,53,411.46,468.79,44.76,108.16,1,-1,-1,-1
375,4,1078.51,407.24,214.69,604.78,1,-1,-1,-1
375,25,835.15,473.23,54.32,78.07,1,-1,-1,-1
375,35,952.22,426.17,142.86,514.65,1,-1,-1,-1
375,40,626.57,455.97,30.34,73.44,1,-1,-1,-1
375,46,487.57,403.76,141.47,369.18,1,-1,-1,-1
375,47,1555.08,443.75,45.96,109.51,1,-1,-1,-1
375,48,796.66,476.47,55.48,60.91,1,-1,-1,-1
375,49,257.33,441.55,157.41,303.40,1,-1,-1,-1
375,50,153.16,445.03,175.17,380.04,1,-1,-1,-1
375,51,885.56,460.11,25.19,51.30,1,-1,-1,-1
375,52,379.45,461.42,43.84,120.03,1,-1,-1,-1
375,53,411.29,469.34,45.84,107.28,1,-1,-1,-1
376,4,1078.66,408.15,213.58,604.02,1,-1,-1,-1
376,25,835.23,473.06,54.38,77.88,1,-1,-1,-1
376,35,954.87,424.52,143.24,520.91,1,-1,-1,-1
376,40,624.86,456.39,31.36,72.85,1,-1,-1,-1
376,46,498.95,405.31,136.10,363.80,1,-1,-1,-1
376,47,1554.88,445.20,45.96,109.51,1,-1,-1,-1
376,48,796.80,476.46,55.07,61.53,1,-1,-1,-1
376,49,273.53,437.55,157.41,303.40,1,-1,-1,-1
376,50,158.30,444.51,188.28,382.39,1,-1,-1,-1
376,51,885.16,460.79,25.19,51.30,1,-1,-1,-1
376,52,377.33,463.34,41.08,120.71,1,-1,-1,-1
376,53,410.32,469.44,46.79,108.41,1,-1,-1,-1
376,54,475.10,454.70,32.70,110.30,1,-1,-1,-1
377,4,1078.75,410.97,212.33,600.16,1,-1,-1,-1
377,25,835.49,472.49,54.39,78.03,1,-1,-1,-1
377,35,957.89,423.41,142.93,524.68,1,-1,-1,-1
377,40,624.85,456.30,31.39,73.87,1,-1,-1,-1
377,46,509.59,402.45,131.27,365.55,1,-1,-1,-1
377,48,796.46,476.53,55.79,61.23,1,-1,-1,-1
377,49,289.73,433.55,157.41,303.40,1,-1,-1,-1
377,50,161.35,444.64,198.65,378.62,1,-1,-1,-1
377,51,886.82,459.25,24.78,52.28,1,-1,-1,-1
377,52,374.18,464.79,41.08,120.71,1,-1,-1,-1
377,53,409.84,469.43,47.85,107.00,1,-1,-1,-1
377,54,472.93,453.51,35.57,114.08,1,-1,-1,-1
377,55,5.50,444.10,103.40,362.90,1,-1,-1,-1
378,4,1078.55,411.20,213.01,598.37,1,-1,-1,-1
378,25,835.96,472.53,54.26,77.66,1,-1,-1,-1
378,35,962.69,424.24,140.39,513.57,1,-1,-1,-1
378,40,625.15,456.05,31.39,73.87,1,-1,-1,-1
378,46,518.79,400.85,129.05,363.49,1,-1,-1,-1
378,48,796.62,476.46,55.73,61.07,1,-1,-1,-1
378,49,305.93,429.55,157.41,303.40,1,-1,-1,-1
378,50,161.70,443.21,205.20,383.79,1,-1,-1,-1
378,51,887.39,458.42,24.78,52.28,1,-1,-1,-1
378,52,371.03,466.24,41.08,120.71,1,-1,-1,-1
378,53,410.63,469.94,47.88,106.51,1,-1,-1,-1
378,54,471.33,452.54,37.13,117.03,1,-1,-1,-1
378,55,3.33,433.67,121.81,379.84,1,-1,-1,-1
379,4,1080.81,408.77,211.46,599.44,1,-1,-1,-1
379,25,835.95,472.79,54.29,76.71,1,-1,-1,-1
379,35,964.38,420.03,138.93,515.48,1,-1,-1,-1
379,40,625.45,455.80,31.39,73.87,1,-1,-1,-1
379,46,526.12,402.91,126.85,364.13,1,-1,-1,-1
379,48,796.54,476.47,56.20,61.09,1,-1,-1,-1
379,50,161.55,447.52,211.92,380.30,1,-1,-1,-1
379,51,887.97,457.60,24.78,52.28,1,-1,-1,-1
379,52,367.88,467.69,41.08,120.71,1,-1,-1,-1
379,53,411.33,470.73,46.22,105.31,1,-1,-1,-1
379,54,470.14,453.07,38.44,115.68,1,-1,-1,-1
379,55,4.92,436.07,142.03,375.40,1,-1,-1,-1
380,4,1078.99,415.67,215.27,593.32,1,-1,-1,-1
380,25,836.14,472.47,54.51,76.77,1,-1,-1,-1
380,35,966.34,424.22,136.32,512.06,1,-1,-1,-1
380,40,625.75,455.55,31.39,73.87,1,-1,-1,-1
380,46,531.35,405.86,129.40,368.17,1,-1,-1,-1
380,48,796.66,476.65,56.27,60.75,1,-1,-1,-1
380,50,165.72,446.90,208.06,375.26,1,-1,-1,-1
380,51,888.54,456.77,24.78,52.28,1,-1,-1,-1
380,52,312.28,446.15,110.32,258.18,1,-1,-1,-1
380,53,411.60,470.89,44.87,104.95,1,-1,-1,-1
380,54,469.62,453.51,39.32,112.33,1,-1,-1,-1
380,55,5.98,442.03,156.99,373.72,1,-1,-1,-1
381,4,1079.03,403.75,213.47,611.23,1,-1,-1,-1
381,25,836.32,472.52,54.36,76.30,1,-1,-1,-1
381,35,970.03,426.95,133.79,514.19,1,-1,-1,-1
381,46,535.87,408.87,133.11,360.14,1,-1,-1,-1
381,48,796.07,476.60,56.57,60.71,1,-1,-1,-1
381,50,167.30,447.08,210.05,370.32,1,-1,-1,-1
381,52,300.10,443.11,131.59,298.30,1,-1,-1,-1
381,53,414.77,469.89,42.16,108.42,1,-1,-1,-1
381,54,470.94,453.34,39.45,110.98,1,-1,-1,-1
381,55,4.73,440.72,173.03,379.17,1,-1,-1,-1
382,4,1080.48,398.13,210.55,609.53,1,-1,-1,-1
382,25,835.91,472.57,53.62,76.09,1,-1,-1,-1
382,35,968.77,428.33,138.00,519.10,1,-1,-1,-1
382,46,537.99,407.59,135.97,358.78,1,-1,-1,-1
382,48,796.26,476.30,55.47,61.40,1,-1,-1,-1
382,50,178.15,446.87,202.94,370.73,1,-1,-1,-1
382,52,314.00,439.15,127.19,306.21,1,-1,-1,-1
382,53,422.54,470.03,36.80,100.63,1,-1,-1,-1
382,54,471.53,453.33,39.97,112.32,1,-1,-1,-1
382,55,4.17,448.77,181.76,371.91,1,-1,-1,-1
383,4,1081.27,409.14,213.67,602.58,1,-1,-1,-1
383,25,835.98,472.61,53.12,76.52,1,-1,-1,-1
383,35,969.60,424.49,135.55,519.73,1,-1,-1,-1
383,46,540.62,410.28,136.41,359.98,1,-1,-1,-1
383,48,796.27,476.12,55.35,61.68,1,-1,-1,-1
383,50,190.09,451.36,191.36,366.86,1,-1,-1,-1
383,52,334.08,448.89,112.99,295.07,1,-1,-1,-1
383,53,427.36,467.38,34.63,98.79,1,-1,-1,-1
383,54,471.03,454.24,39.29,109.30,1,-1,-1,-1
383,55,4.89,452.03,189.21,367.84,1,-1,-1,-1
384,4,1084.95,404.58,207.88,619.46,1,-1,-1,-1
384,25,835.90,472.47,53.03,77.28,1,-1,-1,-1
384,35,968.96,421.39,136.28,517.54,1,-1,-1,-1
384,46,542.25,403.29,139.76,368.61,1,-1,-1,-1
384,48,796.67,476.41,55.11,61.27,1,-1,-1,-1
384,50,198.57,441.37,180.47,375.36,1,-1,-1,-1
384,52,351.47,446.47,108.31,298.73,1,-1,-1,-1
384,53,429.06,467.03,34.63,98.79,1,-1,-1,-1
384,54,469.83,452.62,39.37,109.65,1,-1,-1,-1
384,55,5.01,438.24,197.53,377.05,1,-1,-1,-1
385,4,1083.66,400.82,207.82,624.11,1,-1,-1,-1
385,25,835.15,472.54,53.36,77.01,1,-1,-1,-1
385,35,974.04,419.29,131.68,521.22,1,-1,-1,-1
385,46,545.37,407.70,141.96,363.00,1,-1,-1,-1
385,48,796.83,476.76,55.45,60.59,1,-1,-1,-1
385,50,218.15,440.17,163.06,366.15,1,-1,-1,-1
385,52,357.96,440.41,118.17,304.03,1,-1,-1,-1
385,53,430.76,466.68,34.63,98.79,1,-1,-1,-1
385,54,469.19,453.36,38.90,106.67,1,-1,-1,-1
385,55,4.40,435.70,202.48,374.99,1,-1,-1,-1
385,56,514.60,460.70,26.70,64.80,1,-1,-1,-1
386,4,1081.20,402.58,215.16,609.33,1,-1,-1,-1
386,25,835.43,472.54,53.25,76.23,1,-1,-1,-1
386,35,975.55,428.66,131.76,511.69,1,-1,-1,-1
386,46,549.55,408.46,138.00,361.67,1,-1,-1,-1
386,48,796.70,476.52,56.19,60.60,1,-1,-1,-1
386,50,237.77,448.66,146.71,359.32,1,-1,-1,-1
386,52,361.86,438.75,127.71,301.42,1,-1,-1,-1
386,53,432.46,466.33,34.63,98.79,1,-1,-1,-1
386,54,467.78,453.56,38.90,105.22,1,-1,-1,-1
386,55,6.04,432.33,201.93,377.03,1,-1,-1,-1
386,56,514.11,460.00,25.79,63.96,1,-1,-1,-1
387,4,1080.30,394.29,215.12,624.36,1,-1,-1,-1
387,25,835.68,471.83,52.93,76.98,1,-1,-1,-1
387,35,973.22,428.00,136.69,520.94,1,-1,-1,-1
387,46,548.11,409.94,144.51,356.30,1,-1,-1,-1
387,48,796.59,476.04,56.34,61.30,1,-1,-1,-1
387,50,256.32,450.56,130.74,355.18,1,-1,-1,-1
387,52,362.68,437.37,143.59,303.86,1,-1,-1,-1
387,54,468.89,454.39,38.83,104.58,1,-1,-1,-1
387,55,11.64,428.28,199.74,377.15,1,-1,-1,-1
387,56,514.82,459.31,24.61,64.48,1,-1,-1,-1
388,4,1077.72,404.43,219.73,615.85,1,-1,-1,-1
388,25,835.96,471.75,53.26,76.99,1,-1,-1,-1
388,35,974.85,422.04,132.22,520.84,1,-1,-1,-1
388,46,552.20,409.76,141.07,355.81,1,-1,-1,-1
388,48,796.52,476.26,56.38,60.74,1,-1,-1,-1
388,50,269.39,443.69,122.94,360.86,1,-1,-1,-1
388,52,364.59,437.88,158.37,301.30,1,-1,-1,-1
388,54,470.64,457.69,39.23,102.35,1,-1,-1,-1
388,55,23.32,425.97,190.68,378.16,1,-1,-1,-1
388,56,515.71,461.85,24.18,64.21,1,-1,-1,-1
389,4,1080.19,405.77,219.78,616.16,1,-1,-1,-1
389,25,836.26,472.12,53.43,76.30,1,-1,-1,-1
389,35,973.70,418.25,131.78,521.09,1,-1,-1,-1
389,46,554.25,410.79,138.92,352.51,1,-1,-1,-1
389,48,796.64,476.41,56.39,60.50,1,-1,-1,-1
389,50,276.83,441.78,118.15,360.96,1,-1,-1,-1
389,52,363.25,438.02,170.08,307.74,1,-1,-1,-1
389,54,484.76,460.96,32.07,87.55,1,-1,-1,-1
389,55,33.39,422.92,182.08,380.15,1,-1,-1,-1
389,56,518.11,463.18,23.63,63.50,1,-1,-1,-1
390,4,1075.17,407.29,224.48,605.90,1,-1,-1,-1
390,25,836.31,471.76,53.34,77.56,1,-1,-1,-1
390,35,975.16,420.30,130.89,517.04,1,-1,-1,-1
390,46,558.84,410.73,135.34,347.39,1,-1,-1,-1
390,48,796.61,476.28,56.26,60.71,1,-1,-1,-1
390,50,288.14,445.58,116.02,357.07,1,-1,-1,-1
390,52,367.21,437.96,172.61,311.63,1,-1,-1,-1
390,54,494.01,458.00,30.34,82.89,1,-1,-1,-1
390,55,43.46,428.79,175.52,374.51,1,-1,-1,-1
390,56,519.02,461.07,23.40,63.57,1,-1,-1,-1
390,57,932.90,435.40,64.00,184.20,1,-1,-1,-1
391,4,1074.25,410.44,228.27,605.48,1,-1,-1,-1
391,25,836.81,471.82,53.17,77.73,1,-1,-1,-1
391,35,978.04,418.26,129.29,518.62,1,-1,-1,-1
391,46,566.29,405.25,128.59,354.12,1,-1,-1,-1
391,48,796.64,475.98,56.01,61.05,1,-1,-1,-1
391,50,300.01,451.30,121.60,346.03,1,-1,-1,-1
391,52,371.94,435.89,175.89,308.32,1,-1,-1,-1
391,54,495.06,459.04,29.47,81.01,1,-1,-1,-1
391,55,56.53,435.52,171.93,366.31,1,-1,-1,-1
391,56,522.76,459.65,23.47,63.73,1,-1,-1,-1
391,57,930.24,435.19,65.54,181.40,1,-1,-1,-1
392,4,1076.16,418.10,228.01,593.80,1,-1,-1,-1
392,25,836.50,471.51,52.98,77.71,1,-1,-1,-1
392,35,978.43,419.22,128.53,520.50,1,-1,-1,-1
392,46,570.51,405.35,129.30,356.63,1,-1,-1,-1
392,48,796.46,475.90,55.93,61.09,1,-1,-1,-1
392,50,305.32,443.55,126.78,353.50,1,-1,-1,-1
392,52,371.01,439.54,180.87,304.04,1,-1,-1,-1
392,54,514.19,459.63,23.61,69.24,1,-1,-1,-1
392,55,66.48,427.26,171.14,369.80,1,-1,-1,-1
392,56,534.83,460.48,23.98,64.06,1,-1,-1,-1
392,57,927.44,437.17,63.69,176.15,1,-1,-1,-1
393,4,1070.76,417.97,230.59,592.26,1,-1,-1,-1
393,25,836.19,471.05,53.06,78.26,1,-1,-1,-1
393,35,975.77,423.92,131.10,514.13,1,-1,-1,-1
393,46,577.98,406.47,126.78,350.94,1,-1,-1,-1
393,48,796.40,475.88,56.19,61.45,1,-1,-1,-1
393,50,304.21,442.90,136.10,353.71,1,-1,-1,-1
393,52,375.88,436.52,182.50,311.43,1,-1,-1,-1
393,54,533.54,456.63,22.97,65.50,1,-1,-1,-1
393,55,74.98,427.14,170.97,364.34,1,-1,-1,-1
393,56,552.05,459.76,23.36,64.23,1,-1,-1,-1
393,57,925.85,437.35,63.56,179.61,1,-1,-1,-1
394,4,1072.09,408.92,232.98,601.95,1,-1,-1,-1
394,25,836.22,470.87,53.30,78.92,1,-1,-1,-1
394,35,975.72,423.77,134.11,513.62,1,-1,-1,-1
394,46,585.99,409.44,122.45,347.97,1,-1,-1,-1
394,48,796.49,476.04,55.92,61.41,1,-1,-1,-1
394,50,306.11,446.40,151.08,348.38,1,-1,-1,-1
394,52,387.47,432.13,164.44,314.98,1,-1,-1,-1
394,54,536.68,458.57,22.50,63.26,1,-1,-1,-1
394,55,78.77,429.28,177.92,361.30,1,-1,-1,-1
394,56,560.69,459.17,22.27,62.32,1,-1,-1,-1
394,57,923.98,436.98,62.75,183.03,1,-1,-1,-1
395,4,1073.84,404.27,233.69,604.22,1,-1,-1,-1
395,25,836.23,471.43,53.79,78.63,1,-1,-1,-1
395,35,977.79,421.36,130.04,520.12,1,-1,-1,-1
395,46,592.41,408.52,121.51,345.89,1,-1,-1,-1
395,48,796.88,476.15,55.91,61.82,1,-1,-1,-1
395,50,309.87,446.05,164.18,353.57,1,-1,-1,-1
395,52,385.72,429.98,164.44,314.98,1,-1,-1,-1
395,54,531.85,460.19,21.94,61.89,1,-1,-1,-1
395,55,82.83,428.80,181.13,364.03,1,-1,-1,-1
395,56,559.92,459.95,21.24,60.35,1,-1,-1,-1
395,57,920.21,437.14,61.94,181.33,1,-1,-1,-1
396,4,1071.96,413.65,228.03,592.80,1,-1,-1,-1
396,25,836.08,472.10,54.36,78.54,1,-1,-1,-1
396,35,977.49,421.21,129.87,519.26,1,-1,-1,-1
396,46,597.94,403.09,122.62,344.50,1,-1,-1,-1
396,48,796.94,476.55,56.18,61.88,1,-1,-1,-1
396,50,314.54,448.83,167.63,350.23,1,-1,-1,-1
396,52,412.76,438.87,133.26,301.13,1,-1,-1,-1
396,54,529.54,463.47,22.75,58.47,1,-1,-1,-1
396,55,91.10,435.35,184.89,362.05,1,-1,-1,-1
396,56,562.01,461.65,19.32,56.39,1,-1,-1,-1
396,57,917.23,438.59,61.21,178.23,1,-1,-1,-1
397,4,1075.31,409.41,220.17,595.67,1,-1,-1,-1
397,25,835.40,472.63,54.11,77.67,1,-1,-1,-1
397,35,977.90,423.06,131.36,513.90,1,-1,-1,-1
397,46,605.44,404.69,121.35,345.48,1,-1,-1,-1
397,48,796.65,476.31,55.77,61.89,1,-1,-1,-1
397,50,315.56,447.15,169.01,354.20,1,-1,-1,-1
397,52,425.20,442.91,123.77,300.27,1,-1,-1,-1
397,54,531.63,465.14,23.28,56.25,1,-1,-1,-1
397,55,105.48,436.34,183.64,363.34,1,-1,-1,-1
397,56,559.67,462.19,19.45,55.49,1,-1,-1,-1
397,57,915.03,439.58,60.08,178.14,1,-1,-1,-1
398,4,1075.90,420.52,217.95,587.15,1,-1,-1,-1
398,25,835.48,472.62,53.19,77.06,1,-1,-1,-1
398,35,977.11,423.48,132.09,514.46,1,-1,-1,-1
398,46,610.58,407.21,122.71,345.14,1,-1,-1,-1
398,48,796.61,476.18,55.65,61.83,1,-1,-1,-1
398,50,315.92,445.39,171.24,355.74,1,-1,-1,-1
398,52,430.90,442.88,118.40,299.87,1,-1,-1,-1
398,54,533.93,464.69,23.28,56.25,1,-1,-1,-1
398,55,113.39,433.28,191.24,363.03,1,-1,-1,-1
398,56,560.52,462.99,19.27,53.61,1,-1,-1,-1
398,57,911.18,438.41,60.80,179.09,1,-1,-1,-1
399,4,1076.23,415.36,214.91,596.29,1,-1,-1,-1
399,25,835.45,472.98,52.85,76.39,1,-1,-1,-1
399,35,977.87,423.62,130.77,513.23,1,-1,-1,-1
399,46,618.79,407.58,122.84,341.26,1,-1,-1,-1
399,48,796.53,476.38,55.90,61.53,1,-1,-1,-1
399,50,317.79,451.54,168.34,345.42,1,-1,-1,-1
399,52,445.53,434.17,113.43,304.65,1,-1,-1,-1
399,54,536.23,464.24,23.28,56.25,1,-1,-1,-1
399,55,123.79,433.20,196.11,361.47,1,-1,-1,-1
399,56,563.37,462.27,20.69,55.42,1,-1,-1,-1
399,57,908.68,436.99,60.87,179.52,1,-1,-1,-1
400,4,1079.85,412.09,211.19,607.64,1,-1,-1,-1
400,25,835.25,473.04,53.44,75.84,1,-1,-1,-1
400,35,976.94,425.42,137.51,513.07,1,-1,-1,-1
400,46,624.18,405.79,124.49,344.44,1,-1,-1,-1
400,48,796.30,476.43,57.16,61.16,1,-1,-1,-1
400,50,324.39,448.13,160.33,347.23,1,-1,-1,-1
400,52,457.19,435.74,112.92,298.60,1,-1,-1,-1
400,54,538.53,463.79,23.28,56.25,1,-1,-1,-1
400,55,130.77,440.19,199.25,359.81,1,-1,-1,-1
400,56,559.40,463.48,22.17,57.44,1,-1,-1,-1
400,57,907.26,436.23,60.75,178.18,1,-1,-1,-1
401,4,1081.49,415.81,209.94,613.28,1,-1,-1,-1
401,25,835.93,472.81,53.20,76.09,1,-1,-1,-1
401,35,977.89,428.05,139.32,511.62,1,-1,-1,-1
401,46,626.60,406.26,132.76,345.74,1,-1,-1,-1
401,48,796.95,476.10,56.42,62.24,1,-1,-1,-1
401,50,333.25,451.36,150.79,338.88,1,-1,-1,-1
401,52,468.88,436.81,107.03,299.51,1,-1,-1,-1
401,55,131.05,435.97,205.17,366.73,1,-1,-1,-1
401,56,557.69,464.82,21.84,56.85,1,-1,-1,-1
401,57,906.52,435.40,59.25,175.95,1,-1,-1,-1
402,4,1081.20,414.74,209.63,610.35,1,-1,-1,-1
402,25,836.42,473.35,53.06,75.54,1,-1,-1,-1
402,35,978.05,423.88,135.25,513.29,1,-1,-1,-1
402,46,633.21,406.68,137.62,344.80,1,-1,-1,-1
402,48,796.64,476.35,56.69,62.21,1,-1,-1,-1
402,50,344.99,446.81,141.84,347.29,1,-1,-1,-1
402,52,477.99,435.68,105.61,295.16,1,-1,-1,-1
402,55,135.07,434.86,211.42,362.16,1,-1,-1,-1
402,56,558.34,464.57,21.84,56.85,1,-1,-1,-1
402,57,903.40,434.89,58.30,176.13,1,-1,-1,-1
403,4,1080.44,414.57,208.28,611.72,1,-1,-1,-1
403,25,836.26,473.78,52.95,75.37,1,-1,-1,-1
403,35,978.71,422.53,133.46,508.54,1,-1,-1,-1
403,46,637.79,411.36,141.88,341.51,1,-1,-1,-1
403,48,796.22,476.26,56.70,62.06,1,-1,-1,-1
403,50,359.30,440.15,132.36,351.78,1,-1,-1,-1
403,52,484.49,433.02,109.38,292.67,1,-1,-1,-1
403,55,144.36,436.18,207.63,358.13,1,-1,-1,-1
403,56,558.99,464.32,21.84,56.85,1,-1,-1,-1
403,57,898.24,436.50,59.00,176.39,1,-1,-1,-1
404,4,1079.57,415.44,206.68,611.14,1,-1,-1,-1
404,25,835.63,473.84,53.26,76.02,1,-1,-1,-1
404,35,979.41,421.86,138.04,516.98,1,-1,-1,-1
404,46,636.43,410.60,149.52,343.04,1,-1,-1,-1
404,48,795.37,475.67,56.70,62.65,1,-1,-1,-1
404,50,371.37,440.37,125.67,345.98,1,-1,-1,-1
404,52,487.58,430.68,121.15,298.92,1,-1,-1,-1
404,55,152.53,435.66,202.99,354.89,1,-1,-1,-1
404,56,559.64,464.07,21.84,56.85,1,-1,-1,-1
404,57,894.76,438.87,58.37,176.68,1,-1,-1,-1
405,4,1076.15,418.32,208.45,601.03,1,-1,-1,-1
405,25,835.28,473.27,54.13,77.83,1,-1,-1,-1
405,35,981.61,423.78,133.25,514.12,1,-1,-1,-1
405,46,635.10,408.92,153.99,341.33,1,-1,-1,-1
405,48,795.12,475.76,56.28,62.12,1,-1,-1,-1
405,50,381.55,439.95,118.20,344.67,1,-1,-1,-1
405,52,489.60,437.96,133.23,293.59,1,-1,-1,-1
405,55,161.44,435.35,196.56,354.13,1,-1,-1,-1
405,57,892.11,437.93,58.88,177.32,1,-1,-1,-1
406,4,1071.32,410.95,211.28,601.78,1,-1,-1,-1
406,25,835.06,472.21,54.32,79.49,1,-1,-1,-1
406,35,981.34,422.24,134.97,520.41,1,-1,-1,-1
406,46,641.48,413.48,151.76,333.33,1,-1,-1,-1
406,48,795.36,475.62,56.43,62.04,1,-1,-1,-1
406,50,393.91,439.98,107.14,342.45,1,-1,-1,-1
406,52,492.93,438.64,140.91,292.69,1,-1,-1,-1
406,55,174.36,432.80,181.68,356.42,1,-1,-1,-1
406,57,889.39,437.35,58.40,178.08,1,-1,-1,-1
407,4,1071.76,412.65,208.08,601.79,1,-1,-1,-1
407,25,834.91,471.77,54.31,79.78,1,-1,-1,-1
407,35,984.52,425.11,133.94,522.36,1,-1,-1,-1
407,46,640.51,413.59,154.59,334.22,1,-1,-1,-1
407,48,794.99,475.39,57.53,61.73,1,-1,-1,-1
407,50,405.19,439.70,103.12,341.22,1,-1,-1,-1
407,52,494.88,434.11,146.29,296.62,1,-1,-1,-1
407,55,184.34,429.69,172.52,358.58,1,-1,-1,-1
407,57,884.89,440.65,60.08,174.10,1,-1,-1,-1
408,4,1074.35,409.36,200.39,602.15,1,-1,-1,-1
408,25,835.69,472.02,53.81,78.95,1,-1,-1,-1
408,35,984.36,424.90,133.28,510.91,1,-1,-1,-1
408,46,636.97,411.47,158.10,338.20,1,-1,-1,-1
408,48,794.56,475.28,57.79,61.08,1,-1,-1,-1
408,50,414.28,442.84,105.98,333.09,1,-1,-1,-1
408,52,497.66,434.15,149.31,301.99,1,-1,-1,-1
408,55,196.21,430.59,164.25,352.85,1,-1,-1,-1
408,57,881.06,438.75,63.17,175.92,1,-1,-1,-1
408,58,378.10,464.70,52.60,119.10,1,-1,-1,-1
409,4,1074.16,405.54,195.36,595.46,1,-1,-1,-1
409,25,834.35,471.69,55.83,79.34,1,-1,-1,-1
409,35,983.28,423.84,134.97,513.56,1,-1,-1,-1
409,46,641.38,410.75,156.21,338.06,1,-1,-1,-1
409,48,793.99,475.80,60.11,59.69,1,-1,-1,-1
409,50,421.20,442.69,113.55,325.05,1,-1,-1,-1
409,52,502.18,432.43,145.87,298.22,1,-1,-1,-1
409,55,211.81,431.01,154.41,347.71,1,-1,-1,-1
409,57,879.60,439.71,62.35,175.28,1,-1,-1,-1
409,58,377.61,464.91,53.58,113.22,1,-1,-1,-1
410,4,1073.51,413.16,196.16,601.23,1,-1,-1,-1
410,25,835.01,472.41,54.62,77.84,1,-1,-1,-1
410,35,984.90,421.49,132.12,522.69,1,-1,-1,-1
410,46,645.88,410.05,151.44,333.05,1,-1,-1,-1
410,48,794.82,476.21,60.17,59.21,1,-1,-1,-1
410,50,427.00,442.65,118.42,326.69,1,-1,-1,-1
410,52,502.22,429.74,147.50,298.70,1,-1,-1,-1
410,55,226.14,429.43,144.32,348.82,1,-1,-1,-1
410,57,878.50,440.39,63.51,173.47,1,-1,-1,-1
410,58,377.74,464.08,54.36,110.97,1,-1,-1,-1
411,4,1072.23,415.27,193.95,600.37,1,-1,-1,-1
411,25,836.32,471.87,55.73,80.47,1,-1,-1,-1
411,35,985.04,416.44,129.45,530.05,1,-1,-1,-1
411,46,643.96,407.49,152.60,336.65,1,-1,-1,-1
411,48,794.70,476.60,60.54,59.27,1,-1,-1,-1
411,50,432.04,446.05,128.20,327.26,1,-1,-1,-1
411,52,504.57,432.63,148.62,299.89,1,-1,-1,-1
411,55,240.62,428.30,136.61,348.32,1,-1,-1,-1
411,57,876.54,439.85,64.20,170.48,1,-1,-1,-1
411,58,379.48,465.30,52.92,111.90,1,-1,-1,-1
412,4,1068.95,413.33,195.38,607.04,1,-1,-1,-1
412,25,837.07,471.48,55.29,81.26,1,-1,-1,-1
412,35,983.87,420.77,132.49,518.88,1,-1,-1,-1
412,46,647.74,409.44,147.35,336.62,1,-1,-1,-1
412,48,793.95,476.52,62.33,59.57,1,-1,-1,-1
412,50,431.30,447.09,145.14,327.78,1,-1,-1,-1
412,52,517.28,430.66,137.34,301.30,1,-1,-1,-1
412,55,255.97,430.42,127.15,344.31,1,-1,-1,-1
412,57,874.93,439.92,63.92,170.07,1,-1,-1,-1
412,58,379.76,467.58,52.84,108.89,1,-1,-1,-1
413,4,1070.27,417.85,193.30,593.57,1,-1,-1,-1
413,25,836.05,471.43,55.86,80.03,1,-1,-1,-1
413,35,985.22,420.01,133.62,525.97,1,-1,-1,-1
413,46,652.92,407.05,145.29,338.49,1,-1,-1,-1
413,48,792.46,477.08,65.04,59.66,1,-1,-1,-1
413,50,430.15,445.71,160.37,330.38,1,-1,-1,-1
413,52,531.79,432.87,126.46,289.40,1,-1,-1,-1
413,55,266.89,432.82,121.52,344.93,1,-1,-1,-1
413,57,874.88,440.40,64.26,170.30,1,-1,-1,-1
413,58,378.90,468.08,53.72,108.55,1,-1,-1,-1
414,4,1070.83,412.07,189.80,606.82,1,-1,-1,-1
414,25,834.87,472.94,55.89,78.19,1,-1,-1,-1
414,35,985.42,425.70,131.44,513.67,1,-1,-1,-1
414,46,661.14,406.16,143.06,335.91,1,-1,-1,-1
414,48,789.79,477.35,67.39,60.39,1,-1,-1,-1
414,50,435.00,444.99,161.16,332.21,1,-1,-1,-1
414,52,546.12,432.30,115.78,293.25,1,-1,-1,-1
414,55,277.08,432.71,116.39,348.76,1,-1,-1,-1
414,57,874.23,439.67,62.47,173.38,1,-1,-1,-1
414,58,377.22,470.04,55.25,105.78,1,-1,-1,-1
415,4,1062.62,415.50,195.05,605.06,1,-1,-1,-1
415,25,832.93,473.42,57.65,76.66,1,-1,-1,-1
415,35,992.21,424.13,123.36,510.54,1,-1,-1,-1
415,46,666.33,404.91,141.20,336.60,1,-1,-1,-1
415,48,792.06,476.72,59.49,60.89,1,-1,-1,-1
415,50,437.10,445.44,163.22,330.59,1,-1,-1,-1
415,52,550.90,430.69,106.27,297.62,1,-1,-1,-1
415,55,283.14,433.44,118.99,343.89,1,-1,-1,-1
415,57,872.08,439.31,61.65,172.97,1,-1,-1,-1
415,58,377.08,468.60,48.98,111.89,1,-1,-1,-1
416,4,1059.66,409.03,196.41,598.65,1,-1,-1,-1
416,25,826.51,472.89,61.46,72.70,1,-1,-1,-1
416,35,997.22,421.48,121.36,511.35,1,-1,-1,-1
416,46,673.09,403.03,133.85,334.57,1,-1,-1,-1
416,48,795.03,476.16,55.23,60.83,1,-1,-1,-1
416,50,441.89,448.34,159.78,325.49,1,-1,-1,-1
416,52,555.99,428.44,102.44,297.68,1,-1,-1,-1
416,55,285.97,432.89,133.63,341.52,1,-1,-1,-1
416,57,867.29,438.76,60.29,171.38,1,-1,-1,-1
416,58,376.56,464.48,50.82,128.14,1,-1,-1,-1
416,59,908.70,480.40,101.80,115.70,1,-1,-1,-1
417,4,1056.84,402.59,198.43,610.86,1,-1,-1,-1
417,25,820.16,470.19,61.46,72.70,1,-1,-1,-1
417,35,1001.50,426.40,113.97,501.10,1,-1,-1,-1
417,46,680.43,403.67,129.89,331.86,1,-1,-1,-1
417,48,794.38,477.03,63.68,59.83,1,-1,-1,-1
417,50,439.77,449.62,163.57,325.22,1,-1,-1,-1
417,52,568.60,429.72,102.27,292.72,1,-1,-1,-1
417,55,289.94,438.23,145.93,334.36,1,-1,-1,-1
417,57,862.22,436.88,59.74,174.96,1,-1,-1,-1
417,58,379.71,468.58,50.82,128.14,1,-1,-1,-1
417,59,911.71,481.94,97.18,113.11,1,-1,-1,-1
418,4,1051.59,403.86,198.13,611.94,1,-1,-1,-1
418,25,813.81,467.49,61.46,72.70,1,-1,-1,-1
418,35,1002.75,429.40,113.97,501.10,1,-1,-1,-1
418,46,689.79,404.34,123.18,332.52,1,-1,-1,-1
418,48,789.16,478.09,66.70,59.67,1,-1,-1,-1
418,50,444.55,439.91,158.06,331.78,1,-1,-1,-1
418,52,580.56,427.51,97.39,291.73,1,-1,-1,-1
418,55,294.72,438.25,153.33,333.55,1,-1,-1,-1
418,57,857.75,436.39,59.85,173.03,1,-1,-1,-1
418,58,413.83,469.12,35.40,107.39,1,-1,-1,-1
418,59,909.97,483.42,100.06,111.28,1,-1,-1,-1
419,4,1050.25,402.97,193.35,607.08,1,-1,-1,-1
419,25,807.46,464.79,61.46,72.70,1,-1,-1,-1
419,35,1004.00,432.40,113.97,501.10,1,-1,-1,-1
419,46,694.41,403.32,122.28,333.91,1,-1,-1,-1
419,48,781.51,478.79,66.70,59.67,1,-1,-1,-1
419,50,448.61,437.43,158.16,329.63,1,-1,-1,-1
419,52,588.68,427.20,97.47,293.67,1,-1,-1,-1
419,55,296.06,433.37,166.89,341.49,1,-1,-1,-1
419,57,855.12,435.66,57.51,172.87,1,-1,-1,-1
419,58,432.68,462.92,35.40,107.39,1,-1,-1,-1
419,59,909.37,483.64,102.61,111.15,1,-1,-1,-1
420,4,1051.24,405.85,195.55,613.67,1,-1,-1,-1
420,35,1005.25,435.40,113.97,501.10,1,-1,-1,-1
420,46,699.32,404.05,119.99,329.35,1,-1,-1,-1
420,48,773.86,479.49,66.70,59.67,1,-1,-1,-1
420,50,454.65,439.34,151.47,328.84,1,-1,-1,-1
420,52,598.96,434.57,95.18,285.99,1,-1,-1,-1
420,55,299.62,430.79,170.68,342.97,1,-1,-1,-1
420,57,853.80,437.41,57.08,169.67,1,-1,-1,-1
420,58,451.53,456.72,35.40,107.39,1,-1,-1,-1
420,59,911.53,483.72,101.83,109.72,1,-1,-1,-1
421,4,1054.43,409.31,192.65,612.36,1,-1,-1,-1
421,46,700.80,404.68,120.98,329.39,1,-1,-1,-1
421,48,766.21,480.19,66.70,59.67,1,-1,-1,-1
421,50,459.47,438.93,145.96,326.08,1,-1,-1,-1
421,52,603.83,434.81,105.76,284.88,1,-1,-1,-1
421,55,299.93,433.12,179.86,336.76,1,-1,-1,-1
421,57,851.48,435.15,58.07,170.25,1,-1,-1,-1
421,58,453.45,456.18,38.83,120.91,1,-1,-1,-1
421,59,912.62,484.13,100.06,108.65,1,-1,-1,-1
422,4,1052.65,410.26,198.28,614.98,1,-1,-1,-1
422,46,706.58,406.69,116.30,327.23,1,-1,-1,-1
422,50,466.09,443.08,140.95,323.43,1,-1,-1,-1
422,52,607.16,433.49,114.12,281.25,1,-1,-1,-1
422,55,306.59,441.59,174.01,330.70,1,-1,-1,-1
422,57,848.87,434.35,58.44,171.06,1,-1,-1,-1
422,58,448.13,457.54,43.43,129.02,1,-1,-1,-1
422,59,913.10,484.28,97.64,109.46,1,-1,-1,-1
423,4,1055.97,413.19,192.28,625.49,1,-1,-1,-1
423,46,713.50,403.62,116.09,328.54,1,-1,-1,-1
423,50,476.92,444.43,132.58,320.96,1,-1,-1,-1
423,52,606.62,435.94,127.34,281.92,1,-1,-1,-1
423,55,306.30,441.58,177.64,328.60,1,-1,-1,-1
423,57,846.73,436.00,57.22,169.90,1,-1,-1,-1
423,58,448.12,457.95,38.93,120.05,1,-1,-1,-1
423,59,912.10,484.34,100.41,110.19,1,-1,-1,-1
424,4,1055.64,410.76,194.74,630.75,1,-1,-1,-1
424,46,713.87,404.91,117.64,324.87,1,-1,-1,-1
424,50,494.56,439.83,118.39,323.79,1,-1,-1,-1
424,52,607.02,439.09,138.79,282.32,1,-1,-1,-1
424,55,311.58,437.89,174.39,327.41,1,-1,-1,-1
424,57,845.11,436.30,57.14,170.74,1,-1,-1,-1
424,58,456.05,459.81,34.85,111.26,1,-1,-1,-1
424,59,913.58,485.12,97.46,109.01,1,-1,-1,-1
425,4,1057.70,405.13,198.14,639.18,1,-1,-1,-1
425,46,717.28,406.30,116.21,324.54,1,-1,-1,-1
425,50,505.80,438.13,113.22,323.59,1,-1,-1,-1
425,52,609.48,436.02,141.46,285.04,1,-1,-1,-1
425,55,318.73,435.97,172.86,326.14,1,-1,-1,-1
425,57,843.72,438.03,55.50,168.61,1,-1,-1,-1
425,58,475.73,463.17,30.12,92.81,1,-1,-1,-1
425,59,913.29,484.44,97.28,109.21,1,-1,-1,-1
426,4,1060.23,404.34,196.15,647.53,1,-1,-1,-1
426,46,722.26,406.46,115.36,324.51,1,-1,-1,-1
426,50,513.01,437.89,109.00,322.69,1,-1,-1,-1
426,52,611.64,429.77,141.00,290.61,1,-1,-1,-1
426,55,327.11,434.71,166.52,324.29,1,-1,-1,-1
426,57,842.41,437.08,55.22,170.63,1,-1,-1,-1
426,58,484.87,457.69,28.43,91.68,1,-1,-1,-1
426,59,913.07,483.33,98.13,109.20,1,-1,-1,-1
427,4,1060.77,399.14,192.06,658.71,1,-1,-1,-1
427,46,724.27,405.89,116.72,325.27,1,-1,-1,-1
427,50,522.76,441.43,99.90,320.95,1,-1,-1,-1
427,52,616.03,430.87,137.85,288.71,1,-1,-1,-1
427,55,338.06,435.45,153.91,323.74,1,-1,-1,-1
427,57,841.56,436.53,55.63,171.24,1,-1,-1,-1
427,58,482.86,459.71,27.43,82.45,1,-1,-1,-1
427,59,912.91,482.67,97.06,109.34,1,-1,-1,-1
428,4,1059.81,399.34,196.01,656.25,1,-1,-1,-1
428,46,724.98,405.87,119.02,326.48,1,-1,-1,-1
428,50,531.16,443.29,97.03,320.35,1,-1,-1,-1
428,52,619.43,433.94,134.73,285.41,1,-1,-1,-1
428,55,354.11,434.95,139.48,321.68,1,-1,-1,-1
428,57,840.21,436.38,55.61,168.20,1,-1,-1,-1
428,58,488.14,459.89,25.45,74.51,1,-1,-1,-1
428,59,913.28,483.79,95.41,109.03,1,-1,-1,-1
429,4,1059.14,400.21,197.33,665.60,1,-1,-1,-1
429,46,726.78,408.27,119.07,323.48,1,-1,-1,-1
429,50,533.57,442.00,108.28,318.64,1,-1,-1,-1
429,52,620.07,433.19,134.57,282.32,1,-1,-1,-1
429,55,372.04,436.22,122.55,315.11,1,-1,-1,-1
429,57,837.70,438.60,55.53,159.52,1,-1,-1,-1
429,58,492.35,471.08,22.19,70.23,1,-1,-1,-1
429,59,913.63,484.62,94.77,109.01,1,-1,-1,-1
430,4,1057.22,400.74,203.89,662.17,1,-1,-1,-1
430,46,730.59,411.54,117.97,319.44,1,-1,-1,-1
430,50,537.64,439.55,115.22,318.47,1,-1,-1,-1
430,52,626.96,429.41,125.91,291.20,1,-1,-1,-1
430,55,384.54,435.19,114.26,317.62,1,-1,-1,-1
430,57,834.00,437.68,56.21,162.45,1,-1,-1,-1
430,58,491.94,471.95,23.74,70.21,1,-1,-1,-1
430,59,913.93,484.48,94.16,108.72,1,-1,-1,-1
431,4,1064.82,391.53,203.62,681.23,1,-1,-1,-1
431,46,734.33,414.23,118.13,315.07,1,-1,-1,-1
431,50,540.28,438.90,121.79,318.98,1,-1,-1,-1
431,52,637.63,430.52,114.84,288.40,1,-1,-1,-1
431,55,396.14,434.79,108.62,313.55,1,-1,-1,-1
431,57,830.92,437.54,56.06,164.09,1,-1,-1,-1
431,58,498.00,468.43,25.39,67.68,1,-1,-1,-1
431,59,914.54,484.64,94.47,108.71,1,-1,-1,-1
432,4,1064.92,398.44,203.47,657.69,1,-1,-1,-1
432,46,741.37,414.96,115.52,304.80,1,-1,-1,-1
432,50,539.56,438.52,133.70,320.25,1,-1,-1,-1
432,52,652.16,432.41,105.01,281.89,1,-1,-1,-1
432,55,401.73,433.66,105.46,312.11,1,-1,-1,-1
432,57,828.88,436.47,53.78,164.38,1,-1,-1,-1
432,58,503.50,469.43,26.94,68.18,1,-1,-1,-1
432,59,914.20,484.89,95.61,108.98,1,-1,-1,-1
432,60,1477.00,329.50,444.00,751.50,1,-1,-1,-1
433,4,1062.82,399.95,214.06,640.69,1,-1,-1,-1
433,46,746.12,412.38,113.48,306.41,1,-1,-1,-1
433,50,539.59,439.70,141.33,318.54,1,-1,-1,-1
433,52,666.52,437.85,92.61,273.99,1,-1,-1,-1
433,55,406.76,434.03,104.37,311.89,1,-1,-1,-1
433,57,828.83,435.04,51.27,165.86,1,-1,-1,-1
433,58,515.78,466.58,23.83,67.99,1,-1,-1,-1
433,59,913.99,484.68,95.04,109.20,1,-1,-1,-1
433,60,1437.45,303.81,481.03,777.19,1,-1,-1,-1
434,4,1070.15,402.11,216.68,644.90,1,-1,-1,-1
434,46,746.26,411.69,114.68,316.83,1,-1,-1,-1
434,50,543.04,441.54,140.89,310.39,1,-1,-1,-1
434,52,675.91,433.89,85.18,282.54,1,-1,-1,-1
434,55,414.33,430.68,110.41,313.93,1,-1,-1,-1
434,57,827.93,434.40,54.16,165.82,1,-1,-1,-1
434,58,523.11,463.78,24.93,69.54,1,-1,-1,-1
434,59,914.44,485.05,94.66,109.55,1,-1,-1,-1
434,60,1382.83,267.71,501.59,807.79,1,-1,-1,-1
435,4,1076.08,403.17,214.52,661.00,1,-1,-1,-1
435,46,750.11,412.94,109.23,316.32,1,-1,-1,-1
435,50,547.04,445.66,138.31,312.29,1,-1,-1,-1
435,52,685.98,431.89,84.01,284.19,1,-1,-1,-1
435,55,418.57,431.01,117.89,310.97,1,-1,-1,-1
435,57,826.25,436.67,54.89,164.97,1,-1,-1,-1
435,58,525.95,464.71,23.23,70.00,1,-1,-1,-1
435,59,914.55,487.28,92.94,109.66,1,-1,-1,-1
435,60,1322.84,282.12,499.01,792.33,1,-1,-1,-1
436,4,1087.89,415.86,204.99,642.87,1,-1,-1,-1
436,46,754.70,413.54,105.71,315.75,1,-1,-1,-1
436,50,544.85,444.64,143.13,314.05,1,-1,-1,-1
436,52,696.30,429.87,76.16,285.18,1,-1,-1,-1
436,55,422.23,434.37,122.87,311.90,1,-1,-1,-1
436,57,823.75,439.77,54.89,164.97,1,-1,-1,-1
436,58,529.52,466.46,23.91,71.12,1,-1,-1,-1
436,59,915.55,485.66,92.35,110.46,1,-1,-1,-1
436,60,1278.03,300.13,485.63,784.19,1,-1,-1,-1
437,4,1094.30,401.05,212.98,669.00,1,-1,-1,-1
437,46,760.00,414.76,102.41,313.40,1,-1,-1,-1
437,50,544.44,438.98,146.89,315.69,1,-1,-1,-1
437,52,701.67,429.84,75.63,284.98,1,-1,-1,-1
437,55,425.23,436.89,128.63,310.71,1,-1,-1,-1
437,57,821.25,442.87,54.89,164.97,1,-1,-1,-1
437,58,530.24,469.71,26.28,71.46,1,-1,-1,-1
437,59,916.37,483.70,92.95,110.42,1,-1,-1,-1
437,60,1219.42,309.82,478.12,772.93,1,-1,-1,-1
438,4,1100.55,406.70,197.24,660.25,1,-1,-1,-1
438,46,762.78,414.71,101.77,311.37,1,-1,-1,-1
438,50,545.25,437.41,147.95,317.94,1,-1,-1,-1
438,52,707.33,431.87,79.81,278.13,1,-1,-1,-1
438,55,427.61,437.30,129.59,314.06,1,-1,-1,-1
438,57,818.75,445.97,54.89,164.97,1,-1,-1,-1
438,58,538.78,467.88,25.45,70.93,1,-1,-1,-1
438,59,915.48,483.41,93.68,112.02,1,-1,-1,-1
438,60,1147.54,324.65,485.25,758.77,1,-1,-1,-1
439,4,1092.70,408.35,197.24,660.25,1,-1,-1,-1
439,46,766.42,417.13,100.39,308.59,1,-1,-1,-1
439,50,547.49,439.71,146.93,315.60,1,-1,-1,-1
439,52,711.89,434.42,84.56,272.79,1,-1,-1,-1
439,55,430.91,435.63,130.09,313.81,1,-1,-1,-1
439,58,545.12,468.27,25.56,73.50,1,-1,-1,-1
439,59,914.87,483.91,94.33,112.42,1,-1,-1,-1
439,60,1104.62,346.38,473.66,737.65,1,-1,-1,-1
440,4,1084.85,410.00,197.24,660.25,1,-1,-1,-1
440,46,773.59,414.86,97.11,309.58,1,-1,-1,-1
440,50,553.32,435.75,144.18,320.43,1,-1,-1,-1
440,52,716.88,437.90,79.34,268.39,1,-1,-1,-1
440,55,436.99,434.18,127.09,311.21,1,-1,-1,-1
440,58,546.77,475.22,25.56,73.50,1,-1,-1,-1
440,59,915.04,483.88,94.03,112.76,1,-1,-1,-1
440,60,1073.41,350.43,427.56,735.10,1,-1,-1,-1
441,4,1077.00,411.65,197.24,660.25,1,-1,-1,-1
441,46,777.62,414.08,95.63,301.75,1,-1,-1,-1
441,50,558.80,433.64,139.43,319.50,1,-1,-1,-1
441,52,717.76,434.37,85.05,271.06,1,-1,-1,-1
441,55,439.25,434.13,127.87,311.20,1,-1,-1,-1
441,58,548.42,482.17,25.56,73.50,1,-1,-1,-1
441,59,914.78,483.55,94.64,112.16,1,-1,-1,-1
441,60,1030.15,350.37,412.75,731.18,1,-1,-1,-1
442,46,781.02,408.13,92.88,304.17,1,-1,-1,-1
442,50,564.52,438.38,137.38,314.95,1,-1,-1,-1
442,52,720.45,433.47,92.02,270.11,1,-1,-1,-1
442,55,441.01,433.41,126.35,314.63,1,-1,-1,-1
442,58,550.07,489.12,25.56,73.50,1,-1,-1,-1
442,59,914.34,486.12,92.93,111.07,1,-1,-1,-1
442,60,987.16,358.56,398.50,723.28,1,-1,-1,-1
443,46,786.52,408.30,89.32,303.35,1,-1,-1,-1
443,50,574.10,443.76,129.13,313.79,1,-1,-1,-1
443,52,731.69,433.18,95.71,272.20,1,-1,-1,-1
443,55,448.80,430.10,120.15,322.38,1,-1,-1,-1
443,59,914.42,487.68,91.30,109.62,1,-1,-1,-1
443,60,934.04,365.42,402.98,717.28,1,-1,-1,-1
444,46,789.53,406.77,88.33,308.98,1,-1,-1,-1
444,50,581.18,443.69,121.13,312.05,1,-1,-1,-1
444,52,727.04,435.28,101.09,271.15,1,-1,-1,-1
444,55,461.07,436.76,115.15,306.85,1,-1,-1,-1
444,59,916.71,484.88,94.45,109.54,1,-1,-1,-1
444,60,889.61,368.43,387.87,713.86,1,-1,-1,-1
444,61,376.70,465.40,56.10,117.60,1,-1,-1,-1
445,46,791.70,405.85,89.57,314.11,1,-1,-1,-1
445,50,591.69,438.40,113.83,311.59,1,-1,-1,-1
445,52,720.06,438.63,100.54,268.74,1,-1,-1,-1
445,55,472.25,436.10,109.30,307.87,1,-1,-1,-1
445,59,921.71,482.33,94.45,109.54,1,-1,-1,-1
445,60,849.95,355.03,379.49,726.70,1,-1,-1,-1
445,61,378.73,466.10,54.14,114.87,1,-1,-1,-1
445,62,416.50,467.60,41.30,102.60,1,-1,-1,-1
446,46,795.02,411.67,91.27,311.65,1,-1,-1,-1
446,50,604.60,438.23,107.44,309.50,1,-1,-1,-1
446,52,732.76,438.31,102.75,268.36,1,-1,-1,-1
446,55,479.42,436.88,106.08,297.88,1,-1,-1,-1
446,59,926.71,479.78,94.45,109.54,1,-1,-1,-1
446,60,829.20,338.39,362.14,739.86,1,-1,-1,-1
446,61,377.06,464.49,55.23,116.50,1,-1,-1,-1
446,62,415.45,468.44,42.63,103.79,1,-1,-1,-1
446,63,1132.90,409.80,238.70,624.50,1,-1,-1,-1
447,46,799.07,415.92,91.27,311.65,1,-1,-1,-1
447,50,614.53,436.35,102.65,310.06,1,-1,-1,-1
447,52,748.06,436.66,102.75,268.36,1,-1,-1,-1
447,55,487.95,434.54,98.53,291.94,1,-1,-1,-1
447,59,931.71,477.23,94.45,109.54,1,-1,-1,-1
447,60,761.22,332.20,397.32,745.98,1,-1,-1,-1
447,61,375.37,462.96,53.60,117.13,1,-1,-1,-1
447,62,414.76,469.59,44.36,104.01,1,-1,-1,-1
447,63,1132.69,404.90,244.23,647.46,1,-1,-1,-1
448,46,803.12,420.17,91.27,311.65,1,-1,-1,-1
448,50,622.59,437.37,93.52,310.44,1,-1,-1,-1
448,52,763.36,435.01,102.75,268.36,1,-1,-1,-1
448,55,493.43,434.16,98.65,291.84,1,-1,-1,-1
448,60,726.65,321.45,393.95,758.24,1,-1,-1,-1
448,61,375.42,462.65,54.23,115.71,1,-1,-1,-1
448,62,414.00,470.18,45.86,103.23,1,-1,-1,-1
448,63,1132.11,408.91,254.71,656.31,1,-1,-1,-1
448,64,718.90,456.00,33.70,87.80,1,-1,-1,-1
449,46,807.17,424.42,91.27,311.65,1,-1,-1,-1
449,50,629.19,439.11,89.65,310.20,1,-1,-1,-1
449,52,778.66,433.36,102.75,268.36,1,-1,-1,-1
449,55,499.25,433.49,99.32,292.16,1,-1,-1,-1
449,60,694.38,324.57,406.44,753.80,1,-1,-1,-1
449,61,378.02,463.39,53.09,113.95,1,-1,-1,-1
449,62,413.05,469.15,46.73,103.28,1,-1,-1,-1
449,63,1137.57,402.76,255.47,670.09,1,-1,-1,-1
449,64,718.90,456.00,33.70,87.80,1,-1,-1,-1
450,50,639.39,436.70,83.18,326.37,1,-1,-1,-1
450,55,503.15,430.55,103.78,297.72,1,-1,-1,-1
450,60,669.01,332.42,392.55,749.53,1,-1,-1,-1
450,61,379.02,463.74,52.12,114.20,1,-1,-1,-1
450,62,412.68,467.52,46.92,103.29,1,-1,-1,-1
450,63,1144.84,404.17,248.14,672.06,1,-1,-1,-1
450,64,718.90,456.00,33.70,87.80,1,-1,-1,-1
451,50,645.49,446.30,83.18,326.37,1,-1,-1,-1
451,55,506.38,434.48,109.75,295.82,1,-1,-1,-1
451,60,649.42,352.85,380.41,729.07,1,-1,-1,-1
451,61,379.08,464.05,51.62,114.62,1,-1,-1,-1
451,62,412.31,467.20,46.70,103.23,1,-1,-1,-1
451,63,1144.69,402.74,252.45,672.93,1,-1,-1,-1
451,64,718.90,456.00,33.70,87.80,1,-1,-1,-1
451,65,996.70,446.90,35.70,102.40,1,-1,-1,-1
451,66,1041.50,434.40,181.70,532.40,1,-1,-1,-1
451,67,475.60,462.30,29.30,79.40,1,-1,-1,-1
452,50,651.59,455.90,83.18,326.37,1,-1,-1,-1
452,55,509.49,435.53,115.52,294.19,1,-1,-1,-1
452,60,607.84,359.44,381.66,725.94,1,-1,-1,-1
452,61,379.16,463.85,51.32,114.68,1,-1,-1,-1
452,62,412.15,467.68,46.21,104.54,1,-1,-1,-1
452,63,1147.77,396.18,256.34,681.66,1,-1,-1,-1
452,65,995.30,446.27,36.82,102.05,1,-1,-1,-1
452,66,1047.03,437.55,173.58,521.06,1,-1,-1,-1
452,67,474.20,460.76,28.39,78.77,1,-1,-1,-1
452,68,913.00,485.10,96.50,110.40,1,-1,-1,-1
453,50,657.69,465.50,83.18,326.37,1,-1,-1,-1
453,55,513.30,430.70,126.08,305.12,1,-1,-1,-1
453,60,574.21,360.24,370.42,721.43,1,-1,-1,-1
453,61,379.07,463.74,51.73,114.90,1,-1,-1,-1
453,62,412.45,468.17,45.64,104.30,1,-1,-1,-1
453,63,1149.63,398.81,261.00,681.76,1,-1,-1,-1
453,65,995.36,446.23,37.44,101.60,1,-1,-1,-1
453,66,1058.00,435.74,164.35,525.29,1,-1,-1,-1
453,67,474.81,461.04,28.26,78.79,1,-1,-1,-1
453,68,914.68,483.91,97.20,110.47,1,-1,-1,-1
454,55,523.60,433.35,126.08,305.12,1,-1,-1,-1
454,60,542.78,363.08,378.25,718.89,1,-1,-1,-1
454,61,378.63,463.65,51.85,115.46,1,-1,-1,-1
454,62,413.49,468.45,44.28,103.18,1,-1,-1,-1
454,63,1150.59,398.68,267.30,682.70,1,-1,-1,-1
454,65,995.88,445.50,37.34,101.81,1,-1,-1,-1
454,66,1069.08,431.59,158.72,529.08,1,-1,-1,-1
454,67,478.13,460.11,28.29,82.65,1,-1,-1,-1
454,68,915.77,482.85,97.97,110.84,1,-1,-1,-1
454,69,1371.20,431.80,115.00,347.00,1,-1,-1,-1
455,55,533.90,436.00,126.08,305.12,1,-1,-1,-1
455,60,502.21,369.86,389.76,711.69,1,-1,-1,-1
455,61,377.96,463.21,51.39,115.63,1,-1,-1,-1
455,62,414.51,468.07,42.33,103.75,1,-1,-1,-1
455,63,1154.78,398.60,269.12,682.35,1,-1,-1,-1
455,65,994.94,444.79,37.45,101.87,1,-1,-1,-1
455,66,1075.32,422.39,160.10,541.62,1,-1,-1,-1
455,67,478.57,460.13,28.16,84.57,1,-1,-1,-1
455,68,915.37,483.64,97.36,110.67,1,-1,-1,-1
455,69,1376.03,430.12,115.91,347.42,1,-1,-1,-1
456,55,544.20,438.65,126.08,305.12,1,-1,-1,-1
456,60,455.33,378.13,400.22,704.42,1,-1,-1,-1
456,61,378.62,463.05,51.12,115.12,1,-1,-1,-1
456,62,416.19,468.76,40.49,103.65,1,-1,-1,-1
456,63,1161.94,404.26,271.63,676.85,1,-1,-1,-1
456,65,994.52,445.11,37.91,102.24,1,-1,-1,-1
456,66,1082.02,423.14,160.10,541.62,1,-1,-1,-1
456,67,477.87,462.48,28.16,84.57,1,-1,-1,-1
456,68,914.71,483.19,96.69,111.53,1,-1,-1,-1
456,69,1382.68,422.27,119.40,357.35,1,-1,-1,-1
456,70,817.30,407.00,89.70,307.20,1,-1,-1,-1
457,60,416.53,383.75,391.88,698.80,1,-1,-1,-1
457,61,379.72,462.54,51.04,115.81,1,-1,-1,-1
457,62,414.77,467.54,41.34,105.78,1,-1,-1,-1
457,63,1165.95,406.98,274.69,675.21,1,-1,-1,-1
457,65,994.61,445.84,37.69,100.32,1,-1,-1,-1
457,66,1088.72,423.89,160.10,541.62,1,-1,-1,-1
457,67,477.17,464.83,28.16,84.57,1,-1,-1,-1
457,68,913.72,483.42,97.05,110.67,1,-1,-1,-1
457,69,1385.42,422.70,123.11,355.07,1,-1,-1,-1
457,70,820.10,406.72,87.67,303.91,1,-1,-1,-1
457,71,1052.70,443.00,37.90,96.40,1,-1,-1,-1
458,60,374.75,392.43,385.24,689.77,1,-1,-1,-1
458,61,380.76,462.45,50.10,116.08,1,-1,-1,-1
458,62,412.46,466.89,40.26,113.29,1,-1,-1,-1
458,63,1167.59,409.38,276.17,671.98,1,-1,-1,-1
458,65,994.46,445.90,37.07,100.38,1,-1,-1,-1
458,66,1095.42,424.64,160.10,541.62,1,-1,-1,-1
458,67,476.47,467.18,28.16,84.57,1,-1,-1,-1
458,68,914.33,483.22,95.68,110.62,1,-1,-1,-1
458,69,1383.69,424.79,134.02,353.20,1,-1,-1,-1
458,70,822.96,406.72,86.64,303.48,1,-1,-1,-1
458,71,1052.56,441.39,38.67,107.25,1,-1,-1,-1
459,60,338.18,388.94,380.87,693.99,1,-1,-1,-1
459,61,382.88,463.23,53.60,124.35,1,-1,-1,-1
459,62,410.41,472.39,40.26,113.29,1,-1,-1,-1
459,63,1168.91,409.42,281.37,672.27,1,-1,-1,-1
459,65,994.27,445.88,37.37,101.51,1,-1,-1,-1
459,68,914.25,483.08,95.56,110.26,1,-1,-1,-1
459,69,1388.05,425.41,142.90,352.08,1,-1,-1,-1
459,70,825.82,410.58,84.37,301.74,1,-1,-1,-1
459,71,1052.62,442.26,39.18,111.41,1,-1,-1,-1
460,60,309.76,381.34,376.55,698.76,1,-1,-1,-1
460,61,388.28,470.08,53.60,124.35,1,-1,-1,-1
460,62,408.36,477.89,40.26,113.29,1,-1,-1,-1
460,63,1173.21,392.62,278.73,688.32,1,-1,-1,-1
460,65,995.98,445.68,37.46,102.41,1,-1,-1,-1
460,68,912.70,483.53,97.55,109.94,1,-1,-1,-1
460,69,1396.38,424.83,152.56,356.01,1,-1,-1,-1
460,70,829.88,410.98,81.38,303.88,1,-1,-1,-1
460,71,1051.20,441.10,38.70,110.91,1,-1,-1,-1
460,72,654.80,438.40,136.10,302.50,1,-1,-1,-1
461,60,280.62,373.28,390.80,706.70,1,-1,-1,-1
461,61,393.68,476.93,53.60,124.35,1,-1,-1,-1
461,62,406.31,483.39,40.26,113.29,1,-1,-1,-1
461,63,1174.13,386.45,289.84,691.11,1,-1,-1,-1
461,65,996.65,445.99,36.86,102.61,1,-1,-1,-1
461,68,911.76,484.35,98.49,109.49,1,-1,-1,-1
461,69,1400.53,429.82,161.55,360.83,1,-1,-1,-1
461,70,827.85,409.18,87.69,302.85,1,-1,-1,-1
461,71,1051.02,439.67,37.93,112.16,1,-1,-1,-1
461,72,662.01,435.67,134.14,305.51,1,-1,-1,-1
462,60,254.29,369.24,387.65,710.06,1,-1,-1,-1
462,61,399.08,483.78,53.60,124.35,1,-1,-1,-1
462,63,1171.78,400.36,303.81,680.04,1,-1,-1,-1
462,65,995.60,445.64,37.03,102.88,1,-1,-1,-1
462,68,912.73,484.44,98.01,109.22,1,-1,-1,-1
462,69,1400.90,433.74,167.95,360.25,1,-1,-1,-1
462,70,827.58,406.38,89.38,304.35,1,-1,-1,-1
462,71,1051.46,440.53,37.77,110.37,1,-1,-1,-1
462,72,675.52,434.61,124.38,305.08,1,-1,-1,-1
463,60,232.11,349.61,376.27,730.67,1,-1,-1,-1
463,63,1191.06,406.51,278.67,676.86,1,-1,-1,-1
463,65,995.63,446.15,36.59,101.43,1,-1,-1,-1
463,68,912.22,483.98,99.54,109.21,1,-1,-1,-1
463,69,1405.57,429.81,165.89,365.19,1,-1,-1,-1
463,70,830.34,404.31,88.48,305.02,1,-1,-1,-1
463,71,1051.47,441.30,38.21,108.78,1,-1,-1,-1
463,72,681.95,438.64,119.35,297.60,1,-1,-1,-1
463,73,1082.20,483.10,45.90,113.10,1,-1,-1,-1
463,74,573.20,425.30,91.40,288.00,1,-1,-1,-1
464,60,205.27,347.78,375.66,728.80,1,-1,-1,-1
464,63,1211.41,401.99,257.55,679.69,1,-1,-1,-1
464,65,996.02,445.82,36.39,100.36,1,-1,-1,-1
464,68,911.32,484.30,99.51,108.92,1,-1,-1,-1
464,69,1410.22,422.63,165.34,377.24,1,-1,-1,-1
464,70,831.97,403.27,88.43,304.79,1,-1,-1,-1
464,71,1050.80,439.43,38.41,110.19,1,-1,-1,-1
464,72,688.55,437.98,113.86,300.33,1,-1,-1,-1
464,73,1081.78,483.66,46.81,114.99,1,-1,-1,-1
464,74,560.18,427.12,111.91,289.47,1,-1,-1,-1
465,60,169.33,354.98,385.14,726.42,1,-1,-1,-1
465,63,1219.22,397.55,251.01,682.85,1,-1,-1,-1
465,65,996.24,445.23,37.24,101.09,1,-1,-1,-1
465,68,911.04,484.74,99.01,108.63,1,-1,-1,-1
465,69,1417.72,419.79,161.88,381.55,1,-1,-1,-1
465,70,831.62,407.03,89.25,301.58,1,-1,-1,-1
465,71,1048.83,437.90,39.52,109.92,1,-1,-1,-1
465,72,700.36,440.37,103.25,300.17,1,-1,-1,-1
465,73,1082.02,484.68,45.05,113.53,1,-1,-1,-1
465,74,554.95,430.16,116.52,285.71,1,-1,-1,-1
465,75,1131.00,418.40,154.60,562.20,1,-1,-1,-1
466,60,138.38,361.33,393.65,720.18,1,-1,-1,-1
466,63,1233.36,393.31,239.52,686.87,1,-1,-1,-1
466,65,995.65,445.43,37.21,100.68,1,-1,-1,-1
466,68,910.07,483.71,100.54,109.38,1,-1,-1,-1
466,69,1422.28,422.41,161.54,375.99,1,-1,-1,-1
466,70,831.14,404.49,89.77,307.05,1,-1,-1,-1
466,71,1047.99,438.06,40.14,110.40,1,-1,-1,-1
466,72,713.45,439.26,93.55,298.93,1,-1,-1,-1
466,73,1083.05,484.35,45.51,113.51,1,-1,-1,-1
466,74,559.77,429.26,112.73,284.86,1,-1,-1,-1
466,75,1130.16,420.22,151.80,562.27,1,-1,-1,-1
467,60,94.91,373.21,415.53,709.13,1,-1,-1,-1
467,63,1248.52,395.38,227.40,684.65,1,-1,-1,-1
467,65,994.65,445.93,37.69,99.22,1,-1,-1,-1
467,68,910.73,483.47,100.37,109.25,1,-1,-1,-1
467,69,1429.13,419.11,155.98,381.88,1,-1,-1,-1
467,70,832.86,404.23,87.69,310.52,1,-1,-1,-1
467,71,1047.75,438.95,39.83,108.86,1,-1,-1,-1
467,72,723.35,437.43,90.86,297.51,1,-1,-1,-1
467,73,1084.82,483.64,45.01,116.02,1,-1,-1,-1
467,74,572.98,425.88,103.05,289.51,1,-1,-1,-1
467,75,1129.23,422.40,150.40,567.75,1,-1,-1,-1
468,60,60.25,384.97,413.27,698.40,1,-1,-1,-1
468,63,1251.96,396.75,226.63,684.76,1,-1,-1,-1
468,65,994.71,446.43,37.14,98.30,1,-1,-1,-1
468,68,912.22,483.18,99.55,110.34,1,-1,-1,-1
468,69,1445.79,419.52,139.68,376.01,1,-1,-1,-1
468,70,833.50,407.56,88.75,307.35,1,-1,-1,-1
468,71,1047.61,440.11,40.02,107.98,1,-1,-1,-1
468,72,727.09,434.64,93.41,302.96,1,-1,-1,-1
468,73,1084.92,479.79,44.09,119.93,1,-1,-1,-1
468,74,584.09,426.65,94.89,287.54,1,-1,-1,-1
468,75,1131.45,423.65,153.27,572.34,1,-1,-1,-1
469,60,25.94,389.94,424.84,693.36,1,-1,-1,-1
469,63,1271.21,393.26,209.81,687.73,1,-1,-1,-1
469,65,994.37,446.16,37.32,98.72,1,-1,-1,-1
469,68,912.95,482.60,98.89,111.22,1,-1,-1,-1
469,69,1463.01,417.96,126.75,372.92,1,-1,-1,-1
469,70,834.89,406.91,87.24,304.66,1,-1,-1,-1
469,71,1047.46,440.43,40.57,110.02,1,-1,-1,-1
469,72,731.51,434.21,91.37,304.53,1,-1,-1,-1
469,73,1084.16,475.85,44.52,121.38,1,-1,-1,-1
469,74,593.15,429.99,88.25,282.82,1,-1,-1,-1
469,75,1135.72,420.41,150.84,575.95,1,-1,-1,-1
470,60,17.84,388.41,406.12,693.67,1,-1,-1,-1
470,63,1292.29,391.82,199.30,688.55,1,-1,-1,-1
470,65,994.91,446.25,37.31,99.34,1,-1,-1,-1
470,68,914.07,483.34,97.22,110.79,1,-1,-1,-1
470,69,1475.41,419.70,116.07,377.67,1,-1,-1,-1
470,70,837.01,404.60,85.39,303.50,1,-1,-1,-1
470,71,1047.78,440.06,39.96,110.08,1,-1,-1,-1
470,72,735.43,436.23,94.75,302.20,1,-1,-1,-1
470,73,1083.13,472.87,45.00,123.49,1,-1,-1,-1
470,74,601.15,431.13,83.52,279.66,1,-1,-1,-1
470,75,1138.41,422.54,148.71,574.94,1,-1,-1,-1
470,76,380.50,461.90,45.70,116.30,1,-1,-1,-1
470,77,563.60,453.70,29.30,79.60,1,-1,-1,-1
471,60,6.68,374.01,391.20,706.92,1,-1,-1,-1
471,63,1301.82,395.18,200.70,680.95,1,-1,-1,-1
471,65,994.57,446.95,37.37,98.33,1,-1,-1,-1
471,68,915.51,484.11,95.24,110.59,1,-1,-1,-1
471,69,1484.01,422.94,114.97,377.90,1,-1,-1,-1
471,70,836.92,405.83,86.10,301.19,1,-1,-1,-1
471,71,1047.50,440.08,40.06,111.14,1,-1,-1,-1
471,72,741.14,438.13,96.26,300.87,1,-1,-1,-1
471,73,1082.60,474.29,44.93,122.59,1,-1,-1,-1
471,74,604.78,429.85,82.32,280.32,1,-1,-1,-1
471,75,1143.03,423.71,149.33,570.78,1,-1,-1,-1
471,76,381.34,460.99,43.46,114.76,1,-1,-1,-1
471,77,562.69,455.59,31.82,78.06,1,-1,-1,-1
472,60,-2.67,371.04,373.28,707.12,1,-1,-1,-1
472,63,1313.83,391.57,191.88,685.12,1,-1,-1,-1
472,65,992.95,446.51,37.67,98.59,1,-1,-1,-1
472,68,915.12,485.82,96.05,108.99,1,-1,-1,-1
472,69,1491.60,414.73,115.27,384.76,1,-1,-1,-1
472,70,834.70,405.97,88.41,303.58,1,-1,-1,-1
472,71,1045.73,440.92,40.23,111.60,1,-1,-1,-1
472,72,744.11,436.84,98.81,298.16,1,-1,-1,-1
472,73,1083.27,475.09,44.77,123.93,1,-1,-1,-1
472,74,608.63,429.15,80.56,281.01,1,-1,-1,-1
472,75,1146.23,419.49,148.82,583.18,1,-1,-1,-1
472,76,380.14,463.08,43.63,107.79,1,-1,-1,-1
472,77,563.55,457.27,31.81,76.62,1,-1,-1,-1
473,60,-4.51,380.43,346.34,700.52,1,-1,-1,-1
473,63,1316.98,390.79,194.76,688.46,1,-1,-1,-1
473,65,992.55,445.96,37.83,99.51,1,-1,-1,-1
473,68,915.64,487.22,95.60,107.67,1,-1,-1,-1
473,69,1495.20,414.99,117.81,378.28,1,-1,-1,-1
473,70,836.10,406.97,87.07,300.02,1,-1,-1,-1
473,71,1044.49,441.48,40.84,111.39,1,-1,-1,-1
473,72,746.11,437.61,99.99,294.27,1,-1,-1,-1
473,73,1083.70,476.25,42.97,121.88,1,-1,-1,-1
473,74,613.32,428.00,78.91,283.24,1,-1,-1,-1
473,75,1144.63,423.24,155.39,583.62,1,-1,-1,-1
473,76,377.62,463.23,44.38,103.32,1,-1,-1,-1
473,77,562.86,455.67,33.13,79.97,1,-1,-1,-1
473,78,1112.70,439.90,40.30,137.70,1,-1,-1,-1
474,60,-6.02,409.55,316.63,672.86,1,-1,-1,-1
474,63,1325.40,386.32,193.53,694.79,1,-1,-1,-1
474,65,992.38,446.75,38.02,99.99,1,-1,-1,-1
474,68,912.57,489.18,99.31,107.83,1,-1,-1,-1
474,69,1501.96,416.79,124.59,383.96,1,-1,-1,-1
474,70,836.98,409.79,86.32,297.70,1,-1,-1,-1
474,71,1044.63,442.43,40.67,109.51,1,-1,-1,-1
474,72,746.50,439.58,99.93,290.58,1,-1,-1,-1
474,73,1083.89,472.48,42.57,125.81,1,-1,-1,-1
474,74,617.18,430.50,77.64,279.92,1,-1,-1,-1
474,75,1149.14,417.55,156.17,592.00,1,-1,-1,-1
474,76,373.38,459.28,48.45,101.34,1,-1,-1,-1
474,77,562.65,455.64,32.55,78.87,1,-1,-1,-1
474,78,1111.58,440.11,41.91,139.94,1,-1,-1,-1
475,60,-5.74,395.91,282.10,691.02,1,-1,-1,-1
475,63,1335.49,386.22,198.06,693.68,1,-1,-1,-1
475,65,991.37,448.21,38.08,98.81,1,-1,-1,-1
475,68,910.42,492.18,99.31,107.83,1,-1,-1,-1
475,69,1506.94,414.43,137.55,390.99,1,-1,-1,-1
475,70,837.74,409.26,86.45,301.20,1,-1,-1,-1
475,71,1044.44,440.60,40.20,108.66,1,-1,-1,-1
475,72,747.23,441.43,100.19,292.06,1,-1,-1,-1
475,73,1085.59,469.91,40.98,126.64,1,-1,-1,-1
475,74,620.53,435.82,80.20,274.31,1,-1,-1,-1
475,75,1154.05,417.71,157.66,587.10,1,-1,-1,-1
475,76,371.53,454.43,48.45,101.34,1,-1,-1,-1
475,77,564.48,453.73,32.37,80.43,1,-1,-1,-1
475,78,1109.99,439.48,43.72,144.04,1,-1,-1,-1
475,79,524.80,458.60,33.20,75.90,1,-1,-1,-1
476,60,-6.16,392.05,270.20,685.06,1,-1,-1,-1
476,63,1339.63,389.79,207.47,691.52,1,-1,-1,-1
476,65,991.86,448.80,37.67,97.75,1,-1,-1,-1
476,68,909.90,467.76,79.63,186.21,1,-1,-1,-1
476,69,1509.88,413.92,154.94,393.10,1,-1,-1,-1
476,70,840.44,409.22,85.92,304.70,1,-1,-1,-1
476,71,1041.31,438.68,40.13,106.59,1,-1,-1,-1
476,72,751.03,436.91,102.30,300.77,1,-1,-1,-1
476,73,1085.50,467.18,40.92,130.25,1,-1,-1,-1
476,74,622.47,437.03,84.47,271.78,1,-1,-1,-1
476,75,1154.70,418.18,167.07,586.82,1,-1,-1,-1
476,76,369.68,449.58,48.45,101.34,1,-1,-1,-1
476,77,565.94,454.08,32.81,80.20,1,-1,-1,-1
476,78,1110.71,436.96,43.43,147.09,1,-1,-1,-1
476,79,526.41,458.46,32.71,75.27,1,-1,-1,-1
477,60,-6.76,400.20,270.20,685.06,1,-1,-1,-1
477,63,1345.07,389.77,214.14,691.72,1,-1,-1,-1
477,65,991.77,448.13,37.20,98.07,1,-1,-1,-1
477,68,911.32,460.59,71.14,215.67,1,-1,-1,-1
477,69,1511.50,409.97,174.09,409.97,1,-1,-1,-1
477,70,840.13,414.82,85.70,298.75,1,-1,-1,-1
477,71,1038.50,437.08,40.81,106.95,1,-1,-1,-1
477,72,753.25,437.46,103.42,298.41,1,-1,-1,-1
477,73,1085.33,468.71,40.77,130.08,1,-1,-1,-1
477,74,623.44,437.60,86.31,269.34,1,-1,-1,-1
477,75,1161.26,416.24,162.82,589.89,1,-1,-1,-1
477,76,367.83,444.73,48.45,101.34,1,-1,-1,-1
477,77,565.24,454.06,33.50,81.11,1,-1,-1,-1
477,78,1112.04,435.07,41.87,148.85,1,-1,-1,-1
477,79,528.74,458.15,31.23,74.24,1,-1,-1,-1
478,60,-7.36,408.35,270.20,685.06,1,-1,-1,-1
478,63,1348.37,388.07,223.28,692.90,1,-1,-1,-1
478,65,990.73,448.54,35.59,97.32,1,-1,-1,-1
478,68,903.45,449.01,83.43,228.57,1,-1,-1,-1
478,69,1511.99,406.71,182.43,413.35,1,-1,-1,-1
478,70,839.79,410.41,84.02,301.86,1,-1,-1,-1
478,71,1038.73,438.24,40.31,107.40,1,-1,-1,-1
478,72,753.96,433.85,102.71,303.09,1,-1,-1,-1
478,73,1085.67,470.89,40.16,128.62,1,-1,-1,-1
478,74,626.94,441.18,86.37,266.02,1,-1,-1,-1
478,75,1163.73,417.46,165.19,585.00,1,-1,-1,-1
478,77,564.18,453.96,34.06,81.66,1,-1,-1,-1
478,78,1111.73,435.76,40.84,149.86,1,-1,-1,-1
478,79,527.57,457.63,31.28,76.10,1,-1,-1,-1
479,60,-7.96,416.50,270.20,685.06,1,-1,-1,-1
479,63,1350.71,392.82,236.45,687.93,1,-1,-1,-1
479,65,990.76,448.20,34.62,97.80,1,-1,-1,-1
479,68,895.41,437.17,94.75,240.77,1,-1,-1,-1
479,69,1514.57,411.62,186.40,403.24,1,-1,-1,-1
479,70,841.52,407.60,80.86,306.16,1,-1,-1,-1
479,71,1039.48,439.21,40.16,107.68,1,-1,-1,-1
479,72,758.67,436.72,102.07,296.66,1,-1,-1,-1
479,73,1085.19,471.74,40.19,127.49,1,-1,-1,-1
479,74,630.49,437.98,88.21,272.59,1,-1,-1,-1
479,75,1170.48,416.98,163.31,586.96,1,-1,-1,-1
479,77,563.89,454.56,34.44,81.69,1,-1,-1,-1
479,78,1112.38,437.79,40.81,147.23,1,-1,-1,-1
479,79,526.26,458.45,30.59,75.40,1,-1,-1,-1
480,63,1354.08,392.69,245.80,689.38,1,-1,-1,-1
480,65,991.39,449.74,32.86,97.80,1,-1,-1,-1
480,68,878.26,434.87,126.42,249.26,1,-1,-1,-1
480,69,1517.97,418.76,196.90,399.43,1,-1,-1,-1
480,70,843.09,409.99,80.33,305.42,1,-1,-1,-1
480,71,1039.33,439.99,39.07,107.34,1,-1,-1,-1
480,72,769.10,437.67,97.68,298.30,1,-1,-1,-1
480,73,1085.43,467.47,39.64,131.28,1,-1,-1,-1
480,74,633.21,433.24,86.52,273.09,1,-1,-1,-1
480,75,1176.23,419.58,160.43,588.95,1,-1,-1,-1
480,77,563.83,454.81,35.67,81.91,1,-1,-1,-1
480,78,1113.05,436.20,40.59,148.96,1,-1,-1,-1
480,79,530.49,459.76,28.78,73.02,1,-1,-1,-1
480,80,747.90,447.00,44.20,130.50,1,-1,-1,-1
481,63,1355.24,387.80,257.70,692.89,1,-1,-1,-1
481,65,994.01,450.76,30.72,95.49,1,-1,-1,-1
481,68,870.60,436.16,134.88,253.21,1,-1,-1,-1
481,69,1521.28,414.21,194.45,420.48,1,-1,-1,-1
481,70,844.99,410.24,80.33,305.42,1,-1,-1,-1
481,71,1039.89,440.59,37.41,107.94,1,-1,-1,-1
481,72,775.92,437.59,97.62,292.49,1,-1,-1,-1
481,73,1086.08,463.47,39.82,134.51,1,-1,-1,-1
481,74,636.23,433.85,84.62,268.48,1,-1,-1,-1
481,75,1179.88,420.13,161.46,585.55,1,-1,-1,-1
481,77,564.24,455.16,35.69,81.90,1,-1,-1,-1
481,78,1111.76,437.21,40.67,149.62,1,-1,-1,-1
481,79,534.08,459.85,27.32,73.01,1,-1,-1,-1
481,80,746.99,446.79,44.62,129.73,1,-1,-1,-1
482,63,1360.35,385.46,264.91,694.79,1,-1,-1,-1
482,65,997.49,449.80,28.60,92.70,1,-1,-1,-1
482,68,873.18,434.25,133.84,255.86,1,-1,-1,-1
482,69,1522.17,417.25,200.15,412.86,1,-1,-1,-1
482,70,850.12,410.92,75.62,307.44,1,-1,-1,-1
482,71,1039.08,441.29,37.61,106.09,1,-1,-1,-1
482,72,783.06,435.85,95.65,291.10,1,-1,-1,-1
482,73,1086.30,464.91,40.37,133.38,1,-1,-1,-1
482,74,638.70,435.28,85.87,270.45,1,-1,-1,-1
482,75,1183.71,418.24,164.85,585.87,1,-1,-1,-1
482,77,564.78,454.62,35.14,82.04,1,-1,-1,-1
482,78,1113.11,440.65,39.99,146.53,1,-1,-1,-1
482,79,534.73,459.48,26.54,73.07,1,-1,-1,-1
482,80,746.98,446.33,45.03,129.78,1,-1,-1,-1
483,63,1359.09,386.01,274.91,694.59,1,-1,-1,-1
483,65,1000.74,448.49,27.55,93.75,1,-1,-1,-1
483,68,879.46,434.25,130.59,254.21,1,-1,-1,-1
483,69,1540.47,411.29,189.20,418.77,1,-1,-1,-1
483,70,854.76,416.44,67.77,293.20,1,-1,-1,-1
483,71,1036.72,440.34,38.30,106.24,1,-1,-1,-1
483,72,790.55,435.35,98.34,294.95,1,-1,-1,-1
483,73,1086.22,467.59,39.62,132.14,1,-1,-1,-1
483,74,640.85,436.81,90.79,270.77,1,-1,-1,-1
483,75,1188.09,419.99,163.69,588.62,1,-1,-1,-1
483,77,565.02,454.41,34.97,81.94,1,-1,-1,-1
483,78,1113.86,442.34,40.07,143.85,1,-1,-1,-1
483,79,535.40,459.28,26.51,72.39,1,-1,-1,-1
483,80,745.19,446.52,44.80,130.63,1,-1,-1,-1
483,81,467.50,459.90,28.60,77.50,1,-1,-1,-1
484,63,1362.28,384.70,280.50,696.35,1,-1,-1,-1
484,65,1000.92,449.91,27.24,94.41,1,-1,-1,-1
484,68,881.61,431.89,128.85,255.60,1,-1,-1,-1
484,69,1543.82,409.05,200.05,425.51,1,-1,-1,-1
484,70,854.46,412.94,67.77,293.20,1,-1,-1,-1
484,71,1035.69,440.36,38.86,107.19,1,-1,-1,-1
484,72,796.61,438.11,100.62,292.95,1,-1,-1,-1
484,73,1085.88,469.61,38.91,131.34,1,-1,-1,-1
484,74,645.10,434.63,93.67,274.29,1,-1,-1,-1
484,75,1192.34,419.11,164.82,597.57,1,-1,-1,-1
484,77,566.37,454.03,34.36,81.56,1,-1,-1,-1
484,78,1111.62,441.09,41.07,145.28,1,-1,-1,-1
484,79,534.14,458.06,27.69,73.10,1,-1,-1,-1
484,80,742.21,446.02,46.55,133.97,1,-1,-1,-1
484,81,464.42,459.90,29.09,79.04,1,-1,-1,-1
485,63,1366.64,392.71,283.79,687.91,1,-1,-1,-1
485,65,998.82,452.56,27.24,94.41,1,-1,-1,-1
485,68,883.96,431.58,127.20,255.60,1,-1,-1,-1
485,69,1544.22,408.36,211.07,427.67,1,-1,-1,-1
485,70,854.16,409.44,67.77,293.20,1,-1,-1,-1
485,71,1035.82,440.61,39.45,107.90,1,-1,-1,-1
485,72,801.04,436.61,102.85,293.97,1,-1,-1,-1
485,73,1086.45,466.51,37.92,133.90,1,-1,-1,-1
485,74,646.68,433.78,99.08,269.75,1,-1,-1,-1
485,75,1194.57,420.36,166.63,595.07,1,-1,-1,-1
485,77,566.91,453.49,34.88,81.66,1,-1,-1,-1
485,78,1111.37,440.26,40.11,145.79,1,-1,-1,-1
485,79,533.13,456.92,27.07,73.52,1,-1,-1,-1
485,80,742.07,445.63,46.72,134.90,1,-1,-1,-1
485,81,462.14,460.58,29.03,80.34,1,-1,-1,-1
486,63,1364.56,399.66,286.18,683.14,1,-1,-1,-1
486,65,996.72,455.21,27.24,94.41,1,-1,-1,-1
486,68,889.69,432.33,124.54,254.27,1,-1,-1,-1
486,69,1562.85,410.88,189.88,423.63,1,-1,-1,-1
486,70,853.86,405.94,67.77,293.20,1,-1,-1,-1
486,71,1034.86,439.50,39.69,109.93,1,-1,-1,-1
486,72,803.87,437.31,107.08,290.35,1,-1,-1,-1
486,73,1086.39,461.32,38.75,136.84,1,-1,-1,-1
486,74,648.12,432.31,103.15,267.12,1,-1,-1,-1
486,75,1195.76,423.32,170.67,596.00,1,-1,-1,-1
486,77,566.44,453.57,35.80,82.39,1,-1,-1,-1
486,78,1111.74,438.91,40.10,148.18,1,-1,-1,-1
486,79,532.11,456.58,27.30,74.42,1,-1,-1,-1
486,80,741.27,443.84,45.73,131.89,1,-1,-1,-1
486,81,463.20,460.64,28.66,80.10,1,-1,-1,-1
487,63,1365.17,389.81,283.04,692.21,1,-1,-1,-1
487,65,994.62,457.86,27.24,94.41,1,-1,-1,-1
487,68,899.22,431.07,118.91,254.43,1,-1,-1,-1
487,69,1574.42,413.98,182.40,419.83,1,-1,-1,-1
487,71,1032.73,439.83,40.61,109.84,1,-1,-1,-1
487,72,806.29,438.24,112.42,291.99,1,-1,-1,-1
487,73,1087.33,457.76,39.20,139.82,1,-1,-1,-1
487,74,648.37,431.17,112.22,273.27,1,-1,-1,-1
487,75,1199.04,426.84,175.03,581.02,1,-1,-1,-1
487,77,567.19,453.86,35.24,82.68,1,-1,-1,-1
487,78,1111.07,438.21,39.75,149.73,1,-1,-1,-1
487,79,532.10,456.90,27.86,75.24,1,-1,-1,-1
487,80,738.56,443.30,42.63,134.63,1,-1,-1,-1
487,81,461.92,460.70,28.48,77.58,1,-1,-1,-1
488,63,1367.52,387.34,286.02,691.71,1,-1,-1,-1
488,68,907.20,432.66,115.19,252.80,1,-1,-1,-1
488,69,1587.78,412.35,172.81,423.38,1,-1,-1,-1
488,71,1031.70,440.33,40.04,111.70,1,-1,-1,-1
488,72,807.78,441.00,119.26,290.32,1,-1,-1,-1
488,73,1087.11,458.17,39.34,139.60,1,-1,-1,-1
488,74,647.55,433.35,118.85,273.29,1,-1,-1,-1
488,75,1200.92,421.37,186.07,594.73,1,-1,-1,-1
488,77,568.15,455.07,34.72,81.57,1,-1,-1,-1
488,78,1110.66,438.05,39.44,149.43,1,-1,-1,-1
488,79,532.79,456.95,27.47,76.19,1,-1,-1,-1
488,80,733.46,447.40,42.63,134.63,1,-1,-1,-1
488,81,459.75,460.97,28.70,77.52,1,-1,-1,-1
488,82,1183.50,451.80,34.00,90.40,1,-1,-1,-1
489,63,1375.40,391.71,281.39,689.39,1,-1,-1,-1
489,68,918.50,434.62,108.27,244.96,1,-1,-1,-1
489,69,1597.82,412.00,161.39,425.35,1,-1,-1,-1
489,71,1031.33,440.22,41.13,113.66,1,-1,-1,-1
489,72,809.36,442.84,123.70,285.76,1,-1,-1,-1
489,73,1085.06,456.34,40.92,141.56,1,-1,-1,-1
489,74,648.47,433.10,120.01,273.93,1,-1,-1,-1
489,75,1203.03,429.75,194.91,593.45,1,-1,-1,-1
489,77,568.24,455.92,34.29,80.89,1,-1,-1,-1
489,78,1112.16,437.26,38.99,149.83,1,-1,-1,-1
489,79,533.36,457.55,27.70,75.01,1,-1,-1,-1
489,80,728.36,451.50,42.63,134.63,1,-1,-1,-1
489,81,460.57,459.54,27.02,79.47,1,-1,-1,-1
489,82,1183.64,450.54,33.86,90.33,1,-1,-1,-1
490,63,1376.88,391.82,282.59,689.68,1,-1,-1,-1
490,68,932.49,432.65,100.94,245.76,1,-1,-1,-1
490,69,1605.28,410.68,153.98,432.53,1,-1,-1,-1
490,71,1031.46,439.66,41.32,115.30,1,-1,-1,-1
490,72,809.25,443.01,131.61,287.19,1,-1,-1,-1
490,73,1085.33,457.00,40.21,141.45,1,-1,-1,-1
490,74,650.78,434.63,117.13,270.90,1,-1,-1,-1
490,75,1204.50,426.46,196.72,585.01,1,-1,-1,-1
490,77,568.48,456.36,34.09,80.90,1,-1,-1,-1
490,78,1113.08,436.20,39.91,153.94,1,-1,-1,-1
490,79,534.47,457.72,27.77,74.51,1,-1,-1,-1
490,80,723.26,455.60,42.63,134.63,1,-1,-1,-1
490,81,462.07,459.24,26.66,80.19,1,-1,-1,-1
490,82,1183.15,449.40,34.66,89.82,1,-1,-1,-1
491,63,1379.25,392.65,283.93,688.29,1,-1,-1,-1
491,68,939.08,434.90,100.56,238.09,1,-1,-1,-1
491,69,1612.89,409.68,153.64,434.19,1,-1,-1,-1
491,71,1030.49,441.16,39.91,113.76,1,-1,-1,-1
491,72,810.35,441.75,134.68,288.95,1,-1,-1,-1
491,73,1085.07,454.15,41.60,145.47,1,-1,-1,-1
491,74,648.82,434.52,121.87,272.44,1,-1,-1,-1
491,75,1202.54,426.22,203.71,584.30,1,-1,-1,-1
491,77,569.21,456.48,34.52,81.04,1,-1,-1,-1
491,78,1112.82,439.19,40.04,151.25,1,-1,-1,-1
491,79,535.88,458.96,27.93,73.59,1,-1,-1,-1
491,81,463.52,460.33,25.92,80.55,1,-1,-1,-1
491,82,1182.43,448.78,35.25,89.32,1,-1,-1,-1
492,63,1385.89,383.48,281.95,697.82,1,-1,-1,-1
492,68,944.66,435.56,99.61,235.79,1,-1,-1,-1
492,69,1620.23,408.32,154.24,435.46,1,-1,-1,-1
492,71,1032.90,442.79,35.84,118.97,1,-1,-1,-1
492,72,810.24,438.26,139.03,291.08,1,-1,-1,-1
492,73,1088.14,449.52,41.18,148.85,1,-1,-1,-1
492,74,651.38,432.74,118.95,273.32,1,-1,-1,-1
492,75,1206.91,427.64,207.97,597.95,1,-1,-1,-1
492,77,569.08,456.14,34.71,81.64,1,-1,-1,-1
492,78,1112.11,439.88,39.24,151.71,1,-1,-1,-1
492,79,537.66,460.04,27.98,73.11,1,-1,-1,-1
492,81,462.91,460.74,25.70,79.46,1,-1,-1,-1
492,82,1181.50,448.24,35.63,88.88,1,-1,-1,-1
492,83,382.60,464.60,55.70,116.10,1,-1,-1,-1
492,84,632.90,455.90,32.00,86.60,1,-1,-1,-1
493,63,1394.61,382.20,273.16,696.76,1,-1,-1,-1
493,68,951.89,435.18,97.50,240.70,1,-1,-1,-1
493,69,1631.38,403.46,151.06,451.66,1,-1,-1,-1
493,71,1037.62,447.66,33.36,120.67,1,-1,-1,-1
493,72,813.12,439.05,136.70,290.12,1,-1,-1,-1
493,73,1086.52,450.01,42.31,148.19,1,-1,-1,-1
493,74,653.54,432.82,117.59,273.03,1,-1,-1,-1
493,75,1210.52,430.56,212.75,596.52,1,-1,-1,-1
493,77,568.33,457.05,35.19,81.26,1,-1,-1,-1
493,78,1112.63,445.52,38.16,144.21,1,-1,-1,-1
493,79,539.78,461.09,27.50,71.98,1,-1,-1,-1
493,81,461.13,459.91,25.42,80.61,1,-1,-1,-1
493,82,1180.86,449.81,35.75,85.61,1,-1,-1,-1
493,83,381.20,463.76,54.65,117.22,1,-1,-1,-1
493,84,632.41,456.32,33.75,86.25,1,-1,-1,-1
494,63,1399.30,379.19,266.96,702.04,1,-1,-1,-1
494,68,956.33,433.54,96.73,248.89,1,-1,-1,-1
494,69,1634.56,404.34,154.94,448.33,1,-1,-1,-1
494,71,1041.12,451.66,33.36,120.67,1,-1,-1,-1
494,72,815.09,440.54,137.40,291.64,1,-1,-1,-1
494,73,1083.43,450.60,44.75,148.48,1,-1,-1,-1
494,74,654.75,437.00,116.69,267.41,1,-1,-1,-1
494,75,1214.03,435.57,211.81,579.00,1,-1,-1,-1
494,77,568.11,457.67,35.13,81.22,1,-1,-1,-1
494,78,1112.06,449.18,37.98,138.81,1,-1,-1,-1
494,79,539.61,461.25,27.57,71.50,1,-1,-1,-1
494,81,460.07,459.85,25.41,79.62,1,-1,-1,-1
494,82,1181.05,450.00,35.37,84.55,1,-1,-1,-1
494,83,380.94,463.46,53.64,115.67,1,-1,-1,-1
494,84,633.83,455.43,34.27,89.16,1,-1,-1,-1
495,63,1406.93,373.45,270.91,706.42,1,-1,-1,-1
495,68,959.29,433.18,98.53,250.51,1,-1,-1,-1
495,69,1640.13,411.18,155.54,431.79,1,-1,-1,-1
495,71,1044.62,455.66,33.36,120.67,1,-1,-1,-1
495,72,818.17,440.77,137.40,292.73,1,-1,-1,-1
495,73,1083.42,449.39,47.38,149.40,1,-1,-1,-1
495,74,656.99,437.27,117.82,269.85,1,-1,-1,-1
495,75,1215.66,434.39,221.11,579.56,1,-1,-1,-1
495,77,568.24,456.75,34.41,82.33,1,-1,-1,-1
495,78,1115.28,447.82,36.59,124.10,1,-1,-1,-1
495,79,537.79,460.49,27.73,72.13,1,-1,-1,-1
495,81,460.61,459.00,25.82,78.70,1,-1,-1,-1
495,82,1179.71,449.66,36.02,84.38,1,-1,-1,-1
495,83,382.30,462.69,52.42,115.48,1,-1,-1,-1
495,84,635.25,454.94,33.80,92.20,1,-1,-1,-1
496,63,1419.73,372.67,269.64,707.39,1,-1,-1,-1
496,68,963.55,432.56,101.52,250.29,1,-1,-1,-1
496,69,1645.86,414.71,161.95,433.20,1,-1,-1,-1
496,71,1048.12,459.66,33.36,120.67,1,-1,-1,-1
496,72,822.59,437.84,138.10,297.33,1,-1,-1,-1
496,73,1082.81,448.62,50.75,149.47,1,-1,-1,-1
496,74,661.03,436.34,114.23,270.38,1,-1,-1,-1
496,75,1218.21,432.91,220.54,581.06,1,-1,-1,-1
496,77,568.85,455.69,33.98,82.73,1,-1,-1,-1
496,78,1115.46,445.19,38.63,122.49,1,-1,-1,-1
496,79,537.96,460.42,27.57,71.90,1,-1,-1,-1
496,81,461.57,458.90,25.67,78.42,1,-1,-1,-1
496,82,1177.67,449.14,36.36,84.67,1,-1,-1,-1
496,83,382.47,462.72,52.90,116.05,1,-1,-1,-1
496,84,636.51,455.47,33.52,91.85,1,-1,-1,-1
497,63,1428.62,376.62,264.08,704.18,1,-1,-1,-1
497,68,968.31,429.58,104.31,252.68,1,-1,-1,-1
497,69,1653.04,410.87,165.28,444.96,1,-1,-1,-1
497,72,829.46,440.62,136.35,293.67,1,-1,-1,-1
497,73,1081.88,446.25,54.36,151.94,1,-1,-1,-1
497,74,667.39,437.00,106.93,266.40,1,-1,-1,-1
497,75,1218.94,421.29,217.57,596.28,1,-1,-1,-1
497,77,569.15,455.44,33.92,83.27,1,-1,-1,-1
497,78,1113.41,448.99,38.63,122.49,1,-1,-1,-1
497,79,538.87,460.52,27.73,72.53,1,-1,-1,-1
497,81,460.59,459.09,25.27,78.13,1,-1,-1,-1
497,82,1177.31,449.93,36.74,83.57,1,-1,-1,-1
497,83,382.28,462.42,53.32,118.82,1,-1,-1,-1
497,84,635.50,454.52,33.58,91.04,1,-1,-1,-1
497,85,795.20,478.40,55.40,55.70,1,-1,-1,-1
498,63,1441.73,372.88,253.52,708.81,1,-1,-1,-1
498,68,968.87,428.86,109.90,252.48,1,-1,-1,-1
498,69,1659.90,404.38,178.45,460.60,1,-1,-1,-1
498,72,836.19,440.93,134.50,291.45,1,-1,-1,-1
498,73,1081.93,447.86,54.46,152.47,1,-1,-1,-1
498,74,674.65,433.37,101.94,273.75,1,-1,-1,-1
498,75,1218.42,425.04,225.15,593.49,1,-1,-1,-1
498,77,569.91,455.87,33.56,83.29,1,-1,-1,-1
498,78,1111.36,452.79,38.63,122.49,1,-1,-1,-1
498,79,537.66,460.06,28.48,74.47,1,-1,-1,-1
498,81,459.90,459.14,25.36,76.99,1,-1,-1,-1
498,82,1177.94,449.19,36.99,85.34,1,-1,-1,-1
498,83,381.51,462.65,53.80,119.36,1,-1,-1,-1
498,84,634.47,453.92,33.24,90.31,1,-1,-1,-1
498,85,797.23,478.12,56.38,57.45,1,-1,-1,-1
499,63,1451.98,374.84,252.46,705.16,1,-1,-1,-1
499,68,968.22,433.18,113.61,248.43,1,-1,-1,-1
499,69,1665.42,413.23,190.74,466.83,1,-1,-1,-1
499,72,844.32,437.71,130.23,292.40,1,-1,-1,-1
499,73,1081.55,447.08,56.10,154.17,1,-1,-1,-1
499,74,681.17,432.77,96.45,274.00,1,-1,-1,-1
499,75,1221.93,434.02,225.26,583.84,1,-1,-1,-1
499,77,570.71,455.96,33.17,82.95,1,-1,-1,-1
499,78,1109.31,456.59,38.63,122.49,1,-1,-1,-1
499,79,536.33,460.02,29.12,74.70,1,-1,-1,-1
499,81,460.49,459.29,25.25,76.44,1,-1,-1,-1
499,82,1178.00,448.66,37.14,86.50,1,-1,-1,-1
499,83,381.43,463.18,53.52,118.27,1,-1,-1,-1
499,84,635.29,453.90,33.35,89.04,1,-1,-1,-1
499,85,798.08,477.73,57.30,58.95,1,-1,-1,-1
500,63,1465.73,375.75,244.79,706.03,1,-1,-1,-1
500,68,967.57,434.70,115.56,248.55,1,-1,-1,-1
500,69,1675.19,410.59,204.08,478.22,1,-1,-1,-1
500,72,849.91,434.45,130.77,296.32,1,-1,-1,-1
500,73,1081.99,443.99,56.38,156.15,1,-1,-1,-1
500,74,688.28,432.44,91.31,275.47,1,-1,-1,-1
500,75,1226.24,435.48,222.42,582.41,1,-1,-1,-1
500,77,570.17,456.95,32.98,82.28,1,-1,-1,-1
500,79,536.46,460.09,30.02,75.26,1,-1,-1,-1
500,81,460.29,459.63,25.70,76.13,1,-1,-1,-1
500,82,1178.27,449.80,36.27,85.59,1,-1,-1,-1
500,83,381.42,463.25,53.72,118.08,1,-1,-1,-1
500,84,635.78,453.86,33.60,89.85,1,-1,-1,-1
500,85,797.03,476.84,57.37,60.46,1,-1,-1,-1
501,63,1476.93,373.13,241.37,707.69,1,-1,-1,-1
501,68,969.23,437.81,115.52,246.56,1,-1,-1,-1
501,69,1687.01,406.18,211.86,479.40,1,-1,-1,-1
501,72,857.10,436.77,128.90,293.02,1,-1,-1,-1
501,73,1082.97,447.06,56.60,153.11,1,-1,-1,-1
501,74,694.79,432.18,87.80,276.82,1,-1,-1,-1
501,75,1238.04,419.16,216.88,605.99,1,-1,-1,-1
501,77,570.11,457.78,32.36,81.88,1,-1,-1,-1
501,79,537.68,460.75,29.94,74.52,1,-1,-1,-1
501,81,460.10,459.53,26.19,76.53,1,-1,-1,-1
501,82,1177.96,449.77,35.94,86.02,1,-1,-1,-1
501,83,382.10,463.47,53.35,117.67,1,-1,-1,-1
501,84,637.43,455.98,33.88,88.21,1,-1,-1,-1
501,85,796.47,476.90,58.09,60.28,1,-1,-1,-1
502,63,1487.41,373.65,237.82,707.00,1,-1,-1,-1
502,68,974.36,436.57,112.64,246.17,1,-1,-1,-1
502,69,1691.52,408.38,217.35,482.90,1,-1,-1,-1
502,72,864.29,437.50,128.13,292.86,1,-1,-1,-1
502,73,1084.46,447.07,57.02,152.26,1,-1,-1,-1
502,74,699.96,433.67,83.88,273.94,1,-1,-1,-1
502,75,1257.10,417.50,200.37,606.49,1,-1,-1,-1
502,77,570.90,457.63,32.67,81.96,1,-1,-1,-1
502,79,537.59,461.01,30.19,74.30,1,-1,-1,-1
502,81,459.98,459.56,26.34,77.35,1,-1,-1,-1
502,82,1178.31,449.97,35.63,85.17,1,-1,-1,-1
502,83,382.88,463.67,52.55,116.92,1,-1,-1,-1
502,84,637.52,456.29,33.47,87.85,1,-1,-1,-1
502,85,795.48,477.16,57.89,59.87,1,-1,-1,-1
503,63,1502.19,374.29,227.66,706.86,1,-1,-1,-1
503,68,977.70,435.36,108.13,245.84,1,-1,-1,-1
503,69,1694.83,408.30,218.99,486.82,1,-1,-1,-1
503,72,869.19,437.27,130.84,293.17,1,-1,-1,-1
503,73,1085.65,447.81,57.29,151.03,1,-1,-1,-1
503,74,704.25,432.77,79.41,271.74,1,-1,-1,-1
503,75,1271.22,421.93,190.24,601.74,1,-1,-1,-1
503,77,570.97,457.66,32.62,81.36,1,-1,-1,-1
503,79,537.49,460.88,30.41,75.00,1,-1,-1,-1
503,81,459.26,460.08,25.96,76.33,1,-1,-1,-1
503,82,1178.15,449.82,35.96,85.47,1,-1,-1,-1
503,83,383.02,463.59,52.02,116.21,1,-1,-1,-1
503,84,636.45,455.89,34.33,87.75,1,-1,-1,-1
503,85,795.32,477.93,58.88,59.75,1,-1,-1,-1
504,63,1509.77,378.90,236.79,702.13,1,-1,-1,-1
504,68,984.36,438.17,101.18,242.17,1,-1,-1,-1
504,69,1704.70,414.87,212.56,475.96,1,-1,-1,-1
504,72,874.12,436.18,131.23,295.50,1,-1,-1,-1
504,73,1085.53,449.45,60.45,149.96,1,-1,-1,-1
504,74,707.82,432.66,79.19,269.40,1,-1,-1,-1
504,75,1282.31,418.93,190.07,605.49,1,-1,-1,-1
504,77,571.31,456.42,33.24,82.58,1,-1,-1,-1
504,79,537.15,460.66,30.61,75.21,1,-1,-1,-1
504,81,459.35,459.52,25.57,75.19,1,-1,-1,-1
504,82,1177.51,449.98,36.27,85.49,1,-1,-1,-1
504,83,382.95,463.14,52.08,116.48,1,-1,-1,-1
504,84,636.80,455.39,34.73,88.13,1,-1,-1,-1
504,85,795.00,478.32,59.31,59.79,1,-1,-1,-1
504,86,835.70,476.00,52.60,64.80,1,-1,-1,-1
505,63,1509.41,377.46,252.13,704.56,1,-1,-1,-1
505,68,994.47,444.31,94.12,238.27,1,-1,-1,-1
505,69,1713.86,409.95,208.74,490.97,1,-1,-1,-1
505,72,883.45,436.16,127.43,293.47,1,-1,-1,-1
505,73,1090.99,447.40,56.49,148.52,1,-1,-1,-1
505,74,711.28,435.20,80.88,269.54,1,-1,-1,-1
505,75,1292.79,418.64,192.96,598.36,1,-1,-1,-1
505,77,571.69,456.76,32.79,82.31,1,-1,-1,-1
505,79,536.49,460.28,30.67,75.90,1,-1,-1,-1
505,81,459.66,459.18,25.31,75.20,1,-1,-1,-1
505,82,1177.25,449.83,36.36,86.69,1,-1,-1,-1
505,83,382.96,463.25,52.02,116.28,1,-1,-1,-1
505,84,637.01,455.76,35.41,87.90,1,-1,-1,-1
505,85,793.68,478.01,59.23,60.08,1,-1,-1,-1
505,86,835.14,474.25,52.53,70.68,1,-1,-1,-1
506,63,1513.70,374.77,258.83,705.71,1,-1,-1,-1
506,68,1002.95,444.62,89.49,240.04,1,-1,-1,-1
506,69,1726.04,416.18,196.25,487.00,1,-1,-1,-1
506,72,889.76,431.86,129.58,297.48,1,-1,-1,-1
506,73,1093.49,446.56,55.38,148.09,1,-1,-1,-1
506,74,716.12,434.35,82.43,270.84,1,-1,-1,-1
506,75,1305.76,415.53,181.44,609.03,1,-1,-1,-1
506,77,571.70,456.87,33.15,82.79,1,-1,-1,-1
506,79,536.68,460.62,30.62,75.76,1,-1,-1,-1
506,81,459.19,459.27,25.30,74.71,1,-1,-1,-1
506,82,1177.12,449.48,36.74,87.82,1,-1,-1,-1
506,83,382.80,463.45,51.80,116.16,1,-1,-1,-1
506,84,638.04,456.41,35.19,87.69,1,-1,-1,-1
506,85,793.95,478.35,60.54,59.46,1,-1,-1,-1
506,86,834.02,473.05,52.09,75.17,1,-1,-1,-1
506,87,677.20,460.70,29.70,78.20,1,-1,-1,-1
507,63,1517.79,380.65,269.24,700.10,1,-1,-1,-1
507,68,1009.75,439.71,86.56,242.11,1,-1,-1,-1
507,69,1736.81,408.69,182.78,498.20,1,-1,-1,-1
507,72,886.96,436.73,140.72,292.80,1,-1,-1,-1
507,73,1091.33,447.62,57.07,148.24,1,-1,-1,-1
507,74,719.59,433.46,85.42,267.52,1,-1,-1,-1
507,75,1310.98,417.75,178.68,609.64,1,-1,-1,-1
507,77,572.56,457.11,32.48,82.59,1,-1,-1,-1
507,79,537.65,461.80,30.40,74.88,1,-1,-1,-1
507,81,459.82,458.89,25.23,73.72,1,-1,-1,-1
507,82,1177.04,449.13,36.78,88.01,1,-1,-1,-1
507,83,382.59,463.29,51.52,116.40,1,-1,-1,-1
507,84,638.78,456.52,35.48,87.56,1,-1,-1,-1
507,85,799.95,478.28,56.66,60.26,1,-1,-1,-1
507,86,834.53,472.18,51.26,77.01,1,-1,-1,-1
507,87,672.51,458.25,29.14,78.20,1,-1,-1,-1
508,63,1521.23,386.44,281.11,695.76,1,-1,-1,-1
508,68,1020.33,436.38,78.96,241.96,1,-1,-1,-1
508,69,1744.13,403.81,176.21,510.59,1,-1,-1,-1
508,72,891.12,438.56,146.87,290.77,1,-1,-1,-1
508,73,1091.06,450.58,57.23,145.13,1,-1,-1,-1
508,74,719.17,434.61,94.65,263.45,1,-1,-1,-1
508,75,1314.61,419.28,188.70,624.73,1,-1,-1,-1
508,77,571.89,458.01,33.06,81.97,1,-1,-1,-1
508,79,538.63,462.28,30.40,75.10,1,-1,-1,-1
508,81,460.02,459.15,25.21,73.57,1,-1,-1,-1
508,82,1176.77,449.05,37.28,88.56,1,-1,-1,-1
508,83,382.14,463.13,52.07,116.75,1,-1,-1,-1
508,84,638.45,456.18,35.63,88.29,1,-1,-1,-1
508,85,803.38,479.39,52.28,59.66,1,-1,-1,-1
508,86,834.71,472.41,51.64,77.70,1,-1,-1,-1
508,87,672.68,456.32,28.55,78.83,1,-1,-1,-1
509,63,1527.03,379.84,286.35,702.09,1,-1,-1,-1
509,68,1028.63,435.22,73.11,235.20,1,-1,-1,-1
509,69,1752.06,402.17,170.60,516.20,1,-1,-1,-1
509,72,897.54,439.98,149.83,286.10,1,-1,-1,-1
509,73,1094.35,448.66,56.02,148.05,1,-1,-1,-1
509,74,721.38,433.52,100.77,266.70,1,-1,-1,-1
509,75,1321.06,418.95,192.90,640.81,1,-1,-1,-1
509,77,571.98,457.94,33.37,82.13,1,-1,-1,-1
509,79,538.94,462.16,29.98,75.45,1,-1,-1,-1
509,81,460.07,459.67,25.34,73.17,1,-1,-1,-1
509,82,1177.29,449.50,37.16,87.96,1,-1,-1,-1
509,83,382.24,463.21,52.65,116.57,1,-1,-1,-1
509,84,637.53,456.13,35.05,88.86,1,-1,-1,-1
509,85,802.08,480.29,52.28,59.66,1,-1,-1,-1
509,86,834.99,472.29,50.77,77.98,1,-1,-1,-1
509,87,676.22,456.59,26.63,80.49,1,-1,-1,-1
510,63,1524.74,380.98,307.04,698.67,1,-1,-1,-1
510,68,1032.23,436.80,75.90,239.75,1,-1,-1,-1
510,69,1755.43,395.43,167.24,521.03,1,-1,-1,-1
510,72,901.87,441.44,147.01,285.96,1,-1,-1,-1
510,73,1097.56,450.45,53.00,142.34,1,-1,-1,-1
510,74,723.51,431.71,106.04,267.96,1,-1,-1,-1
510,75,1319.25,426.87,207.81,626.80,1,-1,-1,-1
510,77,572.36,457.00,33.74,83.09,1,-1,-1,-1
510,79,538.95,461.73,29.78,75.42,1,-1,-1,-1
510,81,461.70,460.11,24.96,72.91,1,-1,-1,-1
510,82,1178.19,449.31,36.35,86.80,1,-1,-1,-1
510,83,382.36,463.31,52.61,116.38,1,-1,-1,-1
510,84,637.32,456.71,34.81,89.17,1,-1,-1,-1
510,85,800.78,481.19,52.28,59.66,1,-1,-1,-1
510,86,835.48,470.97,51.07,80.58,1,-1,-1,-1
510,87,679.55,458.40,27.45,85.05,1,-1,-1,-1
511,63,1530.46,380.66,318.49,701.07,1,-1,-1,-1
511,68,1035.15,441.06,79.47,238.73,1,-1,-1,-1
511,69,1758.57,397.05,163.29,516.39,1,-1,-1,-1
511,72,903.42,441.85,148.33,287.46,1,-1,-1,-1
511,73,1097.40,451.17,52.09,145.32,1,-1,-1,-1
511,74,724.14,432.64,109.65,266.31,1,-1,-1,-1
511,75,1320.11,418.58,212.07,634.78,1,-1,-1,-1
511,77,572.71,457.10,32.73,82.54,1,-1,-1,-1
511,79,539.24,460.90,29.52,76.10,1,-1,-1,-1
511,81,461.59,460.38,25.20,72.90,1,-1,-1,-1
511,82,1178.19,449.17,35.89,86.38,1,-1,-1,-1
511,83,382.31,462.84,52.18,116.74,1,-1,-1,-1
511,84,637.67,457.35,34.66,88.49,1,-1,-1,-1
511,85,799.48,482.09,52.28,59.66,1,-1,-1,-1
511,86,834.72,471.35,52.84,81.51,1,-1,-1,-1
511,87,693.45,455.97,37.91,109.37,1,-1,-1,-1
512,63,1536.80,376.03,317.52,704.45,1,-1,-1,-1
512,68,1035.92,438.23,88.24,241.30,1,-1,-1,-1
512,69,1760.13,399.74,161.76,514.16,1,-1,-1,-1
512,72,905.44,443.24,146.28,286.58,1,-1,-1,-1
512,73,1093.99,446.84,55.60,162.39,1,-1,-1,-1
512,74,724.01,435.53,111.23,264.55,1,-1,-1,-1
512,75,1318.21,415.50,220.42,634.09,1,-1,-1,-1
512,77,572.45,456.05,33.41,83.42,1,-1,-1,-1
512,79,538.63,460.91,29.43,76.17,1,-1,-1,-1
512,81,460.75,460.35,24.99,72.55,1,-1,-1,-1
512,82,1177.68,448.54,35.97,88.21,1,-1,-1,-1
512,83,382.27,463.43,51.92,116.01,1,-1,-1,-1
512,84,638.51,456.12,34.83,89.34,1,-1,-1,-1
512,86,834.20,471.77,53.44,79.40,1,-1,-1,-1
512,87,701.02,454.78,41.47,120.94,1,-1,-1,-1
513,63,1540.42,378.10,318.70,702.18,1,-1,-1,-1
513,68,1037.84,437.58,95.84,242.14,1,-1,-1,-1
513,69,1772.01,401.26,149.33,506.84,1,-1,-1,-1
513,72,907.03,443.85,143.84,285.82,1,-1,-1,-1
513,73,1092.19,450.99,55.60,162.39,1,-1,-1,-1
513,74,723.69,434.04,114.36,269.07,1,-1,-1,-1
513,75,1330.00,411.68,224.12,656.99,1,-1,-1,-1
513,77,572.56,455.73,33.47,83.34,1,-1,-1,-1
513,79,538.45,461.28,29.34,75.42,1,-1,-1,-1
513,81,460.63,460.44,25.00,72.31,1,-1,-1,-1
513,82,1178.00,448.68,35.92,88.48,1,-1,-1,-1
513,83,382.02,463.83,51.90,116.00,1,-1,-1,-1
513,84,640.32,455.88,34.67,88.68,1,-1,-1,-1
513,86,834.77,471.23,53.41,78.70,1,-1,-1,-1
513,87,695.23,450.67,42.12,126.51,1,-1,-1,-1
514,63,1544.34,379.58,317.93,701.91,1,-1,-1,-1
514,68,1042.69,440.12,96.86,239.66,1,-1,-1,-1
514,69,1784.16,388.97,139.51,506.88,1,-1,-1,-1
514,72,906.10,443.84,146.47,284.13,1,-1,-1,-1
514,73,1090.39,455.14,55.60,162.39,1,-1,-1,-1
514,74,725.15,436.66,116.98,266.78,1,-1,-1,-1
514,75,1336.90,424.66,234.46,652.59,1,-1,-1,-1
514,77,572.26,455.47,33.28,83.87,1,-1,-1,-1
514,79,539.18,460.97,29.03,75.55,1,-1,-1,-1
514,81,459.68,460.20,25.42,73.21,1,-1,-1,-1
514,82,1178.48,448.50,35.91,88.64,1,-1,-1,-1
514,83,381.58,463.44,51.76,116.49,1,-1,-1,-1
514,84,641.64,455.61,34.62,89.53,1,-1,-1,-1
514,86,836.91,470.07,51.79,80.38,1,-1,-1,-1
514,87,692.22,447.94,43.09,129.44,1,-1,-1,-1
515,63,1546.58,377.33,321.69,703.72,1,-1,-1,-1
515,68,1044.45,442.53,101.02,238.99,1,-1,-1,-1
515,69,1787.66,373.65,135.44,536.92,1,-1,-1,-1
515,72,911.22,444.08,144.11,281.24,1,-1,-1,-1
515,73,1088.59,459.29,55.60,162.39,1,-1,-1,-1
515,74,727.09,435.66,116.01,267.21,1,-1,-1,-1
515,75,1332.81,427.41,241.14,648.33,1,-1,-1,-1
515,77,572.17,455.40,32.87,84.17,1,-1,-1,-1
515,79,539.14,461.48,29.22,74.81,1,-1,-1,-1
515,81,458.59,460.22,25.90,73.55,1,-1,-1,-1
515,82,1178.59,448.12,36.11,88.96,1,-1,-1,-1
515,83,382.11,463.68,51.23,115.94,1,-1,-1,-1
515,84,642.02,454.98,34.40,91.75,1,-1,-1,-1
515,86,836.96,471.37,53.41,79.34,1,-1,-1,-1
515,87,689.79,447.80,42.96,128.36,1,-1,-1,-1
516,63,1553.10,378.02,316.38,702.59,1,-1,-1,-1
516,68,1045.26,438.89,103.46,243.13,1,-1,-1,-1
516,69,1788.46,382.40,135.44,536.92,1,-1,-1,-1
516,72,916.16,442.19,141.72,282.33,1,-1,-1,-1
516,74,730.49,435.55,114.04,264.89,1,-1,-1,-1
516,75,1332.42,423.94,242.86,647.19,1,-1,-1,-1
516,77,572.16,456.47,32.26,83.35,1,-1,-1,-1
516,79,539.57,461.81,29.00,74.45,1,-1,-1,-1
516,81,458.18,460.22,26.11,73.80,1,-1,-1,-1
516,82,1178.71,448.17,36.10,88.50,1,-1,-1,-1
516,83,382.61,463.69,51.42,116.19,1,-1,-1,-1
516,84,642.96,454.06,34.47,94.45,1,-1,-1,-1
516,86,837.46,472.61,53.47,78.47,1,-1,-1,-1
516,87,688.05,447.89,43.34,128.39,1,-1,-1,-1
517,63,1556.07,372.98,310.23,708.27,1,-1,-1,-1
517,68,1048.41,436.27,102.23,243.67,1,-1,-1,-1
517,69,1789.26,391.15,135.44,536.92,1,-1,-1,-1
517,72,916.50,442.08,142.27,282.10,1,-1,-1,-1
517,74,737.44,437.24,109.25,261.33,1,-1,-1,-1
517,75,1332.36,426.37,245.90,644.96,1,-1,-1,-1
517,77,572.32,457.74,32.57,82.27,1,-1,-1,-1
517,79,539.98,461.98,29.07,74.77,1,-1,-1,-1
517,81,458.93,460.27,25.89,73.87,1,-1,-1,-1
517,82,1179.17,447.89,35.54,87.10,1,-1,-1,-1
517,83,382.79,463.76,51.20,115.99,1,-1,-1,-1
517,84,644.10,453.91,33.65,95.95,1,-1,-1,-1
517,86,836.61,473.13,53.56,76.39,1,-1,-1,-1
517,87,688.94,448.24,40.93,125.95,1,-1,-1,-1
518,63,1559.17,374.15,300.76,705.63,1,-1,-1,-1
518,68,1047.33,440.75,102.98,240.33,1,-1,-1,-1
518,69,1790.06,399.90,135.44,536.92,1,-1,-1,-1
518,72,918.13,440.79,141.52,286.79,1,-1,-1,-1
518,74,741.45,434.67,107.40,262.50,1,-1,-1,-1
518,75,1325.89,436.85,251.01,622.87,1,-1,-1,-1
518,77,572.75,458.17,32.80,82.15,1,-1,-1,-1
518,79,540.40,462.38,29.09,74.86,1,-1,-1,-1
518,81,457.53,460.43,26.39,74.38,1,-1,-1,-1
518,82,1179.18,447.68,35.93,87.38,1,-1,-1,-1
518,83,382.90,463.73,51.13,115.93,1,-1,-1,-1
518,84,645.01,453.41,33.34,97.60,1,-1,-1,-1
518,86,835.37,472.50,53.03,78.36,1,-1,-1,-1
518,87,688.25,450.07,40.28,122.76,1,-1,-1,-1
519,63,1560.10,374.14,305.20,707.43,1,-1,-1,-1
519,68,1049.61,442.78,101.38,238.00,1,-1,-1,-1
519,72,923.81,440.04,138.15,287.71,1,-1,-1,-1
519,74,747.84,433.80,99.91,263.13,1,-1,-1,-1
519,75,1322.73,432.17,258.42,618.48,1,-1,-1,-1
519,77,572.46,458.97,32.80,81.48,1,-1,-1,-1
519,79,540.58,462.74,28.96,74.19,1,-1,-1,-1
519,81,455.85,460.32,26.68,75.23,1,-1,-1,-1
519,82,1178.90,448.04,36.33,88.09,1,-1,-1,-1
519,83,382.93,463.88,50.83,115.70,1,-1,-1,-1
519,84,646.91,453.35,32.12,97.25,1,-1,-1,-1
519,86,835.36,472.33,52.80,79.02,1,-1,-1,-1
519,87,687.80,451.95,39.87,122.72,1,-1,-1,-1
520,63,1566.44,374.68,303.17,705.94,1,-1,-1,-1
520,68,1051.24,441.63,102.03,235.83,1,-1,-1,-1
520,72,927.92,442.03,138.95,285.74,1,-1,-1,-1
520,74,751.53,434.42,96.96,262.13,1,-1,-1,-1
520,75,1329.67,430.05,258.97,621.99,1,-1,-1,-1
520,77,572.11,459.18,33.50,81.43,1,-1,-1,-1
520,79,540.46,462.85,29.55,74.27,1,-1,-1,-1
520,81,450.92,462.13,28.58,77.31,1,-1,-1,-1
520,82,1179.40,449.00,35.26,86.63,1,-1,-1,-1
520,83,382.50,463.11,50.60,116.05,1,-1,-1,-1
520,84,647.45,452.69,30.43,98.89,1,-1,-1,-1
520,86,835.50,472.39,53.29,76.56,1,-1,-1,-1
520,87,685.81,451.92,40.38,122.71,1,-1,-1,-1
520,88,725.10,449.60,30.00,91.20,1,-1,-1,-1
521,63,1567.95,375.83,304.52,705.49,1,-1,-1,-1
521,68,1050.78,441.87,102.22,235.60,1,-1,-1,-1
521,72,938.45,443.76,127.86,283.54,1,-1,-1,-1
521,74,757.58,433.18,93.91,262.67,1,-1,-1,-1
521,75,1335.36,424.38,257.17,638.24,1,-1,-1,-1
521,77,572.11,458.96,33.29,81.41,1,-1,-1,-1
521,79,541.63,463.33,29.44,73.94,1,-1,-1,-1
521,81,446.52,463.79,30.06,78.49,1,-1,-1,-1
521,82,1179.94,449.20,34.80,86.26,1,-1,-1,-1
521,83,382.25,462.23,50.11,116.57,1,-1,-1,-1
521,84,647.33,452.83,32.02,98.55,1,-1,-1,-1
521,86,835.42,472.32,55.12,77.29,1,-1,-1,-1
521,87,683.22,451.09,40.53,123.40,1,-1,-1,-1
521,88,723.56,448.76,29.65,89.87,1,-1,-1,-1
521,89,884.00,417.00,87.80,282.90,1,-1,-1,-1
522,63,1572.53,377.00,307.24,704.10,1,-1,-1,-1
522,68,1051.42,441.62,104.38,234.62,1,-1,-1,-1
522,72,949.67,446.43,117.25,280.78,1,-1,-1,-1
522,74,766.55,432.10,87.81,263.11,1,-1,-1,-1
522,75,1340.32,424.45,255.72,642.69,1,-1,-1,-1
522,77,571.85,458.96,32.95,81.33,1,-1,-1,-1
522,79,542.46,463.59,29.06,73.63,1,-1,-1,-1
522,81,447.10,462.81,30.16,78.57,1,-1,-1,-1
522,82,1179.79,448.90,35.36,86.43,1,-1,-1,-1
522,83,381.98,462.33,50.10,116.31,1,-1,-1,-1
522,84,648.48,452.69,30.61,99.21,1,-1,-1,-1
522,86,836.69,474.15,57.70,84.93,1,-1,-1,-1
522,87,681.79,451.46,40.79,123.54,1,-1,-1,-1
522,88,720.89,448.91,29.69,89.89,1,-1,-1,-1
522,89,882.11,411.82,91.51,292.98,1,-1,-1,-1
523,63,1575.95,379.16,308.68,702.14,1,-1,-1,-1
523,68,1055.26,441.04,105.44,235.94,1,-1,-1,-1
523,72,958.07,447.60,111.54,281.56,1,-1,-1,-1
523,74,775.55,432.92,82.69,262.61,1,-1,-1,-1
523,75,1354.82,425.26,245.00,645.71,1,-1,-1,-1
523,77,572.35,458.72,33.47,82.22,1,-1,-1,-1
523,79,543.37,463.26,28.46,73.96,1,-1,-1,-1
523,81,441.26,463.81,32.36,84.33,1,-1,-1,-1
523,82,1179.87,448.07,35.53,88.30,1,-1,-1,-1
523,83,381.91,462.24,49.40,116.30,1,-1,-1,-1
523,84,649.53,453.52,29.27,96.54,1,-1,-1,-1
523,86,838.98,475.41,55.32,91.70,1,-1,-1,-1
523,87,679.66,451.11,42.83,124.07,1,-1,-1,-1
523,88,722.26,449.51,31.31,90.18,1,-1,-1,-1
523,89,881.32,409.58,96.19,294.53,1,-1,-1,-1
523,90,414.60,469.80,44.50,102.60,1,-1,-1,-1
524,63,1576.86,380.57,313.94,700.85,1,-1,-1,-1
524,68,1060.33,439.46,104.22,238.78,1,-1,-1,-1
524,72,967.61,445.47,105.98,280.05,1,-1,-1,-1
524,74,782.66,432.54,79.69,263.93,1,-1,-1,-1
524,75,1365.13,428.10,239.61,637.02,1,-1,-1,-1
524,77,572.77,457.94,33.63,83.96,1,-1,-1,-1
524,79,544.13,462.53,28.28,74.83,1,-1,-1,-1
524,81,453.20,463.87,28.96,74.09,1,-1,-1,-1
524,82,1180.47,447.76,35.51,87.67,1,-1,-1,-1
524,83,381.54,461.65,49.75,116.93,1,-1,-1,-1
524,84,648.68,453.48,31.18,94.83,1,-1,-1,-1
524,86,838.63,477.21,55.32,91.70,1,-1,-1,-1
524,87,677.38,450.01,44.77,123.95,1,-1,-1,-1
524,88,721.75,447.61,32.28,92.78,1,-1,-1,-1
524,89,888.07,407.19,94.10,300.04,1,-1,-1,-1
524,90,415.79,469.31,44.50,102.25,1,-1,-1,-1
525,63,1583.63,376.47,311.88,704.81,1,-1,-1,-1
525,68,1066.13,437.83,99.24,240.96,1,-1,-1,-1
525,72,973.74,443.21,105.43,279.17,1,-1,-1,-1
525,74,786.31,433.87,82.64,260.90,1,-1,-1,-1
525,75,1385.00,426.49,223.57,636.94,1,-1,-1,-1
525,77,572.69,457.97,33.61,83.99,1,-1,-1,-1
525,79,542.94,462.01,28.99,75.65,1,-1,-1,-1
525,81,463.85,458.45,28.57,71.79,1,-1,-1,-1
525,82,1181.39,446.88,36.06,86.43,1,-1,-1,-1
525,83,381.86,461.75,49.58,116.42,1,-1,-1,-1
525,84,648.34,454.47,31.05,93.69,1,-1,-1,-1
525,86,838.28,479.01,55.32,91.70,1,-1,-1,-1
525,87,676.39,449.76,45.21,123.15,1,-1,-1,-1
525,88,718.41,448.27,32.08,92.09,1,-1,-1,-1
525,89,894.45,411.34,91.09,297.56,1,-1,-1,-1
525,90,416.87,468.18,45.20,102.91,1,-1,-1,-1
526,63,1582.72,370.45,330.93,709.70,1,-1,-1,-1
526,68,1067.79,438.67,101.59,239.73,1,-1,-1,-1
526,72,979.56,442.06,105.55,280.87,1,-1,-1,-1
526,74,791.40,433.64,85.62,263.07,1,-1,-1,-1
526,75,1396.07,422.43,218.90,638.66,1,-1,-1,-1
526,77,573.02,456.78,33.53,85.12,1,-1,-1,-1
526,79,542.22,461.37,29.21,76.38,1,-1,-1,-1
526,81,460.96,460.12,28.45,70.96,1,-1,-1,-1
526,82,1179.83,446.66,36.79,89.42,1,-1,-1,-1
526,83,381.95,461.61,49.52,116.62,1,-1,-1,-1
526,84,649.76,454.80,31.30,92.09,1,-1,-1,-1
526,86,837.93,480.81,55.32,91.70,1,-1,-1,-1
526,87,675.66,451.02,45.20,121.64,1,-1,-1,-1
526,88,718.75,448.71,32.24,92.10,1,-1,-1,-1
526,89,896.07,408.94,89.77,302.84,1,-1,-1,-1
526,90,416.85,467.78,45.48,103.67,1,-1,-1,-1
527,63,1594.62,375.22,327.34,704.73,1,-1,-1,-1
527,68,1071.01,437.75,104.33,239.22,1,-1,-1,-1
527,72,985.86,443.16,102.23,279.28,1,-1,-1,-1
527,74,794.90,435.29,91.56,260.15,1,-1,-1,-1
527,75,1406.07,419.33,210.22,647.09,1,-1,-1,-1
527,77,573.32,456.00,33.72,85.52,1,-1,-1,-1
527,79,542.86,461.12,29.34,76.47,1,-1,-1,-1
527,81,460.37,460.46,28.49,70.85,1,-1,-1,-1
527,82,1178.43,447.23,36.38,88.92,1,-1,-1,-1
527,83,381.88,461.59,49.51,116.60,1,-1,-1,-1
527,84,651.94,453.11,31.79,94.13,1,-1,-1,-1
527,87,673.50,452.50,46.11,119.02,1,-1,-1,-1
527,88,718.04,448.78,33.89,93.15,1,-1,-1,-1
527,89,899.79,406.83,86.22,308.69,1,-1,-1,-1
527,90,416.52,467.75,45.84,103.76,1,-1,-1,-1
528,63,1596.07,372.04,327.66,710.03,1,-1,-1,-1
528,68,1073.78,434.91,105.71,241.94,1,-1,-1,-1
528,72,990.07,437.68,101.65,286.43,1,-1,-1,-1
528,74,797.03,435.25,99.43,259.14,1,-1,-1,-1
528,75,1419.80,415.97,207.83,656.83,1,-1,-1,-1
528,77,573.62,455.85,34.27,85.58,1,-1,-1,-1
528,79,545.56,461.67,27.98,75.93,1,-1,-1,-1
528,81,457.07,462.57,30.04,72.21,1,-1,-1,-1
528,82,1178.36,446.28,36.39,88.69,1,-1,-1,-1
528,83,381.90,462.56,50.06,115.97,1,-1,-1,-1
528,84,649.63,454.57,30.82,92.29,1,-1,-1,-1
528,87,672.63,452.76,44.63,118.94,1,-1,-1,-1
528,88,717.71,449.37,33.76,92.90,1,-1,-1,-1
528,89,903.96,407.22,82.15,304.78,1,-1,-1,-1
528,90,416.61,467.80,46.02,102.74,1,-1,-1,-1
529,63,1607.90,366.71,313.62,713.16,1,-1,-1,-1
529,68,1083.30,438.13,96.81,232.95,1,-1,-1,-1
529,72,996.20,438.08,102.03,287.46,1,-1,-1,-1
529,74,797.99,432.55,107.18,263.38,1,-1,-1,-1
529,75,1434.64,420.02,198.15,642.25,1,-1,-1,-1
529,77,574.22,455.64,34.36,85.80,1,-1,-1,-1
529,79,545.65,461.85,28.06,75.84,1,-1,-1,-1
529,81,457.17,463.33,29.24,71.36,1,-1,-1,-1
529,82,1178.34,447.53,36.33,89.26,1,-1,-1,-1
529,83,382.44,463.50,49.67,115.15,1,-1,-1,-1
529,84,651.41,455.53,34.10,99.58,1,-1,-1,-1
529,87,671.78,454.24,43.77,117.72,1,-1,-1,-1
529,88,717.77,451.48,32.74,90.80,1,-1,-1,-1
529,89,907.58,405.05,81.76,305.35,1,-1,-1,-1
529,90,416.40,467.63,45.59,103.13,1,-1,-1,-1
530,63,1622.97,350.69,301.22,729.64,1,-1,-1,-1
530,68,1088.72,432.40,97.64,238.38,1,-1,-1,-1
530,72,998.99,437.77,106.42,290.50,1,-1,-1,-1
530,74,799.22,433.36,114.61,263.81,1,-1,-1,-1
530,75,1439.01,419.40,197.06,652.50,1,-1,-1,-1
530,77,574.02,454.93,34.53,86.85,1,-1,-1,-1
530,79,544.58,461.45,28.51,76.37,1,-1,-1,-1
530,81,460.39,461.73,28.09,69.01,1,-1,-1,-1
530,82,1179.17,449.11,35.82,88.38,1,-1,-1,-1
530,83,382.19,463.31,49.20,115.33,1,-1,-1,-1
530,84,660.66,461.63,34.10,99.58,1,-1,-1,-1
530,87,669.52,454.22,42.53,117.36,1,-1,-1,-1
530,88,715.75,451.47,32.99,92.76,1,-1,-1,-1
530,89,911.28,403.10,82.63,307.49,1,-1,-1,-1
530,90,415.54,468.01,45.46,103.04,1,-1,-1,-1
531,63,1637.84,355.49,285.87,721.98,1,-1,-1,-1
531,68,1089.22,435.35,98.87,235.94,1,-1,-1,-1
531,72,1000.78,439.71,111.52,287.35,1,-1,-1,-1
531,74,798.91,432.64,123.00,261.77,1,-1,-1,-1
531,75,1444.83,420.73,194.85,660.13,1,-1,-1,-1
531,77,573.47,455.63,33.74,85.49,1,-1,-1,-1
531,79,543.84,461.45,28.92,76.32,1,-1,-1,-1
531,81,463.26,461.80,26.56,66.20,1,-1,-1,-1
531,82,1180.58,446.87,35.88,90.21,1,-1,-1,-1
531,83,381.69,463.44,49.76,115.10,1,-1,-1,-1
531,84,690.83,456.58,30.25,102.67,1,-1,-1,-1
531,87,667.65,453.24,41.74,117.32,1,-1,-1,-1
531,88,715.18,451.60,33.07,92.58,1,-1,-1,-1
531,89,912.23,406.87,86.25,304.21,1,-1,-1,-1
531,90,414.46,468.23,45.84,103.01,1,-1,-1,-1
532,63,1653.39,374.16,270.91,708.48,1,-1,-1,-1
532,68,1090.85,436.54,94.48,238.99,1,-1,-1,-1
532,72,1002.07,442.18,118.57,284.93,1,-1,-1,-1
532,74,801.76,430.34,122.86,265.57,1,-1,-1,-1
532,75,1448.49,419.14,201.46,661.93,1,-1,-1,-1
532,77,573.29,455.63,34.13,85.78,1,-1,-1,-1
532,79,543.06,461.64,29.33,76.66,1,-1,-1,-1
532,81,462.93,462.26,26.73,65.85,1,-1,-1,-1
532,82,1180.43,446.24,35.82,90.62,1,-1,-1,-1
532,83,381.79,463.30,49.72,115.10,1,-1,-1,-1
532,84,711.81,454.95,30.25,102.67,1,-1,-1,-1
532,87,666.27,451.72,42.20,119.27,1,-1,-1,-1
532,88,715.35,452.34,33.51,91.54,1,-1,-1,-1
532,89,915.28,411.93,88.03,302.73,1,-1,-1,-1
532,90,414.22,468.37,45.74,102.93,1,-1,-1,-1
533,63,1661.64,377.29,262.57,706.61,1,-1,-1,-1
533,68,1092.88,435.59,94.14,237.67,1,-1,-1,-1
533,72,1003.29,441.79,120.27,282.88,1,-1,-1,-1
533,74,804.91,433.81,120.86,261.81,1,-1,-1,-1
533,75,1451.06,418.87,209.33,662.26,1,-1,-1,-1
533,77,574.12,455.09,34.32,86.21,1,-1,-1,-1
533,79,543.51,462.03,29.38,76.90,1,-1,-1,-1
533,81,461.84,462.52,26.64,66.03,1,-1,-1,-1
533,82,1178.63,447.43,35.88,88.16,1,-1,-1,-1
533,83,381.37,462.74,49.99,115.59,1,-1,-1,-1
533,84,732.78,453.33,30.25,102.67,1,-1,-1,-1
533,87,665.04,450.50,42.06,120.90,1,-1,-1,-1
533,88,716.13,452.78,33.15,93.40,1,-1,-1,-1
533,89,918.78,412.73,89.83,302.29,1,-1,-1,-1
533,90,414.57,468.45,45.36,102.91,1,-1,-1,-1
534,63,1676.65,369.69,246.14,711.71,1,-1,-1,-1
534,68,1095.64,435.24,91.38,235.80,1,-1,-1,-1
534,72,1008.14,440.88,119.87,284.50,1,-1,-1,-1
534,74,804.22,436.37,124.60,256.76,1,-1,-1,-1
534,75,1454.64,424.95,213.16,655.57,1,-1,-1,-1
534,77,574.86,454.64,35.22,86.41,1,-1,-1,-1
534,79,543.78,461.71,29.81,77.11,1,-1,-1,-1
534,81,460.56,462.17,27.52,67.97,1,-1,-1,-1
534,82,1177.18,445.44,36.66,88.33,1,-1,-1,-1
534,83,381.26,462.71,50.35,115.88,1,-1,-1,-1
534,84,753.76,451.70,30.25,102.67,1,-1,-1,-1
534,87,664.37,450.82,41.46,119.85,1,-1,-1,-1
534,88,717.62,453.39,32.42,93.61,1,-1,-1,-1
534,89,920.91,414.80,95.62,299.64,1,-1,-1,-1
534,90,414.93,467.98,45.81,103.04,1,-1,-1,-1
535,63,1692.83,367.36,231.69,712.54,1,-1,-1,-1
535,68,1098.32,437.20,87.48,237.48,1,-1,-1,-1
535,72,1014.53,445.24,116.46,277.36,1,-1,-1,-1
535,74,805.99,430.76,123.55,263.37,1,-1,-1,-1
535,75,1459.01,423.54,214.03,658.53,1,-1,-1,-1
535,77,575.14,454.96,35.76,85.91,1,-1,-1,-1
535,79,544.51,461.76,29.03,76.47,1,-1,-1,-1
535,81,459.19,462.02,28.28,69.95,1,-1,-1,-1
535,82,1174.10,443.15,39.00,95.24,1,-1,-1,-1
535,83,381.35,462.79,50.52,115.82,1,-1,-1,-1
535,87,662.83,450.60,41.91,119.88,1,-1,-1,-1
535,88,717.68,452.86,31.84,93.88,1,-1,-1,-1
535,89,919.46,412.34,101.91,300.80,1,-1,-1,-1
535,90,414.87,467.23,46.29,103.50,1,-1,-1,-1
536,63,1705.77,369.71,218.33,711.11,1,-1,-1,-1
536,68,1100.94,443.49,87.00,232.87,1,-1,-1,-1
536,72,1015.50,444.92,117.68,278.09,1,-1,-1,-1
536,74,807.17,434.72,124.21,257.51,1,-1,-1,-1
536,75,1461.01,420.31,220.03,660.19,1,-1,-1,-1
536,77,574.97,454.98,36.00,85.76,1,-1,-1,-1
536,79,544.33,461.40,28.66,76.84,1,-1,-1,-1
536,81,457.53,462.19,28.99,71.39,1,-1,-1,-1
536,82,1173.14,448.32,38.30,89.12,1,-1,-1,-1
536,83,381.05,462.81,50.09,115.39,1,-1,-1,-1
536,87,661.50,450.25,42.25,119.69,1,-1,-1,-1
536,88,716.88,452.10,32.02,94.17,1,-1,-1,-1
536,89,917.56,408.08,110.16,305.35,1,-1,-1,-1
536,90,414.72,467.50,46.58,103.64,1,-1,-1,-1
537,63,1724.11,380.98,199.76,700.32,1,-1,-1,-1
537,68,1103.85,444.31,85.74,229.74,1,-1,-1,-1
537,72,1019.37,444.84,115.52,278.24,1,-1,-1,-1
537,74,808.75,433.83,122.66,259.18,1,-1,-1,-1
537,75,1462.54,419.72,223.51,660.97,1,-1,-1,-1
537,77,575.00,453.99,35.44,86.77,1,-1,-1,-1
537,79,544.24,460.58,28.13,77.51,1,-1,-1,-1
537,81,457.43,462.21,28.86,71.05,1,-1,-1,-1
537,82,1173.58,449.70,38.93,85.12,1,-1,-1,-1
537,83,380.79,462.91,50.24,115.26,1,-1,-1,-1
537,87,660.69,449.84,42.08,119.21,1,-1,-1,-1
537,88,716.29,450.83,32.78,94.68,1,-1,-1,-1
537,89,922.99,410.67,115.65,301.12,1,-1,-1,-1
537,90,414.68,467.79,46.59,103.68,1,-1,-1,-1
538,63,1734.08,372.64,190.90,710.67,1,-1,-1,-1
538,68,1101.33,443.61,87.11,231.04,1,-1,-1,-1
538,72,1023.64,445.54,114.95,276.11,1,-1,-1,-1
538,74,809.03,429.61,125.77,261.50,1,-1,-1,-1
538,75,1459.40,414.26,233.37,666.59,1,-1,-1,-1
538,77,574.30,454.35,35.83,86.65,1,-1,-1,-1
538,79,544.80,460.26,28.81,78.34,1,-1,-1,-1
538,81,456.73,461.78,29.66,72.06,1,-1,-1,-1
538,82,1172.47,450.67,41.92,84.96,1,-1,-1,-1
538,83,381.10,463.00,50.42,115.71,1,-1,-1,-1
538,87,658.90,450.26,42.51,118.85,1,-1,-1,-1
538,88,716.14,450.26,33.07,94.41,1,-1,-1,-1
538,89,922.24,413.18,124.29,301.59,1,-1,-1,-1
538,90,414.80,467.87,46.46,103.27,1,-1,-1,-1
539,63,1747.96,370.75,174.94,708.03,1,-1,-1,-1
539,68,1099.51,448.26,84.09,227.79,1,-1,-1,-1
539,72,1027.80,443.59,111.69,278.97,1,-1,-1,-1
539,74,811.75,431.67,125.65,255.62,1,-1,-1,-1
539,75,1459.12,411.59,236.05,668.21,1,-1,-1,-1
539,77,574.07,454.53,35.67,87.39,1,-1,-1,-1
539,79,544.85,460.46,29.01,78.24,1,-1,-1,-1
539,81,456.99,462.33,29.34,71.25,1,-1,-1,-1
539,82,1171.38,449.13,42.89,91.85,1,-1,-1,-1
539,83,381.16,462.97,49.92,115.49,1,-1,-1,-1
539,87,657.67,450.97,42.29,118.96,1,-1,-1,-1
539,88,715.74,450.00,33.79,94.68,1,-1,-1,-1
539,89,922.17,415.75,131.44,299.22,1,-1,-1,-1
539,90,414.92,468.28,46.00,102.94,1,-1,-1,-1
540,63,1754.48,376.15,169.94,705.42,1,-1,-1,-1
540,68,1104.04,451.13,79.69,224.93,1,-1,-1,-1
540,72,1031.61,440.09,111.21,283.19,1,-1,-1,-1
540,74,815.94,427.17,119.53,260.72,1,-1,-1,-1
540,75,1462.14,406.71,236.86,673.94,1,-1,-1,-1
540,77,574.42,454.55,37.09,87.12,1,-1,-1,-1
540,79,544.01,460.02,29.98,78.56,1,-1,-1,-1
540,81,458.06,462.59,29.10,69.39,1,-1,-1,-1
540,82,1169.80,450.02,44.86,93.56,1,-1,-1,-1
540,83,381.42,462.99,49.69,115.43,1,-1,-1,-1
540,87,656.71,451.55,42.02,118.85,1,-1,-1,-1
540,88,714.80,450.47,34.15,93.93,1,-1,-1,-1
540,89,925.36,409.56,129.59,303.69,1,-1,-1,-1
540,90,414.97,468.22,44.88,103.19,1,-1,-1,-1
541,63,1759.93,373.84,162.14,707.72,1,-1,-1,-1
541,68,1103.26,447.32,80.54,234.43,1,-1,-1,-1
541,72,1033.36,441.27,113.09,282.92,1,-1,-1,-1
541,74,816.80,431.15,117.97,254.61,1,-1,-1,-1
541,75,1466.38,408.73,238.22,668.94,1,-1,-1,-1
541,77,575.25,454.33,37.66,87.31,1,-1,-1,-1
541,79,543.77,459.58,30.14,78.94,1,-1,-1,-1
541,81,459.27,462.24,28.75,68.56,1,-1,-1,-1
541,82,1171.71,447.68,45.45,99.54,1,-1,-1,-1
541,83,381.78,463.12,49.77,115.83,1,-1,-1,-1
541,87,655.88,452.22,41.17,117.55,1,-1,-1,-1
541,88,713.97,450.77,35.09,94.89,1,-1,-1,-1
541,89,920.04,411.55,132.82,299.78,1,-1,-1,-1
541,90,415.39,468.06,44.75,102.92,1,-1,-1,-1
542,63,1764.43,371.64,162.14,707.72,1,-1,-1,-1
542,68,1106.92,447.47,74.98,233.71,1,-1,-1,-1
542,72,1036.62,439.90,112.68,284.52,1,-1,-1,-1
542,74,822.22,430.97,113.02,258.94,1,-1,-1,-1
542,75,1476.24,406.38,236.94,669.33,1,-1,-1,-1
542,77,574.89,454.66,38.53,87.09,1,-1,-1,-1
542,79,544.44,460.02,30.18,78.42,1,-1,-1,-1
542,81,461.56,461.28,28.30,67.40,1,-1,-1,-1
542,82,1173.32,445.53,47.44,103.92,1,-1,-1,-1
542,83,381.89,463.21,49.51,115.32,1,-1,-1,-1
542,87,655.34,452.64,40.28,116.47,1,-1,-1,-1
542,88,713.74,450.62,35.94,96.16,1,-1,-1,-1
542,89,918.64,414.35,134.77,299.51,1,-1,-1,-1
542,90,415.80,468.11,44.72,103.05,1,-1,-1,-1
542,91,797.00,477.70,54.20,61.20,1,-1,-1,-1
543,63,1768.93,369.44,162.14,707.72,1,-1,-1,-1
543,68,1115.93,449.22,71.14,225.93,1,-1,-1,-1
543,72,1039.40,440.02,111.22,284.36,1,-1,-1,-1
543,74,828.74,432.30,108.95,256.04,1,-1,-1,-1
543,75,1489.25,399.01,230.40,678.83,1,-1,-1,-1
543,77,574.82,454.99,39.00,86.82,1,-1,-1,-1
543,79,545.64,460.25,30.68,79.18,1,-1,-1,-1
543,81,462.52,461.53,28.44,67.54,1,-1,-1,-1
543,82,1174.86,443.08,49.58,109.58,1,-1,-1,-1
543,83,381.83,462.99,49.64,115.59,1,-1,-1,-1
543,87,654.89,452.57,40.01,117.19,1,-1,-1,-1
543,88,713.22,450.51,35.91,96.12,1,-1,-1,-1
543,89,921.96,411.85,132.90,299.29,1,-1,-1,-1
543,90,415.87,467.97,44.56,102.94,1,-1,-1,-1
543,91,795.46,477.42,58.40,60.43,1,-1,-1,-1
544,63,1773.43,367.24,162.14,707.72,1,-1,-1,-1
544,68,1119.08,447.99,72.16,225.42,1,-1,-1,-1
544,72,1047.02,442.02,103.58,282.22,1,-1,-1,-1
544,74,836.13,433.32,105.27,253.21,1,-1,-1,-1
544,75,1497.11,403.47,225.57,675.45,1,-1,-1,-1
544,77,576.49,455.15,38.72,85.76,1,-1,-1,-1
544,79,546.35,459.96,31.05,79.82,1,-1,-1,-1
544,81,461.79,462.89,28.69,67.79,1,-1,-1,-1
544,82,1175.31,442.21,52.39,111.83,1,-1,-1,-1
544,83,381.75,463.24,49.54,115.11,1,-1,-1,-1
544,87,654.61,452.00,39.86,117.97,1,-1,-1,-1
544,88,713.53,450.60,35.62,95.13,1,-1,-1,-1
544,89,927.34,408.22,127.72,299.09,1,-1,-1,-1
544,90,415.71,467.91,44.52,102.98,1,-1,-1,-1
544,91,794.96,477.26,59.38,58.31,1,-1,-1,-1
545,68,1118.86,444.62,68.83,231.43,1,-1,-1,-1
545,72,1056.97,441.30,97.85,281.09,1,-1,-1,-1
545,74,844.58,433.57,103.40,251.52,1,-1,-1,-1
545,75,1509.02,407.12,216.91,670.30,1,-1,-1,-1
545,77,578.04,455.04,37.73,85.51,1,-1,-1,-1
545,79,546.40,460.25,30.66,79.25,1,-1,-1,-1
545,81,459.43,463.19,29.68,69.76,1,-1,-1,-1
545,82,1176.73,441.93,52.68,111.04,1,-1,-1,-1
545,83,381.45,463.60,49.65,114.54,1,-1,-1,-1
545,87,654.33,451.78,39.54,117.15,1,-1,-1,-1
545,88,714.38,450.14,36.03,95.95,1,-1,-1,-1
545,89,930.28,410.67,124.49,295.81,1,-1,-1,-1
545,90,415.33,468.15,44.72,103.41,1,-1,-1,-1
545,91,795.23,477.39,60.09,57.67,1,-1,-1,-1
546,68,1116.56,444.42,68.83,231.43,1,-1,-1,-1
546,72,1065.42,443.23,94.39,277.46,1,-1,-1,-1
546,74,856.20,438.87,94.51,245.07,1,-1,-1,-1
546,75,1521.91,405.69,212.00,664.63,1,-1,-1,-1
546,77,578.94,455.24,37.64,85.57,1,-1,-1,-1
546,79,546.05,460.04,30.48,79.35,1,-1,-1,-1
546,81,457.49,463.21,30.39,70.91,1,-1,-1,-1
546,82,1179.62,442.94,51.71,108.42,1,-1,-1,-1
546,83,381.42,463.66,49.69,114.44,1,-1,-1,-1
546,87,653.95,452.71,39.37,115.37,1,-1,-1,-1
546,88,716.02,450.16,35.66,97.31,1,-1,-1,-1
546,89,934.13,414.19,120.72,294.75,1,-1,-1,-1
546,90,415.34,468.41,44.98,102.98,1,-1,-1,-1
546,91,796.15,477.28,60.10,58.81,1,-1,-1,-1
547,68,1114.26,444.22,68.83,231.43,1,-1,-1,-1
547,72,1074.83,442.72,93.35,279.52,1,-1,-1,-1
547,74,868.12,439.06,85.96,245.65,1,-1,-1,-1
547,75,1532.68,405.58,210.53,660.20,1,-1,-1,-1
547,77,579.62,455.13,37.96,86.01,1,-1,-1,-1
547,79,545.86,460.35,30.07,78.55,1,-1,-1,-1
547,81,455.90,463.27,31.31,72.30,1,-1,-1,-1
547,82,1181.42,442.53,51.07,108.55,1,-1,-1,-1
547,83,381.02,463.85,50.05,113.85,1,-1,-1,-1
547,87,653.71,452.72,38.90,115.67,1,-1,-1,-1
547,88,716.36,450.37,35.55,97.65,1,-1,-1,-1
547,89,938.35,410.75,114.68,299.20,1,-1,-1,-1
547,90,415.32,468.30,45.49,103.21,1,-1,-1,-1
547,91,794.90,476.43,60.10,59.78,1,-1,-1,-1
547,92,835.80,470.90,52.80,78.60,1,-1,-1,-1
548,68,1111.96,444.02,68.83,231.43,1,-1,-1,-1
548,72,1081.32,440.40,92.61,281.82,1,-1,-1,-1
548,74,877.41,437.05,79.41,248.07,1,-1,-1,-1
548,75,1543.11,405.56,205.75,670.98,1,-1,-1,-1
548,77,579.58,455.46,37.99,85.44,1,-1,-1,-1
548,79,546.00,460.69,30.09,78.51,1,-1,-1,-1
548,81,455.97,463.38,31.23,72.30,1,-1,-1,-1
548,82,1184.64,440.55,48.71,108.44,1,-1,-1,-1
548,83,381.01,463.75,49.59,114.10,1,-1,-1,-1
548,87,653.27,453.03,38.76,115.55,1,-1,-1,-1
548,88,715.51,450.30,36.07,96.57,1,-1,-1,-1
548,89,942.51,412.83,110.78,298.36,1,-1,-1,-1
548,90,415.12,468.14,45.43,103.41,1,-1,-1,-1
548,91,793.79,476.07,59.54,60.08,1,-1,-1,-1
548,92,835.10,472.09,53.71,77.27,1,-1,-1,-1
549,72,1081.77,437.90,97.15,285.37,1,-1,-1,-1
549,74,880.61,435.60,81.50,249.98,1,-1,-1,-1
549,75,1547.69,409.59,207.81,671.97,1,-1,-1,-1
549,77,579.04,455.73,38.35,85.13,1,-1,-1,-1
549,79,547.09,460.39,30.10,78.29,1,-1,-1,-1
549,81,455.94,462.38,31.42,73.21,1,-1,-1,-1
549,82,1186.75,438.94,47.86,109.46,1,-1,-1,-1
549,83,381.28,463.92,49.53,114.10,1,-1,-1,-1
549,87,652.51,453.07,38.58,114.68,1,-1,-1,-1
549,88,715.29,449.97,36.79,97.29,1,-1,-1,-1
549,89,950.09,416.91,105.19,293.98,1,-1,-1,-1
549,90,415.14,467.91,45.62,103.26,1,-1,-1,-1
549,91,793.87,476.01,58.32,60.79,1,-1,-1,-1
549,92,834.78,472.18,53.56,77.78,1,-1,-1,-1
550,72,1084.42,440.10,101.74,282.45,1,-1,-1,-1
550,74,884.14,435.49,80.38,249.71,1,-1,-1,-1
550,75,1546.14,400.77,214.87,680.88,1,-1,-1,-1
550,77,578.71,455.88,38.52,84.69,1,-1,-1,-1
550,79,547.54,460.69,29.89,78.02,1,-1,-1,-1
550,81,454.19,462.51,31.76,74.04,1,-1,-1,-1
550,82,1188.23,437.06,47.89,112.43,1,-1,-1,-1
550,83,381.37,464.19,49.30,113.82,1,-1,-1,-1
550,87,651.71,452.40,38.38,113.50,1,-1,-1,-1
550,88,715.71,450.22,37.15,98.14,1,-1,-1,-1
550,89,957.20,419.55,100.30,288.81,1,-1,-1,-1
550,90,415.67,467.97,45.61,102.80,1,-1,-1,-1
550,91,793.87,475.98,58.03,60.80,1,-1,-1,-1
550,92,835.27,471.48,53.31,79.26,1,-1,-1,-1
551,72,1086.13,440.17,107.87,282.77,1,-1,-1,-1
551,74,885.48,435.49,81.79,249.91,1,-1,-1,-1
551,75,1546.53,397.13,221.19,682.22,1,-1,-1,-1
551,77,579.24,456.06,38.44,84.84,1,-1,-1,-1
551,79,548.31,460.64,29.62,78.43,1,-1,-1,-1
551,81,452.67,462.61,32.07,75.55,1,-1,-1,-1
551,82,1190.14,437.83,45.52,111.78,1,-1,-1,-1
551,83,381.74,463.99,49.44,114.44,1,-1,-1,-1
551,87,651.07,451.39,39.10,113.92,1,-1,-1,-1
551,88,715.63,449.72,36.97,99.23,1,-1,-1,-1
551,89,966.69,414.95,93.44,294.33,1,-1,-1,-1
551,90,416.36,467.75,45.11,102.45,1,-1,-1,-1
551,91,795.41,476.02,57.31,60.59,1,-1,-1,-1
551,92,835.20,472.20,52.95,77.54,1,-1,-1,-1
552,72,1086.46,439.96,110.13,283.98,1,-1,-1,-1
552,74,889.72,435.33,82.78,250.32,1,-1,-1,-1
552,75,1553.32,395.64,226.45,685.15,1,-1,-1,-1
552,77,579.71,456.38,38.55,85.37,1,-1,-1,-1
552,79,549.31,460.41,29.75,78.69,1,-1,-1,-1
552,81,451.72,463.41,32.07,75.55,1,-1,-1,-1
552,82,1192.84,439.51,42.29,110.74,1,-1,-1,-1
552,83,381.76,463.99,49.76,114.69,1,-1,-1,-1
552,87,651.19,450.53,38.61,115.03,1,-1,-1,-1
552,88,715.12,448.94,37.55,100.47,1,-1,-1,-1
552,89,976.41,413.88,86.41,289.69,1,-1,-1,-1
552,90,416.03,467.20,45.66,103.18,1,-1,-1,-1
552,91,796.22,475.95,56.11,61.51,1,-1,-1,-1
552,92,836.12,471.95,52.01,78.35,1,-1,-1,-1
553,72,1087.62,441.60,110.25,282.03,1,-1,-1,-1
553,74,892.71,433.99,87.90,252.27,1,-1,-1,-1
553,75,1560.37,393.32,228.02,687.07,1,-1,-1,-1
553,77,580.87,456.67,38.24,85.32,1,-1,-1,-1
553,79,548.66,460.77,30.13,78.98,1,-1,-1,-1
553,81,450.77,464.21,32.07,75.55,1,-1,-1,-1
553,82,1195.40,438.10,41.32,112.81,1,-1,-1,-1
553,83,381.39,463.73,49.65,114.84,1,-1,-1,-1
553,87,651.04,451.12,38.46,115.01,1,-1,-1,-1
553,88,715.98,448.24,37.80,100.77,1,-1,-1,-1
553,89,985.38,413.68,79.75,291.87,1,-1,-1,-1
553,90,415.71,467.30,45.83,103.13,1,-1,-1,-1
553,91,795.45,476.14,56.03,61.71,1,-1,-1,-1
553,92,837.30,472.01,52.00,79.37,1,-1,-1,-1
554,72,1088.80,442.08,109.44,281.80,1,-1,-1,-1
554,74,894.14,433.78,93.43,254.18,1,-1,-1,-1
554,75,1561.80,399.38,233.05,681.21,1,-1,-1,-1
554,77,581.90,457.09,37.72,84.96,1,-1,-1,-1
554,79,548.22,461.21,29.62,78.15,1,-1,-1,-1
554,81,449.82,465.01,32.07,75.55,1,-1,-1,-1
554,82,1195.67,438.95,41.79,113.50,1,-1,-1,-1
554,83,381.42,463.63,49.54,114.88,1,-1,-1,-1
554,87,649.76,452.41,38.35,114.37,1,-1,-1,-1
554,88,716.94,447.67,38.22,101.14,1,-1,-1,-1
554,89,990.24,411.50,81.40,296.79,1,-1,-1,-1
554,90,416.12,467.41,45.18,102.69,1,-1,-1,-1
554,91,795.77,476.06,55.73,62.33,1,-1,-1,-1
554,92,837.59,472.74,51.79,79.04,1,-1,-1,-1
555,72,1090.47,441.85,109.48,282.01,1,-1,-1,-1
555,74,894.87,430.49,95.30,259.23,1,-1,-1,-1
555,75,1560.69,409.87,242.74,672.38,1,-1,-1,-1
555,77,581.50,457.13,37.50,84.43,1,-1,-1,-1
555,79,548.23,461.06,29.47,78.47,1,-1,-1,-1
555,82,1192.28,441.64,44.39,111.05,1,-1,-1,-1
555,83,381.49,463.50,49.37,115.03,1,-1,-1,-1
555,87,648.25,453.16,38.38,113.90,1,-1,-1,-1
555,88,717.20,447.45,38.28,101.60,1,-1,-1,-1
555,89,994.37,410.78,83.15,296.45,1,-1,-1,-1
555,90,415.93,466.95,45.12,103.26,1,-1,-1,-1
555,91,796.58,476.21,54.80,61.89,1,-1,-1,-1
555,92,836.59,473.68,52.57,77.75,1,-1,-1,-1
556,72,1091.78,443.48,111.18,280.11,1,-1,-1,-1
556,74,894.20,431.20,96.21,253.96,1,-1,-1,-1
556,75,1562.92,403.15,243.13,679.75,1,-1,-1,-1
556,77,580.53,456.68,37.92,84.69,1,-1,-1,-1
556,79,547.90,461.11,29.00,78.56,1,-1,-1,-1
556,82,1189.78,442.69,47.69,112.21,1,-1,-1,-1
556,83,381.26,463.23,49.25,115.08,1,-1,-1,-1
556,87,647.26,452.54,38.89,114.95,1,-1,-1,-1
556,88,717.11,447.68,38.71,101.39,1,-1,-1,-1
556,89,995.73,411.43,89.20,294.31,1,-1,-1,-1
556,90,415.86,467.00,45.25,103.36,1,-1,-1,-1
556,91,796.79,476.24,55.08,61.55,1,-1,-1,-1
556,92,836.15,474.06,53.22,76.46,1,-1,-1,-1
557,72,1092.29,445.56,111.40,279.47,1,-1,-1,-1
557,74,893.43,435.36,99.35,253.15,1,-1,-1,-1
557,75,1564.32,395.23,245.49,684.19,1,-1,-1,-1
557,77,580.03,456.69,38.47,85.05,1,-1,-1,-1
557,79,548.08,460.72,28.72,78.59,1,-1,-1,-1
557,82,1190.31,443.24,48.54,115.07,1,-1,-1,-1
557,83,381.53,463.71,49.29,114.53,1,-1,-1,-1
557,87,646.40,452.30,39.53,114.99,1,-1,-1,-1
557,88,717.39,447.67,39.19,102.24,1,-1,-1,-1
557,89,999.94,412.54,92.84,292.76,1,-1,-1,-1
557,90,415.91,467.28,45.07,102.97,1,-1,-1,-1
557,91,797.13,476.12,55.30,61.65,1,-1,-1,-1
557,92,836.47,473.73,53.70,76.63,1,-1,-1,-1
558,72,1091.88,445.56,114.20,279.56,1,-1,-1,-1
558,74,895.49,436.93,99.88,254.72,1,-1,-1,-1
558,75,1567.21,394.73,252.01,685.32,1,-1,-1,-1
558,77,579.07,456.34,39.12,85.99,1,-1,-1,-1
558,79,547.99,460.52,28.92,78.67,1,-1,-1,-1
558,82,1192.70,444.49,49.21,114.32,1,-1,-1,-1
558,83,381.98,464.03,48.81,114.23,1,-1,-1,-1
558,87,645.57,452.37,39.16,114.44,1,-1,-1,-1
558,88,717.46,448.18,39.34,101.86,1,-1,-1,-1
558,89,1002.37,413.12,97.15,292.37,1,-1,-1,-1
558,90,415.66,466.85,44.95,103.20,1,-1,-1,-1
558,91,797.23,476.03,55.58,61.48,1,-1,-1,-1
558,92,836.30,472.91,53.84,77.45,1,-1,-1,-1
559,72,1092.02,444.30,119.31,278.54,1,-1,-1,-1
559,74,896.84,435.54,101.01,253.73,1,-1,-1,-1
559,75,1571.88,389.01,257.53,691.75,1,-1,-1,-1
559,77,578.11,456.66,39.67,85.23,1,-1,-1,-1
559,79,547.68,461.01,28.97,78.13,1,-1,-1,-1
559,82,1196.05,448.06,48.43,109.06,1,-1,-1,-1
559,83,381.78,464.05,48.80,114.00,1,-1,-1,-1
559,87,644.47,452.30,38.98,113.78,1,-1,-1,-1
559,88,717.63,448.10,39.17,101.47,1,-1,-1,-1
559,89,1002.94,413.94,104.33,290.43,1,-1,-1,-1
559,90,415.64,467.06,44.92,102.92,1,-1,-1,-1
559,91,796.97,476.06,55.73,61.49,1,-1,-1,-1
559,92,836.21,472.60,54.37,77.62,1,-1,-1,-1
560,72,1094.00,440.47,120.56,276.97,1,-1,-1,-1
560,74,899.76,432.76,96.80,252.03,1,-1,-1,-1
560,75,1572.95,385.46,263.88,694.16,1,-1,-1,-1
560,77,578.42,456.74,39.90,84.79,1,-1,-1,-1
560,79,547.72,460.92,29.69,79.51,1,-1,-1,-1
560,82,1199.51,447.17,47.85,111.19,1,-1,-1,-1
560,83,381.65,464.08,48.73,113.93,1,-1,-1,-1
560,87,643.47,452.62,38.78,113.09,1,-1,-1,-1
560,88,718.03,448.40,38.21,100.09,1,-1,-1,-1
560,89,1002.63,414.08,112.64,284.18,1,-1,-1,-1
560,90,415.68,467.26,45.11,103.33,1,-1,-1,-1
560,91,796.92,476.31,56.27,61.29,1,-1,-1,-1
560,92,836.51,472.75,54.46,76.98,1,-1,-1,-1
561,72,1099.86,439.33,117.93,277.62,1,-1,-1,-1
561,74,903.99,429.39,96.17,251.94,1,-1,-1,-1
561,75,1574.81,384.82,265.08,695.66,1,-1,-1,-1
561,77,580.42,456.67,39.13,84.38,1,-1,-1,-1
561,79,547.83,461.26,29.98,79.99,1,-1,-1,-1
561,82,1202.92,445.22,46.97,111.97,1,-1,-1,-1
561,83,381.96,463.89,48.85,114.47,1,-1,-1,-1
561,87,643.73,453.91,36.83,111.70,1,-1,-1,-1
561,88,718.36,448.69,38.41,100.38,1,-1,-1,-1
561,89,1002.41,412.30,118.77,286.99,1,-1,-1,-1
561,90,415.67,467.01,45.73,103.94,1,-1,-1,-1
561,91,797.21,476.63,56.08,61.44,1,-1,-1,-1
561,92,836.45,472.88,54.49,77.13,1,-1,-1,-1
562,72,1107.83,441.46,112.52,276.49,1,-1,-1,-1
562,74,907.28,431.57,95.84,252.47,1,-1,-1,-1
562,75,1580.10,385.34,266.64,695.34,1,-1,-1,-1
562,77,581.34,457.23,39.18,83.76,1,-1,-1,-1
562,79,548.59,461.39,29.92,79.93,1,-1,-1,-1
562,82,1210.09,443.58,45.87,110.24,1,-1,-1,-1
562,83,382.27,464.14,48.81,114.42,1,-1,-1,-1
562,87,643.88,454.66,35.62,110.51,1,-1,-1,-1
562,88,718.71,448.63,38.68,100.81,1,-1,-1,-1
562,89,1002.18,415.82,129.01,288.40,1,-1,-1,-1
562,90,416.13,467.27,45.22,103.77,1,-1,-1,-1
562,91,797.02,477.16,55.46,60.15,1,-1,-1,-1
562,92,836.90,473.41,54.15,76.76,1,-1,-1,-1
563,72,1115.39,440.46,111.04,275.45,1,-1,-1,-1
563,74,911.62,432.33,92.24,249.83,1,-1,-1,-1
563,75,1584.40,386.74,270.53,694.33,1,-1,-1,-1
563,77,581.79,457.37,39.68,83.86,1,-1,-1,-1
563,79,549.35,460.92,29.77,79.35,1,-1,-1,-1
563,82,1216.99,443.46,46.10,108.74,1,-1,-1,-1
563,83,381.90,464.19,48.52,113.64,1,-1,-1,-1
563,87,642.83,453.77,36.10,110.57,1,-1,-1,-1
563,88,718.86,448.36,39.26,101.22,1,-1,-1,-1
563,89,1004.76,417.89,131.94,287.98,1,-1,-1,-1
563,90,416.56,467.12,44.93,103.93,1,-1,-1,-1
563,91,796.93,476.91,55.14,60.54,1,-1,-1,-1
563,92,836.90,473.61,53.76,76.16,1,-1,-1,-1
564,72,1123.17,439.65,108.91,273.45,1,-1,-1,-1
564,74,917.42,428.58,90.18,253.10,1,-1,-1,-1
564,75,1587.13,396.22,275.83,685.00,1,-1,-1,-1
564,77,582.17,457.05,40.12,83.82,1,-1,-1,-1
564,79,549.44,459.98,29.65,79.80,1,-1,-1,-1
564,82,1218.76,443.60,47.22,108.99,1,-1,-1,-1
564,83,381.68,463.72,48.72,113.61,1,-1,-1,-1
564,87,642.64,451.91,37.50,112.90,1,-1,-1,-1
564,88,719.18,447.99,39.85,102.19,1,-1,-1,-1
564,89,1004.64,418.01,133.10,290.30,1,-1,-1,-1
564,90,416.78,466.30,45.26,104.19,1,-1,-1,-1
564,91,797.40,477.29,54.90,60.37,1,-1,-1,-1
564,92,836.23,473.87,53.44,76.19,1,-1,-1,-1
565,72,1132.02,438.05,102.60,276.78,1,-1,-1,-1
565,74,923.53,431.38,86.62,247.15,1,-1,-1,-1
565,75,1597.21,403.39,282.81,679.61,1,-1,-1,-1
565,77,582.15,457.01,40.24,83.18,1,-1,-1,-1
565,79,550.30,458.94,30.18,80.71,1,-1,-1,-1
565,82,1219.76,444.13,46.44,108.72,1,-1,-1,-1
565,83,381.82,463.87,49.06,113.60,1,-1,-1,-1
565,87,643.50,452.36,37.36,112.13,1,-1,-1,-1
565,88,719.45,447.83,39.95,102.13,1,-1,-1,-1
565,89,1005.98,415.99,132.05,293.10,1,-1,-1,-1
565,90,416.67,465.96,45.15,103.92,1,-1,-1,-1
565,91,797.59,477.26,54.76,60.25,1,-1,-1,-1
565,92,836.08,473.82,53.27,76.55,1,-1,-1,-1
566,72,1140.15,439.51,97.56,277.00,1,-1,-1,-1
566,74,932.09,433.98,82.83,241.30,1,-1,-1,-1
566,75,1610.34,396.32,272.51,685.83,1,-1,-1,-1
566,77,581.93,457.53,40.91,82.98,1,-1,-1,-1
566,79,551.13,458.52,30.61,81.75,1,-1,-1,-1
566,82,1218.54,442.56,47.60,111.58,1,-1,-1,-1
566,83,381.59,463.60,48.88,113.95,1,-1,-1,-1
566,87,642.48,452.08,37.95,112.67,1,-1,-1,-1
566,88,719.45,447.62,40.83,103.30,1,-1,-1,-1
566,89,1008.01,412.71,130.27,293.24,1,-1,-1,-1
566,90,416.24,465.91,44.69,105.03,1,-1,-1,-1
566,91,797.55,476.96,54.23,60.50,1,-1,-1,-1
566,92,836.25,473.13,52.94,76.79,1,-1,-1,-1
567,72,1144.45,440.59,97.73,278.54,1,-1,-1,-1
567,74,937.99,434.06,80.50,237.87,1,-1,-1,-1
567,75,1622.06,396.59,263.96,683.08,1,-1,-1,-1
567,77,581.43,458.31,41.25,82.85,1,-1,-1,-1
567,79,551.65,458.56,30.39,82.70,1,-1,-1,-1
567,82,1215.90,443.60,51.10,113.20,1,-1,-1,-1
567,83,381.91,463.36,48.40,114.41,1,-1,-1,-1
567,87,642.49,452.79,36.93,110.38,1,-1,-1,-1
567,88,719.92,448.36,40.60,102.67,1,-1,-1,-1
567,89,1009.27,414.19,130.64,289.29,1,-1,-1,-1
567,90,416.38,466.27,44.28,105.15,1,-1,-1,-1
567,91,797.58,476.82,54.07,60.57,1,-1,-1,-1
567,92,836.30,472.79,52.49,76.80,1,-1,-1,-1
568,72,1146.77,440.13,100.37,280.47,1,-1,-1,-1
568,74,944.37,431.66,75.46,239.57,1,-1,-1,-1
568,75,1638.28,405.36,252.79,676.23,1,-1,-1,-1
568,77,580.59,458.62,41.85,83.17,1,-1,-1,-1
568,79,552.23,459.09,29.91,82.84,1,-1,-1,-1
568,82,1215.25,446.75,51.10,113.20,1,-1,-1,-1
568,83,382.50,464.79,48.68,113.35,1,-1,-1,-1
568,87,641.46,452.52,38.17,111.02,1,-1,-1,-1
568,88,720.26,448.07,40.46,102.41,1,-1,-1,-1
568,89,1012.41,416.97,130.12,286.15,1,-1,-1,-1
568,90,416.76,467.26,44.22,104.20,1,-1,-1,-1
568,91,797.48,476.15,54.51,61.50,1,-1,-1,-1
568,92,836.88,472.64,52.15,76.45,1,-1,-1,-1
568,93,665.60,450.90,35.90,102.50,1,-1,-1,-1
569,72,1147.27,443.89,107.74,274.96,1,-1,-1,-1
569,74,950.75,432.36,76.54,243.79,1,-1,-1,-1
569,75,1651.87,403.11,242.51,679.36,1,-1,-1,-1
569,77,582.28,457.58,39.71,83.47,1,-1,-1,-1
569,79,552.34,459.23,30.11,83.37,1,-1,-1,-1
569,82,1214.60,449.90,51.10,113.20,1,-1,-1,-1
569,83,382.23,465.39,48.90,113.25,1,-1,-1,-1
569,87,641.46,452.61,37.56,109.33,1,-1,-1,-1
569,88,720.67,447.51,40.70,103.03,1,-1,-1,-1
569,89,1013.73,415.25,130.04,286.67,1,-1,-1,-1
569,90,417.11,467.00,44.28,105.25,1,-1,-1,-1
569,91,797.51,476.04,54.57,61.43,1,-1,-1,-1
569,92,837.09,472.03,51.83,77.04,1,-1,-1,-1
569,93,665.32,450.76,37.02,103.27,1,-1,-1,-1
570,72,1148.75,443.38,112.47,276.46,1,-1,-1,-1
570,74,955.61,433.57,77.42,246.11,1,-1,-1,-1
570,75,1656.36,408.64,245.72,671.69,1,-1,-1,-1
570,77,582.71,457.69,39.98,83.00,1,-1,-1,-1
570,79,552.21,459.40,30.03,82.83,1,-1,-1,-1
570,82,1213.95,453.05,51.10,113.20,1,-1,-1,-1
570,83,381.99,465.20,48.76,113.77,1,-1,-1,-1
570,87,640.33,452.38,36.61,108.47,1,-1,-1,-1
570,88,720.38,447.25,40.98,103.92,1,-1,-1,-1
570,89,1016.95,413.50,125.46,290.68,1,-1,-1,-1
570,90,417.52,466.78,44.01,104.73,1,-1,-1,-1
570,91,797.38,476.42,54.45,60.57,1,-1,-1,-1
570,92,836.68,471.84,52.16,77.08,1,-1,-1,-1
570,93,666.41,451.24,37.29,103.36,1,-1,-1,-1
571,72,1150.29,442.04,117.39,276.84,1,-1,-1,-1
571,74,956.44,431.47,83.85,253.94,1,-1,-1,-1
571,75,1655.69,407.31,252.08,675.34,1,-1,-1,-1
571,77,582.10,458.10,40.00,83.56,1,-1,-1,-1
571,79,551.87,459.15,30.01,82.88,1,-1,-1,-1
571,83,382.15,464.59,48.93,114.70,1,-1,-1,-1
571,87,639.75,451.95,36.60,109.40,1,-1,-1,-1
571,88,719.95,447.67,40.99,103.00,1,-1,-1,-1
571,89,1019.72,413.27,122.62,293.56,1,-1,-1,-1
571,90,416.84,466.85,43.58,104.57,1,-1,-1,-1
571,91,797.16,476.51,54.91,60.38,1,-1,-1,-1
571,92,836.37,472.07,52.54,76.68,1,-1,-1,-1
571,93,666.98,451.15,37.23,103.46,1,-1,-1,-1
572,72,1153.69,441.73,122.93,277.86,1,-1,-1,-1
572,74,958.98,432.27,87.80,252.16,1,-1,-1,-1
572,75,1661.36,400.92,247.61,679.30,1,-1,-1,-1
572,77,582.49,458.21,40.49,82.89,1,-1,-1,-1
572,79,552.07,458.73,30.56,83.17,1,-1,-1,-1
572,83,382.33,464.28,48.63,114.35,1,-1,-1,-1
572,87,639.81,452.30,36.32,108.07,1,-1,-1,-1
572,88,719.62,447.22,41.42,104.12,1,-1,-1,-1
572,89,1019.11,415.62,125.97,287.36,1,-1,-1,-1
572,90,416.23,467.08,43.32,104.66,1,-1,-1,-1
572,91,797.40,476.38,54.76,60.81,1,-1,-1,-1
572,92,836.30,472.22,52.16,76.90,1,-1,-1,-1
572,93,666.02,451.43,37.91,103.07,1,-1,-1,-1
573,72,1156.47,441.18,127.11,278.10,1,-1,-1,-1
573,74,959.73,433.20,96.48,251.42,1,-1,-1,-1
573,75,1663.39,397.21,252.22,682.94,1,-1,-1,-1
573,77,581.71,458.80,42.04,82.48,1,-1,-1,-1
573,79,552.93,459.03,30.59,83.26,1,-1,-1,-1
573,83,381.91,464.40,48.68,113.90,1,-1,-1,-1
573,87,639.38,452.50,36.52,107.39,1,-1,-1,-1
573,88,719.90,447.09,41.20,104.81,1,-1,-1,-1
573,89,1021.49,414.00,125.08,287.32,1,-1,-1,-1
573,90,416.25,467.58,42.74,104.55,1,-1,-1,-1
573,91,797.40,476.27,54.72,61.01,1,-1,-1,-1
573,92,836.40,472.25,52.96,77.53,1,-1,-1,-1
573,93,665.12,451.98,38.25,103.65,1,-1,-1,-1
574,72,1158.12,438.18,127.94,279.36,1,-1,-1,-1
574,74,961.94,433.50,103.77,249.94,1,-1,-1,-1
574,75,1665.41,390.03,255.43,690.19,1,-1,-1,-1
574,77,582.91,458.30,39.63,83.12,1,-1,-1,-1
574,79,553.26,459.51,30.95,83.22,1,-1,-1,-1
574,83,381.57,465.04,48.41,113.34,1,-1,-1,-1
574,87,639.85,453.10,34.96,106.00,1,-1,-1,-1
574,88,719.72,447.04,41.41,104.87,1,-1,-1,-1
574,89,1029.80,411.51,119.70,287.17,1,-1,-1,-1
574,90,416.68,468.23,42.36,104.02,1,-1,-1,-1
574,91,797.40,476.70,54.78,60.65,1,-1,-1,-1
574,92,836.48,472.62,53.34,77.72,1,-1,-1,-1
574,93,664.90,452.93,39.34,102.50,1,-1,-1,-1
575,72,1158.96,438.31,127.07,276.38,1,-1,-1,-1
575,74,964.02,431.64,104.35,247.11,1,-1,-1,-1
575,75,1669.25,395.13,252.54,684.32,1,-1,-1,-1
575,77,582.94,458.28,41.15,83.67,1,-1,-1,-1
575,79,553.60,458.67,31.61,84.05,1,-1,-1,-1
575,83,381.54,465.41,48.40,112.96,1,-1,-1,-1
575,87,641.01,452.50,35.20,106.56,1,-1,-1,-1
575,88,719.59,446.66,41.89,106.29,1,-1,-1,-1
575,89,1032.39,412.28,118.51,289.01,1,-1,-1,-1
575,90,417.03,468.77,42.46,103.52,1,-1,-1,-1
575,91,797.49,476.40,54.65,60.90,1,-1,-1,-1
575,92,836.51,472.30,53.17,78.13,1,-1,-1,-1
575,93,665.17,452.93,39.03,103.13,1,-1,-1,-1
576,72,1162.85,439.01,123.38,274.57,1,-1,-1,-1
576,74,963.08,430.25,106.91,247.10,1,-1,-1,-1
576,75,1668.50,391.44,253.56,690.82,1,-1,-1,-1
576,77,580.94,460.08,43.56,83.34,1,-1,-1,-1
576,79,554.36,459.67,30.69,82.89,1,-1,-1,-1
576,83,381.84,465.46,48.40,112.71,1,-1,-1,-1
576,87,639.29,452.38,36.53,107.15,1,-1,-1,-1
576,88,720.66,446.91,41.90,106.93,1,-1,-1,-1
576,89,1033.98,415.49,115.70,287.46,1,-1,-1,-1
576,90,416.85,470.02,42.07,102.60,1,-1,-1,-1
576,91,797.50,476.58,55.32,60.20,1,-1,-1,-1
576,92,836.77,472.34,52.77,77.13,1,-1,-1,-1
576,93,665.77,453.16,37.54,103.74,1,-1,-1,-1
577,72,1165.57,440.18,123.74,275.22,1,-1,-1,-1
577,74,963.04,431.24,108.93,246.26,1,-1,-1,-1
577,75,1672.44,397.27,248.48,682.33,1,-1,-1,-1
577,77,582.61,460.04,39.25,83.31,1,-1,-1,-1
577,79,553.94,461.17,31.12,82.69,1,-1,-1,-1
577,83,381.80,465.07,48.61,112.91,1,-1,-1,-1
577,87,635.46,452.54,37.77,108.16,1,-1,-1,-1
577,88,721.44,446.90,41.90,107.47,1,-1,-1,-1
577,89,1044.40,415.35,109.40,284.48,1,-1,-1,-1
577,90,416.70,470.64,41.46,101.76,1,-1,-1,-1
577,91,797.79,477.02,55.30,60.06,1,-1,-1,-1
577,92,836.50,472.22,53.21,77.81,1,-1,-1,-1
577,93,666.82,452.89,37.79,104.48,1,-1,-1,-1
578,72,1168.94,440.93,123.36,275.91,1,-1,-1,-1
578,74,963.46,436.00,110.59,239.92,1,-1,-1,-1
578,75,1670.98,400.37,251.15,682.45,1,-1,-1,-1
578,77,580.35,459.94,44.11,84.21,1,-1,-1,-1
578,79,553.63,461.56,31.18,81.37,1,-1,-1,-1
578,83,381.30,464.97,48.95,112.83,1,-1,-1,-1
578,87,636.75,451.75,35.48,108.89,1,-1,-1,-1
578,88,721.81,447.50,41.55,107.35,1,-1,-1,-1
578,89,1053.92,411.66,103.10,286.17,1,-1,-1,-1
578,90,415.82,470.59,42.19,102.07,1,-1,-1,-1
578,91,797.60,476.31,55.23,61.00,1,-1,-1,-1
578,92,836.78,472.15,53.13,78.43,1,-1,-1,-1
578,93,667.13,452.69,38.08,104.98,1,-1,-1,-1
579,72,1170.00,441.89,126.40,273.87,1,-1,-1,-1
579,74,965.55,436.90,107.52,240.12,1,-1,-1,-1
579,75,1669.04,404.30,251.40,676.68,1,-1,-1,-1
579,77,583.30,459.61,39.27,84.06,1,-1,-1,-1
579,79,553.78,461.25,31.47,81.88,1,-1,-1,-1
579,83,381.39,464.81,48.78,113.30,1,-1,-1,-1
579,87,636.12,451.31,36.89,108.27,1,-1,-1,-1
579,88,721.88,448.44,41.37,106.55,1,-1,-1,-1
579,89,1059.55,411.72,98.83,288.29,1,-1,-1,-1
579,90,415.71,470.57,42.27,102.30,1,-1,-1,-1
579,91,797.32,475.87,55.35,61.35,1,-1,-1,-1
579,92,836.76,472.01,53.46,78.62,1,-1,-1,-1
579,93,666.47,452.41,38.51,105.49,1,-1,-1,-1
580,72,1171.44,440.99,125.49,274.94,1,-1,-1,-1
580,74,967.36,436.42,103.45,240.59,1,-1,-1,-1
580,75,1672.14,399.60,248.81,682.64,1,-1,-1,-1
580,77,584.24,458.15,38.24,84.23,1,-1,-1,-1
580,79,553.45,461.12,32.05,82.03,1,-1,-1,-1
580,83,381.70,464.65,48.86,113.23,1,-1,-1,-1
580,87,635.24,451.77,35.50,106.82,1,-1,-1,-1
580,88,721.53,448.42,41.67,106.79,1,-1,-1,-1
580,89,1065.01,413.95,96.22,284.45,1,-1,-1,-1
580,90,416.11,470.43,42.15,101.95,1,-1,-1,-1
580,91,797.20,475.56,55.31,61.80,1,-1,-1,-1
580,92,836.35,472.17,53.63,78.89,1,-1,-1,-1
580,93,665.54,453.13,39.27,105.43,1,-1,-1,-1
581,72,1176.42,439.72,122.84,275.33,1,-1,-1,-1
581,74,970.47,436.43,103.34,241.30,1,-1,-1,-1
581,75,1675.48,396.62,246.07,683.10,1,-1,-1,-1
581,77,585.05,457.87,38.00,84.77,1,-1,-1,-1
581,79,553.43,460.17,31.67,82.92,1,-1,-1,-1
581,83,381.48,464.68,48.68,112.65,1,-1,-1,-1
581,87,635.40,451.49,34.17,106.95,1,-1,-1,-1
581,88,721.67,448.38,42.11,107.29,1,-1,-1,-1
581,89,1069.96,413.83,92.78,285.39,1,-1,-1,-1
581,90,416.37,469.61,41.55,103.18,1,-1,-1,-1
581,91,797.09,475.44,55.58,62.01,1,-1,-1,-1
581,92,835.79,472.79,53.68,77.71,1,-1,-1,-1
581,93,665.53,454.01,39.57,104.22,1,-1,-1,-1
582,72,1186.14,441.61,118.61,275.45,1,-1,-1,-1
582,74,974.65,436.29,99.46,242.49,1,-1,-1,-1
582,75,1676.54,399.06,245.04,681.84,1,-1,-1,-1
582,77,585.57,458.37,37.72,84.79,1,-1,-1,-1
582,79,554.41,460.75,30.92,82.49,1,-1,-1,-1
582,83,382.52,465.12,48.20,112.68,1,-1,-1,-1
582,87,634.88,452.28,35.87,105.79,1,-1,-1,-1
582,88,722.17,448.90,42.38,106.53,1,-1,-1,-1
582,89,1075.06,415.25,87.33,285.19,1,-1,-1,-1
582,90,416.19,468.69,41.24,104.31,1,-1,-1,-1
582,91,797.06,475.74,55.81,61.86,1,-1,-1,-1
582,92,835.51,472.67,53.62,77.98,1,-1,-1,-1
582,93,665.77,453.31,39.10,104.84,1,-1,-1,-1
582,94,908.60,482.50,100.50,109.60,1,-1,-1,-1
583,72,1195.02,442.32,114.33,275.34,1,-1,-1,-1
583,74,976.20,436.20,98.30,241.66,1,-1,-1,-1
583,75,1674.95,404.29,246.27,676.98,1,-1,-1,-1
583,77,580.48,458.43,45.62,85.92,1,-1,-1,-1
583,79,555.41,460.20,29.79,82.29,1,-1,-1,-1
583,83,382.08,464.98,48.55,112.49,1,-1,-1,-1
583,87,634.13,452.75,37.01,104.89,1,-1,-1,-1
583,88,722.24,447.87,42.54,107.63,1,-1,-1,-1
583,89,1077.18,413.12,88.36,287.72,1,-1,-1,-1
583,90,416.11,468.17,41.49,104.93,1,-1,-1,-1
583,91,797.23,475.34,55.80,62.73,1,-1,-1,-1
583,92,834.97,473.11,54.24,76.73,1,-1,-1,-1
583,93,665.61,453.44,39.24,104.81,1,-1,-1,-1
583,94,910.56,482.50,100.08,111.56,1,-1,-1,-1
584,72,1202.85,444.59,106.54,272.16,1,-1,-1,-1
584,74,976.86,433.12,101.31,244.91,1,-1,-1,-1
584,75,1677.80,405.82,242.93,676.22,1,-1,-1,-1
584,77,581.74,458.04,41.82,85.84,1,-1,-1,-1
584,79,555.90,459.27,29.66,82.93,1,-1,-1,-1
584,83,381.25,464.43,48.59,112.50,1,-1,-1,-1
584,87,633.15,453.25,37.70,104.76,1,-1,-1,-1
584,88,722.16,447.62,42.65,107.40,1,-1,-1,-1
584,89,1080.09,413.88,88.95,288.26,1,-1,-1,-1
584,90,416.04,467.74,42.06,105.54,1,-1,-1,-1
584,91,797.35,475.23,55.73,62.57,1,-1,-1,-1
584,92,835.03,472.62,54.28,76.99,1,-1,-1,-1
584,93,665.58,453.81,39.77,104.38,1,-1,-1,-1
584,94,913.09,483.20,97.57,111.87,1,-1,-1,-1
585,72,1214.40,445.95,98.81,271.63,1,-1,-1,-1
585,74,979.39,429.31,97.24,246.79,1,-1,-1,-1
585,75,1684.83,402.78,236.89,678.38,1,-1,-1,-1
585,77,583.46,457.21,38.24,86.51,1,-1,-1,-1
585,79,556.76,458.62,29.69,83.89,1,-1,-1,-1
585,83,380.76,464.00,48.53,113.06,1,-1,-1,-1
585,87,631.67,454.26,38.05,104.23,1,-1,-1,-1
585,88,722.06,448.10,42.76,106.91,1,-1,-1,-1
585,89,1085.08,413.47,89.33,289.62,1,-1,-1,-1
585,90,416.52,466.88,42.65,105.79,1,-1,-1,-1
585,91,797.65,475.29,55.50,62.10,1,-1,-1,-1
585,92,835.80,472.42,53.80,77.14,1,-1,-1,-1
585,93,665.23,454.88,39.44,102.99,1,-1,-1,-1
585,94,913.87,484.38,96.68,110.14,1,-1,-1,-1
586,72,1224.21,442.06,93.48,272.38,1,-1,-1,-1
586,74,980.15,431.15,99.03,245.19,1,-1,-1,-1
586,75,1694.01,401.73,228.29,678.81,1,-1,-1,-1
586,77,583.38,457.34,37.65,86.99,1,-1,-1,-1
586,79,556.65,458.79,30.33,84.04,1,-1,-1,-1
586,83,380.76,464.09,48.37,113.16,1,-1,-1,-1
586,87,631.09,454.81,37.11,103.58,1,-1,-1,-1
586,88,722.28,447.88,43.07,106.41,1,-1,-1,-1
586,89,1089.58,412.90,89.80,288.77,1,-1,-1,-1
586,90,416.83,467.03,42.33,105.17,1,-1,-1,-1
586,91,797.51,475.48,55.64,62.10,1,-1,-1,-1
586,92,835.93,472.22,53.45,77.46,1,-1,-1,-1
586,93,664.87,455.32,39.62,102.02,1,-1,-1,-1
586,94,913.14,484.78,98.51,109.69,1,-1,-1,-1
587,72,1230.48,438.25,89.09,274.35,1,-1,-1,-1
587,74,984.85,435.80,97.54,241.77,1,-1,-1,-1
587,75,1708.76,386.28,214.09,694.62,1,-1,-1,-1
587,77,584.90,457.78,35.66,86.44,1,-1,-1,-1
587,79,556.82,459.78,28.84,84.22,1,-1,-1,-1
587,83,381.73,465.28,48.39,112.35,1,-1,-1,-1
587,87,630.73,454.95,36.26,103.17,1,-1,-1,-1
587,88,722.69,447.29,43.51,107.31,1,-1,-1,-1
587,89,1092.17,411.90,92.32,291.31,1,-1,-1,-1
587,90,416.16,467.62,41.89,104.91,1,-1,-1,-1
587,91,797.40,475.86,54.98,61.54,1,-1,-1,-1
587,92,835.88,472.28,53.14,77.77,1,-1,-1,-1
587,93,664.92,455.26,40.17,101.73,1,-1,-1,-1
587,94,911.34,484.71,99.55,109.84,1,-1,-1,-1
588,72,1236.36,436.60,85.53,277.47,1,-1,-1,-1
588,74,990.88,434.38,91.28,241.23,1,-1,-1,-1
588,75,1723.18,344.01,200.87,733.60,1,-1,-1,-1
588,77,584.89,457.69,35.13,86.48,1,-1,-1,-1
588,79,556.83,459.64,28.88,85.12,1,-1,-1,-1
588,83,381.87,464.94,48.26,113.36,1,-1,-1,-1
588,87,630.16,455.50,35.80,102.91,1,-1,-1,-1
588,88,722.83,447.43,44.27,107.86,1,-1,-1,-1
588,89,1091.44,412.82,100.64,289.34,1,-1,-1,-1
588,90,416.20,467.37,41.55,105.04,1,-1,-1,-1
588,91,797.38,475.72,54.92,61.51,1,-1,-1,-1
588,92,835.77,472.44,53.32,77.51,1,-1,-1,-1
588,93,664.84,455.95,40.05,101.99,1,-1,-1,-1
588,94,911.54,483.50,98.12,111.42,1,-1,-1,-1
589,72,1238.09,436.16,86.07,278.33,1,-1,-1,-1
589,74,996.37,433.15,88.14,240.65,1,-1,-1,-1
589,75,1729.58,319.56,200.87,733.60,1,-1,-1,-1
589,77,585.95,456.94,34.97,85.72,1,-1,-1,-1
589,79,556.49,459.37,29.17,85.10,1,-1,-1,-1
589,83,381.34,463.94,48.43,114.44,1,-1,-1,-1
589,87,630.24,455.60,34.89,102.69,1,-1,-1,-1
589,88,722.62,447.16,45.06,108.52,1,-1,-1,-1
589,89,1092.60,412.43,102.50,288.82,1,-1,-1,-1
589,90,416.49,467.29,41.51,105.78,1,-1,-1,-1
589,91,797.35,475.61,54.77,61.64,1,-1,-1,-1
589,92,835.55,472.51,53.45,77.36,1,-1,-1,-1
589,93,664.41,455.53,40.51,103.33,1,-1,-1,-1
589,94,911.80,483.29,99.43,112.11,1,-1,-1,-1
590,72,1239.78,438.56,88.47,276.70,1,-1,-1,-1
590,74,1003.35,431.84,87.20,243.13,1,-1,-1,-1
590,75,1735.98,295.11,200.87,733.60,1,-1,-1,-1
590,77,586.92,456.77,33.66,84.73,1,-1,-1,-1
590,79,556.74,459.36,28.49,84.75,1,-1,-1,-1
590,83,381.21,463.25,48.55,115.32,1,-1,-1,-1
590,87,629.72,454.37,35.18,102.56,1,-1,-1,-1
590,88,722.47,446.85,45.44,109.35,1,-1,-1,-1
590,89,1092.79,413.53,105.72,288.25,1,-1,-1,-1
590,90,416.16,467.09,41.85,106.00,1,-1,-1,-1
590,91,797.02,475.60,55.56,61.75,1,-1,-1,-1
590,92,835.47,472.55,53.62,77.60,1,-1,-1,-1
590,93,664.63,454.83,39.94,104.99,1,-1,-1,-1
590,94,913.59,483.38,97.66,112.73,1,-1,-1,-1
591,72,1243.01,445.56,89.19,270.68,1,-1,-1,-1
591,74,1009.30,432.44,87.27,242.69,1,-1,-1,-1
591,75,1742.38,270.66,200.87,733.60,1,-1,-1,-1
591,77,586.66,457.92,32.43,83.17,1,-1,-1,-1
591,79,556.54,459.83,28.50,83.95,1,-1,-1,-1
591,83,381.25,462.34,48.37,116.29,1,-1,-1,-1
591,87,628.62,454.23,35.33,102.03,1,-1,-1,-1
591,88,722.48,446.58,45.13,109.59,1,-1,-1,-1
591,89,1094.49,414.07,105.29,287.44,1,-1,-1,-1
591,90,416.60,466.40,41.40,105.86,1,-1,-1,-1
591,91,796.95,475.55,55.45,61.44,1,-1,-1,-1
591,92,835.73,472.19,53.40,78.44,1,-1,-1,-1
591,93,664.62,455.65,39.49,105.28,1,-1,-1,-1
591,94,914.70,482.94,96.85,112.85,1,-1,-1,-1
592,72,1245.17,445.93,91.44,274.12,1,-1,-1,-1
592,74,1014.41,433.47,84.56,242.00,1,-1,-1,-1
592,77,586.22,457.62,33.46,83.12,1,-1,-1,-1
592,79,555.83,459.66,29.06,84.12,1,-1,-1,-1
592,83,381.28,462.06,47.97,116.23,1,-1,-1,-1
592,87,629.17,454.28,34.61,101.52,1,-1,-1,-1
592,88,722.26,446.36,44.69,109.39,1,-1,-1,-1
592,89,1096.07,414.02,104.39,286.78,1,-1,-1,-1
592,90,416.89,466.68,41.47,105.54,1,-1,-1,-1
592,91,796.71,475.76,55.55,61.20,1,-1,-1,-1
592,92,835.88,472.00,53.40,78.62,1,-1,-1,-1
592,93,664.83,456.15,38.59,104.66,1,-1,-1,-1
592,94,915.05,482.67,96.60,112.74,1,-1,-1,-1
593,72,1245.76,443.28,95.54,275.86,1,-1,-1,-1
593,74,1021.57,432.82,79.55,240.32,1,-1,-1,-1
593,77,585.42,457.18,32.86,83.04,1,-1,-1,-1
593,79,554.80,459.74,30.21,84.11,1,-1,-1,-1
593,83,381.77,462.42,47.85,116.21,1,-1,-1,-1
593,87,629.27,454.28,34.11,101.09,1,-1,-1,-1
593,88,722.39,446.05,44.49,109.96,1,-1,-1,-1
593,89,1098.11,408.87,101.88,291.83,1,-1,-1,-1
593,90,416.63,466.61,41.98,105.79,1,-1,-1,-1
593,91,796.73,476.12,55.73,61.27,1,-1,-1,-1
593,92,835.87,472.17,53.47,77.91,1,-1,-1,-1
593,93,664.59,455.63,38.53,104.90,1,-1,-1,-1
593,94,914.11,482.70,97.44,112.64,1,-1,-1,-1
594,72,1246.79,442.41,99.36,277.01,1,-1,-1,-1
594,74,1027.11,432.47,79.09,239.96,1,-1,-1,-1
594,77,583.74,457.16,32.82,82.94,1,-1,-1,-1
594,79,554.17,460.45,30.62,83.82,1,-1,-1,-1
594,83,381.97,462.74,47.19,115.78,1,-1,-1,-1
594,87,628.86,454.42,34.17,101.10,1,-1,-1,-1
594,88,722.96,446.10,44.29,109.99,1,-1,-1,-1
594,89,1098.97,406.32,100.49,290.48,1,-1,-1,-1
594,90,416.20,466.57,42.20,106.15,1,-1,-1,-1
594,91,796.85,476.03,55.57,61.78,1,-1,-1,-1
594,92,835.74,472.35,53.49,77.55,1,-1,-1,-1
594,93,664.31,455.27,38.79,105.11,1,-1,-1,-1
594,94,914.08,483.07,97.20,112.54,1,-1,-1,-1
594,95,990.60,448.80,34.70,105.60,1,-1,-1,-1
595,72,1246.97,442.98,106.53,277.98,1,-1,-1,-1
595,74,1027.84,432.94,81.90,239.15,1,-1,-1,-1
595,77,582.21,456.78,32.88,83.47,1,-1,-1,-1
595,79,554.50,460.21,30.96,84.37,1,-1,-1,-1
595,83,381.59,462.16,47.41,116.00,1,-1,-1,-1
595,87,629.37,454.45,34.47,101.52,1,-1,-1,-1
595,88,722.83,446.52,44.65,110.07,1,-1,-1,-1
595,89,1098.94,412.63,101.55,286.99,1,-1,-1,-1
595,90,416.35,467.16,41.78,105.90,1,-1,-1,-1
595,91,796.90,475.84,55.73,62.14,1,-1,-1,-1
595,92,835.89,472.56,53.43,77.38,1,-1,-1,-1
595,93,664.20,455.79,39.08,104.47,1,-1,-1,-1
595,94,914.31,483.33,96.64,112.37,1,-1,-1,-1
595,95,991.93,449.85,34.77,104.27,1,-1,-1,-1
596,72,1247.70,445.84,106.86,274.21,1,-1,-1,-1
596,74,1027.36,431.66,83.23,239.11,1,-1,-1,-1
596,77,580.96,456.49,33.10,83.56,1,-1,-1,-1
596,79,554.27,460.20,31.27,84.67,1,-1,-1,-1
596,83,381.52,461.77,47.68,116.07,1,-1,-1,-1
596,87,630.35,455.30,34.28,100.74,1,-1,-1,-1
596,88,722.61,446.91,44.89,110.30,1,-1,-1,-1
596,89,1099.34,414.51,101.30,289.80,1,-1,-1,-1
596,90,416.25,467.05,42.21,106.25,1,-1,-1,-1
596,91,797.09,475.87,55.64,62.11,1,-1,-1,-1
596,92,835.76,472.74,53.41,77.18,1,-1,-1,-1
596,93,664.08,456.06,39.09,104.00,1,-1,-1,-1
596,94,914.97,483.31,95.21,112.04,1,-1,-1,-1
596,95,992.98,449.14,34.72,99.39,1,-1,-1,-1
597,72,1249.14,446.05,106.33,273.71,1,-1,-1,-1
597,74,1028.94,434.00,87.62,239.87,1,-1,-1,-1
597,77,582.77,454.21,37.72,83.52,1,-1,-1,-1
597,79,554.52,460.77,30.80,84.41,1,-1,-1,-1
597,83,381.53,462.22,47.62,115.74,1,-1,-1,-1
597,87,630.13,455.13,35.06,100.36,1,-1,-1,-1
597,88,722.77,446.91,44.97,111.00,1,-1,-1,-1
597,89,1099.60,417.40,100.88,286.16,1,-1,-1,-1
597,90,416.32,467.16,42.06,106.22,1,-1,-1,-1
597,91,797.27,475.85,55.19,62.17,1,-1,-1,-1
597,92,835.53,473.02,53.05,76.84,1,-1,-1,-1
597,93,664.37,456.14,38.54,103.65,1,-1,-1,-1
597,94,915.40,483.52,94.64,112.08,1,-1,-1,-1
597,95,992.94,448.90,34.64,95.55,1,-1,-1,-1
598,72,1252.04,444.72,106.94,273.28,1,-1,-1,-1
598,74,1033.03,437.54,89.43,239.68,1,-1,-1,-1
598,77,584.88,455.61,34.49,82.74,1,-1,-1,-1
598,79,554.55,461.43,30.59,84.12,1,-1,-1,-1
598,83,381.89,462.69,47.33,115.92,1,-1,-1,-1
598,87,629.64,455.46,34.95,99.34,1,-1,-1,-1
598,88,722.57,447.04,45.55,112.26,1,-1,-1,-1
598,89,1103.45,415.69,101.17,285.07,1,-1,-1,-1
598,90,416.83,467.11,41.46,106.20,1,-1,-1,-1
598,91,797.33,475.52,54.92,62.68,1,-1,-1,-1
598,92,835.71,472.97,52.95,77.09,1,-1,-1,-1
598,93,664.31,457.07,38.09,103.06,1,-1,-1,-1
598,94,915.54,484.08,94.33,111.46,1,-1,-1,-1
598,95,993.62,449.64,32.65,91.87,1,-1,-1,-1
599,72,1255.11,441.09,106.21,278.55,1,-1,-1,-1
599,74,1032.64,431.81,96.41,245.85,1,-1,-1,-1
599,77,582.23,457.71,33.73,83.62,1,-1,-1,-1
599,79,554.25,461.39,30.95,83.97,1,-1,-1,-1
599,83,381.96,463.10,47.17,115.49,1,-1,-1,-1
599,87,631.01,455.87,34.49,99.38,1,-1,-1,-1
599,88,723.01,447.90,45.38,110.82,1,-1,-1,-1
599,89,1108.25,413.56,99.16,281.10,1,-1,-1,-1
599,90,416.66,467.11,41.70,106.06,1,-1,-1,-1
599,91,797.87,475.56,54.49,62.48,1,-1,-1,-1
599,92,835.93,473.15,52.91,76.82,1,-1,-1,-1
599,93,663.77,457.52,38.31,102.60,1,-1,-1,-1
599,94,915.65,483.80,94.10,111.21,1,-1,-1,-1
599,95,993.67,447.87,33.25,92.10,1,-1,-1,-1
600,72,1261.79,437.79,102.49,281.31,1,-1,-1,-1
600,74,1032.73,429.53,102.63,247.85,1,-1,-1,-1
600,77,583.24,457.48,33.15,83.61,1,-1,-1,-1
600,79,554.82,460.74,31.12,84.06,1,-1,-1,-1
600,83,381.94,463.88,46.70,114.80,1,-1,-1,-1
600,87,631.05,456.39,34.78,99.04,1,-1,-1,-1
600,88,723.45,447.88,44.83,109.62,1,-1,-1,-1
600,89,1109.75,416.13,94.50,279.14,1,-1,-1,-1
600,90,416.49,467.41,41.56,106.16,1,-1,-1,-1
600,91,797.68,475.50,54.78,62.36,1,-1,-1,-1
600,92,835.28,473.27,53.25,76.60,1,-1,-1,-1
600,93,663.82,457.80,39.35,102.18,1,-1,-1,-1
600,94,915.69,483.66,93.75,111.41,1,-1,-1,-1
600,95,995.30,448.35,32.58,90.70,1,-1,-1,-1