1,1,876.70,153.60,237.00,619.60,1,-1,-1,-1
1,2,401.90,286.40,113.10,310.90,1,-1,-1,-1
1,3,548.80,270.30,101.90,317.60,1,-1,-1,-1
1,4,695.60,336.10,45.00,125.10,1,-1,-1,-1
1,5,739.50,323.10,49.40,133.90,1,-1,-1,-1
1,6,5.80,14.40,344.30,1066.60,1,-1,-1,-1
1,7,793.70,333.80,42.00,114.40,1,-1,-1,-1
2,1,873.69,149.89,234.06,625.97,1,-1,-1,-1
2,2,398.40,283.32,114.29,316.08,1,-1,-1,-1
2,3,545.30,267.50,102.04,322.36,1,-1,-1,-1
2,4,694.55,335.26,45.07,126.01,1,-1,-1,-1
2,5,738.10,322.82,49.61,131.73,1,-1,-1,-1
2,6,10.14,8.59,334.43,1072.41,1,-1,-1,-1
2,7,793.70,332.89,42.14,114.75,1,-1,-1,-1
3,1,872.27,144.70,224.92,629.21,1,-1,-1,-1
3,2,389.60,278.55,115.98,321.83,1,-1,-1,-1
3,3,538.65,266.97,100.68,325.75,1,-1,-1,-1
3,4,692.33,335.47,43.06,129.15,1,-1,-1,-1
3,5,735.30,320.40,49.53,135.56,1,-1,-1,-1
3,6,7.69,15.40,344.21,1064.35,1,-1,-1,-1
3,7,792.19,332.86,41.06,116.81,1,-1,-1,-1
4,1,874.69,146.28,215.04,630.53,1,-1,-1,-1
4,2,380.86,273.09,115.08,328.95,1,-1,-1,-1
4,3,530.38,268.67,103.00,328.86,1,-1,-1,-1
4,4,688.09,336.24,42.81,129.05,1,-1,-1,-1
4,5,732.88,320.40,50.56,135.73,1,-1,-1,-1
4,6,4.66,24.85,325.65,1057.88,1,-1,-1,-1
4,7,788.99,333.34,40.95,117.43,1,-1,-1,-1
5,1,875.12,151.56,210.60,630.02,1,-1,-1,-1
5,2,373.06,270.06,118.52,329.55,1,-1,-1,-1
5,3,523.44,266.23,105.87,328.54,1,-1,-1,-1
5,4,686.77,331.78,42.73,133.91,1,-1,-1,-1
5,5,730.31,317.36,51.85,135.71,1,-1,-1,-1
5,6,-2.24,9.03,308.12,1073.36,1,-1,-1,-1
5,7,787.98,331.77,40.98,116.64,1,-1,-1,-1
6,1,877.30,150.86,203.11,630.78,1,-1,-1,-1
6,2,364.74,263.93,120.89,336.93,1,-1,-1,-1
6,3,517.60,262.46,107.01,333.20,1,-1,-1,-1
6,4,685.91,329.20,42.50,136.84,1,-1,-1,-1
6,5,726.30,316.40,51.95,132.06,1,-1,-1,-1
6,6,-1.91,8.98,296.83,1068.70,1,-1,-1,-1
6,7,786.59,330.10,41.98,119.13,1,-1,-1,-1
7,1,880.73,152.40,195.05,626.66,1,-1,-1,-1
7,2,356.39,264.20,120.83,338.45,1,-1,-1,-1
7,3,513.82,262.88,104.55,338.73,1,-1,-1,-1
7,4,683.53,328.73,42.22,136.39,1,-1,-1,-1
7,5,723.15,317.38,52.13,131.95,1,-1,-1,-1
7,6,-1.97,5.39,266.78,1076.61,1,-1,-1,-1
7,7,783.68,330.47,44.09,119.18,1,-1,-1,-1
8,1,880.82,151.58,193.06,629.49,1,-1,-1,-1
8,2,349.88,265.87,123.19,340.87,1,-1,-1,-1
8,3,511.00,262.41,104.38,344.52,1,-1,-1,-1
8,4,680.51,330.90,43.05,133.95,1,-1,-1,-1
8,5,719.86,318.96,53.58,134.43,1,-1,-1,-1
8,6,-21.02,-1.26,266.78,1076.61,1,-1,-1,-1
8,7,781.04,331.21,45.64,121.08,1,-1,-1,-1
9,1,881.16,149.56,188.19,630.83,1,-1,-1,-1
9,2,345.26,268.50,123.13,340.33,1,-1,-1,-1
9,3,506.99,262.61,105.30,346.75,1,-1,-1,-1
9,4,677.90,335.21,42.94,131.11,1,-1,-1,-1
9,5,716.24,321.04,54.08,134.06,1,-1,-1,-1
9,6,-40.07,-7.91,266.78,1076.61,1,-1,-1,-1
9,7,777.98,332.66,47.01,120.75,1,-1,-1,-1
9,8,831.20,327.30,51.70,130.90,1,-1,-1,-1
10,1,875.75,149.58,189.18,637.39,1,-1,-1,-1
10,2,338.89,269.74,124.79,337.16,1,-1,-1,-1
10,3,500.66,264.42,108.80,350.14,1,-1,-1,-1
10,4,675.37,334.86,44.59,132.08,1,-1,-1,-1
10,5,714.50,321.76,53.05,134.51,1,-1,-1,-1
10,6,-59.12,-14.56,266.78,1076.61,1,-1,-1,-1
10,7,776.00,332.47,47.84,120.50,1,-1,-1,-1
10,8,830.78,328.56,50.86,127.33,1,-1,-1,-1
11,1,870.35,153.61,193.25,641.81,1,-1,-1,-1
11,2,330.99,266.82,131.17,341.60,1,-1,-1,-1
11,3,495.50,264.61,110.48,354.31,1,-1,-1,-1
11,4,674.17,335.17,45.51,130.49,1,-1,-1,-1
11,5,712.12,322.12,53.85,134.29,1,-1,-1,-1
11,7,775.14,334.40,48.16,119.24,1,-1,-1,-1
11,8,829.66,330.11,51.17,127.45,1,-1,-1,-1
12,1,864.36,157.15,196.23,641.59,1,-1,-1,-1
12,2,325.79,264.91,135.53,354.55,1,-1,-1,-1
12,3,492.52,264.43,111.68,353.81,1,-1,-1,-1
12,4,672.93,338.49,45.22,130.22,1,-1,-1,-1
12,5,710.41,321.46,53.12,135.35,1,-1,-1,-1
12,7,774.48,335.91,46.86,116.83,1,-1,-1,-1
12,8,828.63,333.13,50.21,124.54,1,-1,-1,-1
13,1,856.91,151.02,202.79,647.55,1,-1,-1,-1
13,2,322.63,266.17,136.07,360.04,1,-1,-1,-1
13,3,489.04,264.10,113.73,354.64,1,-1,-1,-1
13,4,670.21,340.60,44.37,129.85,1,-1,-1,-1
13,5,709.83,321.76,52.68,136.22,1,-1,-1,-1
13,7,775.27,335.61,45.91,117.02,1,-1,-1,-1
13,8,827.29,336.47,48.31,118.91,1,-1,-1,-1
14,1,854.06,147.70,202.66,648.49,1,-1,-1,-1
14,2,317.65,267.23,139.31,361.41,1,-1,-1,-1
14,3,485.25,264.46,115.60,352.51,1,-1,-1,-1
14,4,667.73,341.50,43.27,128.84,1,-1,-1,-1
14,5,709.11,321.81,52.77,138.17,1,-1,-1,-1
14,7,775.12,335.17,47.58,119.25,1,-1,-1,-1
14,8,827.90,340.31,44.38,113.23,1,-1,-1,-1
15,1,847.29,153.48,206.26,640.10,1,-1,-1,-1
15,2,314.95,268.89,140.70,367.63,1,-1,-1,-1
15,3,483.32,262.07,113.29,354.81,1,-1,-1,-1
15,4,666.01,341.88,43.50,129.16,1,-1,-1,-1
15,5,708.17,322.32,52.86,139.80,1,-1,-1,-1
15,7,774.22,334.70,48.99,121.59,1,-1,-1,-1
15,8,826.97,343.30,40.48,109.57,1,-1,-1,-1
15,9,1364.10,327.60,51.50,132.60,1,-1,-1,-1
16,1,840.28,153.40,211.82,643.39,1,-1,-1,-1
16,2,313.34,271.23,139.16,371.67,1,-1,-1,-1
16,3,478.87,262.89,114.49,356.69,1,-1,-1,-1
16,4,665.02,341.87,43.36,130.24,1,-1,-1,-1
16,5,707.44,323.96,53.66,140.08,1,-1,-1,-1
16,7,773.62,335.92,50.26,118.87,1,-1,-1,-1
16,8,824.90,342.84,37.83,109.94,1,-1,-1,-1
16,9,1365.99,328.65,49.82,134.07,1,-1,-1,-1
17,1,837.83,156.65,210.34,646.90,1,-1,-1,-1
17,2,310.50,272.19,142.55,376.59,1,-1,-1,-1
17,3,477.71,266.42,115.97,359.01,1,-1,-1,-1
17,4,664.00,341.35,45.07,134.48,1,-1,-1,-1
17,5,707.45,325.67,53.69,141.77,1,-1,-1,-1
17,7,775.26,337.95,50.01,116.09,1,-1,-1,-1
17,8,825.17,345.17,35.01,104.94,1,-1,-1,-1
17,9,1368.41,330.29,48.97,134.79,1,-1,-1,-1
18,1,834.61,158.70,207.93,651.73,1,-1,-1,-1
18,2,308.73,274.53,145.94,380.66,1,-1,-1,-1
18,3,477.07,269.62,119.21,361.94,1,-1,-1,-1
18,4,663.56,342.74,46.56,137.36,1,-1,-1,-1
18,5,707.15,330.12,53.35,139.62,1,-1,-1,-1
18,7,777.50,343.02,49.58,114.42,1,-1,-1,-1
18,8,830.26,351.67,38.57,106.87,1,-1,-1,-1
18,9,1369.21,334.52,48.15,131.23,1,-1,-1,-1
19,1,834.52,165.29,208.12,651.43,1,-1,-1,-1
19,2,305.09,278.82,149.06,383.14,1,-1,-1,-1
19,3,476.29,267.01,124.52,380.46,1,-1,-1,-1
19,4,664.19,346.29,47.01,137.18,1,-1,-1,-1
19,5,707.56,334.71,52.96,138.70,1,-1,-1,-1
19,7,778.44,347.66,50.29,116.93,1,-1,-1,-1
19,8,835.98,354.05,43.42,112.35,1,-1,-1,-1
19,9,1368.81,337.82,48.15,131.23,1,-1,-1,-1
20,1,838.96,170.48,211.54,652.74,1,-1,-1,-1
20,2,303.54,285.48,147.48,381.36,1,-1,-1,-1
20,3,477.01,271.50,126.96,387.63,1,-1,-1,-1
20,4,666.80,350.32,48.40,139.57,1,-1,-1,-1
20,5,712.48,341.59,52.57,136.39,1,-1,-1,-1
20,7,780.51,352.06,49.04,116.91,1,-1,-1,-1
20,8,840.18,354.45,43.42,112.35,1,-1,-1,-1
20,9,1368.41,341.12,48.15,131.23,1,-1,-1,-1
20,10,999.90,248.90,111.00,426.90,1,-1,-1,-1
21,1,848.11,172.58,208.01,648.37,1,-1,-1,-1
21,2,307.98,285.65,146.79,391.75,1,-1,-1,-1
21,3,481.86,276.05,129.86,396.22,1,-1,-1,-1
21,4,673.26,357.48,49.45,138.89,1,-1,-1,-1
21,5,723.50,345.41,49.86,135.28,1,-1,-1,-1
21,7,783.46,354.62,48.87,118.72,1,-1,-1,-1
21,8,844.38,354.85,43.42,112.35,1,-1,-1,-1
21,9,1368.01,344.42,48.15,131.23,1,-1,-1,-1
21,10,1006.83,240.92,108.27,436.63,1,-1,-1,-1
22,1,848.02,166.94,221.65,667.92,1,-1,-1,-1
22,2,319.51,287.34,151.42,393.25,1,-1,-1,-1
22,3,495.84,278.11,130.31,401.95,1,-1,-1,-1
22,4,687.21,360.08,48.37,137.22,1,-1,-1,-1
22,5,735.71,346.20,51.85,138.02,1,-1,-1,-1
22,7,798.03,355.61,48.68,121.79,1,-1,-1,-1
22,8,848.58,355.25,43.42,112.35,1,-1,-1,-1
22,10,1019.27,244.68,115.64,430.52,1,-1,-1,-1
23,1,848.04,172.81,224.49,663.71,1,-1,-1,-1
23,2,332.77,289.38,152.18,393.85,1,-1,-1,-1
23,3,506.90,281.39,132.12,404.92,1,-1,-1,-1
23,4,703.90,361.26,46.92,137.21,1,-1,-1,-1
23,5,751.88,349.66,51.53,136.54,1,-1,-1,-1
23,7,814.30,358.02,48.90,122.50,1,-1,-1,-1
23,10,1038.68,257.73,114.00,420.50,1,-1,-1,-1
24,1,854.01,171.38,223.45,663.63,1,-1,-1,-1
24,2,343.29,290.37,150.16,396.40,1,-1,-1,-1
24,3,513.46,286.31,135.54,404.28,1,-1,-1,-1
24,4,715.17,363.77,45.79,137.06,1,-1,-1,-1
24,5,763.55,349.32,52.21,139.59,1,-1,-1,-1
24,7,826.89,357.77,46.10,122.43,1,-1,-1,-1
24,10,1045.49,260.92,121.14,415.88,1,-1,-1,-1
25,1,861.97,167.18,220.75,662.56,1,-1,-1,-1
25,2,356.02,290.94,148.51,401.72,1,-1,-1,-1
25,3,526.11,288.77,135.09,403.52,1,-1,-1,-1
25,4,726.13,364.96,46.01,135.90,1,-1,-1,-1
25,5,771.79,348.76,53.25,143.52,1,-1,-1,-1
25,7,844.46,357.87,44.91,123.88,1,-1,-1,-1
25,10,1048.32,257.46,130.91,423.45,1,-1,-1,-1
26,1,864.30,173.55,227.09,661.05,1,-1,-1,-1
26,2,369.01,291.24,146.61,408.85,1,-1,-1,-1
26,3,539.17,293.95,136.22,401.27,1,-1,-1,-1
26,4,741.64,366.48,44.60,138.14,1,-1,-1,-1
26,5,785.99,351.16,52.31,140.71,1,-1,-1,-1
26,7,863.21,361.72,44.91,123.88,1,-1,-1,-1
26,10,1059.51,264.18,136.50,423.77,1,-1,-1,-1
27,1,868.87,181.22,231.37,663.04,1,-1,-1,-1
27,2,380.62,293.60,146.60,409.93,1,-1,-1,-1
27,3,550.39,295.84,137.89,404.02,1,-1,-1,-1
27,4,755.30,371.90,42.99,134.12,1,-1,-1,-1
27,5,798.67,352.26,53.84,142.80,1,-1,-1,-1
27,7,881.96,365.57,44.91,123.88,1,-1,-1,-1
27,10,1070.83,268.96,144.13,427.99,1,-1,-1,-1
28,1,877.46,184.50,227.54,660.07,1,-1,-1,-1
28,2,388.38,300.99,147.37,412.92,1,-1,-1,-1
28,3,558.09,298.20,138.53,411.57,1,-1,-1,-1
28,4,765.09,376.75,43.21,133.48,1,-1,-1,-1
28,5,807.90,357.45,53.53,144.55,1,-1,-1,-1
28,7,900.71,369.42,44.91,123.88,1,-1,-1,-1
28,10,1076.75,277.05,152.09,430.38,1,-1,-1,-1
28,11,1482.30,349.00,51.60,139.70,1,-1,-1,-1
28,12,1772.80,363.70,30.20,108.00,1,-1,-1,-1
29,1,878.96,189.06,231.50,663.59,1,-1,-1,-1
29,2,388.02,309.10,147.39,419.07,1,-1,-1,-1
29,3,562.66,302.09,139.70,417.33,1,-1,-1,-1
29,4,773.99,381.14,39.98,132.51,1,-1,-1,-1
29,5,814.88,363.66,52.88,144.03,1,-1,-1,-1
29,10,1081.41,284.77,156.37,425.35,1,-1,-1,-1
29,11,1486.43,350.68,52.37,140.82,1,-1,-1,-1
29,12,1780.08,366.15,29.15,107.72,1,-1,-1,-1
30,1,883.09,192.59,230.31,668.92,1,-1,-1,-1
30,2,391.12,314.75,149.01,421.54,1,-1,-1,-1
30,3,569.92,304.99,138.86,417.52,1,-1,-1,-1
30,4,779.51,386.54,41.32,134.18,1,-1,-1,-1
30,5,822.17,366.70,53.45,150.31,1,-1,-1,-1
30,10,1086.93,279.10,158.56,429.87,1,-1,-1,-1
30,11,1498.35,354.17,49.03,140.32,1,-1,-1,-1
30,12,1793.28,369.27,29.18,111.49,1,-1,-1,-1
31,1,886.90,192.20,233.31,677.03,1,-1,-1,-1
31,2,398.32,319.55,147.46,420.25,1,-1,-1,-1
31,3,575.54,309.61,140.22,418.70,1,-1,-1,-1
31,4,784.32,391.51,43.76,130.98,1,-1,-1,-1
31,5,830.08,372.01,51.32,150.65,1,-1,-1,-1
31,10,1088.67,284.49,169.02,431.29,1,-1,-1,-1
31,11,1509.00,357.75,51.67,140.86,1,-1,-1,-1
31,12,1803.71,374.43,29.97,113.74,1,-1,-1,-1
32,1,890.57,195.51,231.76,684.92,1,-1,-1,-1
32,2,395.39,321.80,150.08,426.59,1,-1,-1,-1
32,3,578.78,314.72,140.70,421.78,1,-1,-1,-1
32,4,790.29,393.40,44.98,133.72,1,-1,-1,-1
32,5,836.77,377.96,51.23,150.34,1,-1,-1,-1
32,10,1094.03,293.41,167.33,434.17,1,-1,-1,-1
32,11,1518.31,362.22,50.36,136.69,1,-1,-1,-1
32,12,1808.81,384.81,29.50,108.46,1,-1,-1,-1
33,1,891.33,203.01,231.09,687.22,1,-1,-1,-1
33,2,396.59,326.72,148.13,430.66,1,-1,-1,-1
33,3,580.52,317.94,143.29,425.57,1,-1,-1,-1
33,4,796.46,399.99,44.92,132.24,1,-1,-1,-1
33,5,841.88,383.12,50.93,149.68,1,-1,-1,-1
33,10,1096.48,301.38,170.46,427.54,1,-1,-1,-1
33,11,1525.01,363.02,50.36,136.69,1,-1,-1,-1
33,12,1812.41,392.56,29.50,108.46,1,-1,-1,-1
34,1,894.39,208.64,232.08,687.34,1,-1,-1,-1
34,2,400.21,330.24,146.64,435.31,1,-1,-1,-1
34,3,583.33,313.87,139.24,439.31,1,-1,-1,-1
34,4,802.66,404.06,42.32,133.19,1,-1,-1,-1
34,5,844.71,387.02,51.47,148.85,1,-1,-1,-1
34,10,1098.64,301.85,174.20,431.01,1,-1,-1,-1
34,11,1531.71,363.82,50.36,136.69,1,-1,-1,-1
34,12,1816.01,400.31,29.50,108.46,1,-1,-1,-1
35,1,903.61,225.16,232.23,672.19,1,-1,-1,-1
35,2,398.13,335.04,146.47,443.77,1,-1,-1,-1
35,3,582.76,316.69,142.22,443.92,1,-1,-1,-1
35,4,805.77,407.04,43.01,137.26,1,-1,-1,-1
35,5,849.19,392.77,51.98,148.05,1,-1,-1,-1
35,10,1105.21,308.47,171.33,427.08,1,-1,-1,-1
35,11,1538.41,364.62,50.36,136.69,1,-1,-1,-1
35,12,1819.61,408.06,29.50,108.46,1,-1,-1,-1
36,1,906.87,231.60,229.62,680.53,1,-1,-1,-1
36,2,392.15,341.03,151.32,446.80,1,-1,-1,-1
36,3,585.93,323.03,140.95,447.48,1,-1,-1,-1
36,4,807.94,416.83,42.51,133.65,1,-1,-1,-1
36,5,851.42,398.75,52.13,148.15,1,-1,-1,-1
36,10,1115.25,316.12,166.41,426.12,1,-1,-1,-1
37,1,905.60,236.84,231.29,680.79,1,-1,-1,-1
37,2,384.87,341.71,156.70,451.56,1,-1,-1,-1
37,3,585.35,327.25,142.24,452.88,1,-1,-1,-1
37,4,808.78,424.18,43.13,132.56,1,-1,-1,-1
37,5,852.09,403.68,52.32,149.73,1,-1,-1,-1
37,10,1117.48,317.98,168.78,427.99,1,-1,-1,-1
38,1,911.41,241.60,228.29,681.08,1,-1,-1,-1
38,2,378.55,346.53,157.05,455.23,1,-1,-1,-1
38,3,586.04,329.10,141.37,458.77,1,-1,-1,-1
38,4,810.61,426.48,42.76,134.06,1,-1,-1,-1
38,5,853.73,409.13,52.80,151.32,1,-1,-1,-1
38,10,1119.82,322.51,165.64,427.16,1,-1,-1,-1
39,1,917.71,246.16,222.77,686.27,1,-1,-1,-1
39,2,372.28,349.94,158.13,460.46,1,-1,-1,-1
39,3,583.99,333.91,145.38,470.34,1,-1,-1,-1
39,4,811.92,433.16,42.23,135.14,1,-1,-1,-1
39,5,854.41,416.12,54.41,150.40,1,-1,-1,-1
39,10,1120.28,330.55,163.65,431.04,1,-1,-1,-1
40,1,917.80,253.37,227.62,683.98,1,-1,-1,-1
40,2,365.71,354.50,161.40,457.20,1,-1,-1,-1
40,3,584.30,341.21,145.60,472.76,1,-1,-1,-1
40,4,812.77,441.11,41.65,136.37,1,-1,-1,-1
40,5,852.44,420.78,57.20,153.76,1,-1,-1,-1
40,10,1123.04,332.63,160.75,437.66,1,-1,-1,-1
41,1,920.04,256.40,220.26,697.43,1,-1,-1,-1
41,2,361.41,357.10,160.42,460.70,1,-1,-1,-1
41,3,585.10,341.86,140.84,476.57,1,-1,-1,-1
41,4,811.19,444.49,44.97,138.00,1,-1,-1,-1
41,5,851.54,424.17,58.32,156.66,1,-1,-1,-1
41,10,1125.97,333.09,160.15,440.70,1,-1,-1,-1
42,1,921.00,271.44,211.89,681.10,1,-1,-1,-1
42,2,349.27,360.66,166.64,469.38,1,-1,-1,-1
42,3,580.36,346.00,140.18,484.50,1,-1,-1,-1
42,4,809.23,447.94,45.48,138.35,1,-1,-1,-1
42,5,852.70,430.07,56.84,154.10,1,-1,-1,-1
42,10,1124.57,345.88,161.38,433.84,1,-1,-1,-1
43,1,920.87,268.11,209.66,687.54,1,-1,-1,-1
43,2,330.59,365.34,177.11,478.00,1,-1,-1,-1
43,3,572.33,356.05,143.62,486.81,1,-1,-1,-1
43,4,806.93,454.49,43.60,138.11,1,-1,-1,-1
43,5,849.62,435.01,57.65,156.27,1,-1,-1,-1
43,10,1123.04,359.87,159.08,436.05,1,-1,-1,-1
44,1,918.00,275.58,209.34,684.71,1,-1,-1,-1
44,2,318.07,371.46,183.19,480.66,1,-1,-1,-1
44,3,564.58,356.57,147.25,496.53,1,-1,-1,-1
44,4,804.78,458.40,43.53,139.08,1,-1,-1,-1
44,5,847.17,439.01,57.41,155.66,1,-1,-1,-1
44,10,1119.60,365.03,161.89,439.17,1,-1,-1,-1
45,1,916.86,282.71,206.44,686.45,1,-1,-1,-1
45,2,303.20,369.71,191.11,497.00,1,-1,-1,-1
45,3,559.19,354.97,146.72,505.61,1,-1,-1,-1
45,4,802.45,462.91,45.05,138.74,1,-1,-1,-1
45,5,845.92,445.10,56.21,153.66,1,-1,-1,-1
45,10,1119.38,366.37,161.69,439.26,1,-1,-1,-1
46,1,915.23,288.94,208.65,685.09,1,-1,-1,-1
46,2,289.34,372.92,196.28,509.88,1,-1,-1,-1
46,3,548.81,359.53,151.96,513.93,1,-1,-1,-1
46,4,794.94,469.51,47.18,136.19,1,-1,-1,-1
46,5,841.18,452.48,56.83,153.41,1,-1,-1,-1
46,10,1117.18,375.33,163.59,438.38,1,-1,-1,-1
47,1,908.36,296.28,211.42,684.19,1,-1,-1,-1
47,2,272.64,380.67,203.71,520.74,1,-1,-1,-1
47,3,542.37,370.34,150.73,512.37,1,-1,-1,-1
47,4,786.84,474.07,50.07,137.53,1,-1,-1,-1
47,5,836.95,457.17,56.18,154.73,1,-1,-1,-1
47,10,1111.38,385.20,165.00,439.16,1,-1,-1,-1
48,1,902.93,307.62,209.79,683.64,1,-1,-1,-1
48,2,258.41,388.43,205.94,525.68,1,-1,-1,-1
48,3,534.39,373.88,154.63,513.09,1,-1,-1,-1
48,4,781.11,481.91,51.00,137.93,1,-1,-1,-1
48,5,832.03,461.88,56.96,156.60,1,-1,-1,-1
48,10,1101.16,389.94,165.70,444.23,1,-1,-1,-1
49,1,899.08,323.22,209.45,679.34,1,-1,-1,-1
49,2,249.12,396.07,209.13,533.67,1,-1,-1,-1
49,3,523.82,376.47,159.16,519.82,1,-1,-1,-1
49,4,774.61,487.67,50.79,139.73,1,-1,-1,-1
49,5,825.33,469.12,57.13,157.51,1,-1,-1,-1
49,10,1093.76,401.81,161.57,439.17,1,-1,-1,-1
50,1,896.95,330.81,206.61,681.27,1,-1,-1,-1
50,2,232.51,404.55,213.38,542.65,1,-1,-1,-1
50,3,515.16,383.84,160.87,532.20,1,-1,-1,-1
50,4,770.67,493.25,49.54,140.34,1,-1,-1,-1
50,5,818.81,478.49,57.32,155.54,1,-1,-1,-1
50,10,1087.86,403.42,164.67,445.14,1,-1,-1,-1
50,13,873.70,484.40,38.10,125.20,1,-1,-1,-1
51,1,890.32,331.69,208.49,682.55,1,-1,-1,-1
51,2,214.91,416.76,215.98,548.15,1,-1,-1,-1
51,3,507.90,389.78,162.43,538.85,1,-1,-1,-1
51,4,765.61,498.62,51.47,140.59,1,-1,-1,-1
51,5,813.30,484.40,58.43,153.62,1,-1,-1,-1
51,10,1085.47,408.18,163.01,442.31,1,-1,-1,-1
51,13,870.62,488.88,41.11,123.24,1,-1,-1,-1
52,1,882.26,338.10,212.35,679.72,1,-1,-1,-1
52,2,202.44,416.99,216.98,558.40,1,-1,-1,-1
52,3,500.29,390.80,165.00,547.07,1,-1,-1,-1
52,4,759.75,503.16,52.96,139.90,1,-1,-1,-1
52,5,808.95,485.71,58.20,154.94,1,-1,-1,-1
52,10,1082.62,408.04,165.24,447.48,1,-1,-1,-1
52,13,869.93,489.55,44.04,133.36,1,-1,-1,-1
53,1,877.34,346.47,214.27,676.13,1,-1,-1,-1
53,2,188.56,415.78,223.36,562.04,1,-1,-1,-1
53,3,491.89,395.42,169.83,551.01,1,-1,-1,-1
53,4,754.66,507.48,54.81,140.88,1,-1,-1,-1
53,5,807.07,488.53,57.22,155.40,1,-1,-1,-1
53,10,1080.17,409.90,167.31,444.63,1,-1,-1,-1
53,13,872.68,494.10,44.04,133.36,1,-1,-1,-1
54,1,872.79,348.04,213.66,681.08,1,-1,-1,-1
54,2,176.59,425.55,227.03,553.68,1,-1,-1,-1
54,3,487.45,396.45,168.69,558.98,1,-1,-1,-1
54,4,751.24,510.94,56.13,142.43,1,-1,-1,-1
54,5,805.20,491.13,57.21,155.12,1,-1,-1,-1
54,10,1079.04,411.42,162.89,449.30,1,-1,-1,-1
54,13,875.43,498.65,44.04,133.36,1,-1,-1,-1
55,1,867.58,348.66,213.41,681.37,1,-1,-1,-1
55,2,173.16,423.63,225.75,579.31,1,-1,-1,-1
55,3,481.29,400.24,174.86,565.72,1,-1,-1,-1
55,4,749.02,513.69,56.95,141.43,1,-1,-1,-1
55,5,803.07,492.25,57.20,155.53,1,-1,-1,-1
55,10,1075.88,411.97,163.95,451.47,1,-1,-1,-1
55,13,878.18,503.20,44.04,133.36,1,-1,-1,-1
56,1,861.78,346.35,216.41,676.91,1,-1,-1,-1
56,2,159.78,434.18,234.32,577.69,1,-1,-1,-1
56,3,475.23,398.60,181.82,584.18,1,-1,-1,-1
56,4,747.80,515.44,56.21,141.27,1,-1,-1,-1
56,5,801.25,493.02,57.48,158.31,1,-1,-1,-1
56,10,1074.25,411.75,165.38,450.65,1,-1,-1,-1
57,1,856.70,343.56,212.97,679.98,1,-1,-1,-1
57,2,141.69,420.34,237.04,605.84,1,-1,-1,-1
57,3,469.25,394.45,188.53,598.06,1,-1,-1,-1
57,4,746.00,517.71,55.92,142.06,1,-1,-1,-1
57,5,800.48,495.44,57.35,159.84,1,-1,-1,-1
57,10,1073.41,412.09,165.26,449.50,1,-1,-1,-1
58,1,846.55,346.65,223.98,675.45,1,-1,-1,-1
58,2,131.90,412.25,238.06,624.92,1,-1,-1,-1
58,3,466.13,392.54,189.91,609.29,1,-1,-1,-1
58,4,743.68,518.92,55.21,140.97,1,-1,-1,-1
58,5,800.74,496.54,56.76,160.23,1,-1,-1,-1
58,10,1071.94,412.98,167.32,448.17,1,-1,-1,-1
59,1,844.79,346.44,216.50,671.98,1,-1,-1,-1
59,2,127.45,422.71,239.63,613.99,1,-1,-1,-1
59,3,463.59,402.33,188.64,609.16,1,-1,-1,-1
59,4,742.42,518.70,54.01,140.71,1,-1,-1,-1
59,5,800.73,498.87,52.87,157.48,1,-1,-1,-1
59,10,1072.53,416.65,166.46,447.91,1,-1,-1,-1
60,1,831.83,343.97,224.55,680.96,1,-1,-1,-1
60,2,118.75,421.52,238.14,625.90,1,-1,-1,-1
60,3,457.23,403.87,192.18,618.08,1,-1,-1,-1
60,4,739.81,517.78,54.35,143.71,1,-1,-1,-1
60,5,795.75,509.41,41.90,142.23,1,-1,-1,-1
60,10,1070.58,416.62,173.56,447.34,1,-1,-1,-1
61,1,823.27,345.54,229.49,682.74,1,-1,-1,-1
61,2,108.40,413.18,239.58,641.65,1,-1,-1,-1
61,3,450.87,403.57,196.88,624.39,1,-1,-1,-1
61,4,736.82,518.15,55.72,143.98,1,-1,-1,-1
61,5,782.65,512.31,41.90,142.23,1,-1,-1,-1
61,10,1070.56,413.88,178.14,451.93,1,-1,-1,-1
62,1,820.41,342.01,230.41,687.33,1,-1,-1,-1
62,2,102.18,405.34,238.75,658.62,1,-1,-1,-1
62,3,451.96,399.83,194.10,635.81,1,-1,-1,-1
62,4,737.26,515.76,55.77,145.89,1,-1,-1,-1
62,5,769.55,515.21,41.90,142.23,1,-1,-1,-1
62,10,1071.27,416.00,179.23,451.70,1,-1,-1,-1
63,1,821.29,343.09,230.26,685.70,1,-1,-1,-1
63,2,90.81,403.83,243.41,673.31,1,-1,-1,-1
63,3,453.08,398.36,194.10,629.85,1,-1,-1,-1
63,4,739.75,514.61,54.11,144.08,1,-1,-1,-1
63,5,756.45,518.11,41.90,142.23,1,-1,-1,-1
63,10,1076.02,413.47,177.32,458.00,1,-1,-1,-1
64,1,820.64,339.52,233.65,689.62,1,-1,-1,-1
64,2,80.44,397.72,243.68,683.66,1,-1,-1,-1
64,3,447.59,387.20,203.34,644.66,1,-1,-1,-1
64,4,743.26,513.29,53.96,144.44,1,-1,-1,-1
64,10,1078.39,412.03,182.70,460.24,1,-1,-1,-1
65,1,821.64,335.31,237.25,694.37,1,-1,-1,-1
65,2,69.03,394.19,250.76,685.65,1,-1,-1,-1
65,3,444.21,386.92,212.48,647.77,1,-1,-1,-1
65,4,746.29,511.38,53.78,143.01,1,-1,-1,-1
65,10,1077.93,412.80,190.33,455.87,1,-1,-1,-1
66,1,820.78,335.43,240.30,689.63,1,-1,-1,-1
66,2,60.61,391.71,254.43,689.18,1,-1,-1,-1
66,3,446.85,385.82,215.08,656.54,1,-1,-1,-1
66,4,747.62,505.81,54.21,144.82,1,-1,-1,-1
66,10,1081.19,412.31,193.32,450.99,1,-1,-1,-1
67,1,823.68,337.56,233.09,674.42,1,-1,-1,-1
67,2,54.48,395.55,256.16,684.79,1,-1,-1,-1
67,3,443.18,377.09,220.77,670.93,1,-1,-1,-1
67,4,748.61,500.96,55.32,146.14,1,-1,-1,-1
67,10,1084.55,407.86,194.57,447.36,1,-1,-1,-1
68,1,826.89,337.90,229.95,668.81,1,-1,-1,-1
68,2,39.49,393.33,261.93,688.65,1,-1,-1,-1
68,3,437.09,363.90,227.30,686.03,1,-1,-1,-1
68,4,749.86,499.07,54.89,144.92,1,-1,-1,-1
68,10,1086.79,402.97,194.80,445.50,1,-1,-1,-1
69,1,825.99,337.11,232.92,673.21,1,-1,-1,-1
69,2,25.89,386.67,261.91,693.51,1,-1,-1,-1
69,3,437.37,353.97,230.73,700.29,1,-1,-1,-1
69,4,751.67,495.31,54.69,146.59,1,-1,-1,-1
69,10,1089.90,399.53,194.24,449.14,1,-1,-1,-1
70,1,826.49,334.97,233.12,672.15,1,-1,-1,-1
70,2,14.14,366.79,264.56,713.17,1,-1,-1,-1
70,3,431.62,352.16,240.30,706.39,1,-1,-1,-1
70,4,754.37,490.04,54.49,149.33,1,-1,-1,-1
70,10,1098.77,393.45,188.47,456.11,1,-1,-1,-1
71,1,828.19,328.70,234.93,672.75,1,-1,-1,-1
71,2,4.58,365.35,261.09,711.44,1,-1,-1,-1
71,3,425.43,346.05,243.66,725.51,1,-1,-1,-1
71,4,756.33,486.21,54.08,148.96,1,-1,-1,-1
71,10,1105.59,386.47,184.99,459.74,1,-1,-1,-1
72,1,831.60,317.55,231.27,677.47,1,-1,-1,-1
72,2,-0.97,344.90,257.25,736.47,1,-1,-1,-1
72,3,422.08,340.49,247.54,731.45,1,-1,-1,-1
72,4,755.21,481.87,55.00,150.81,1,-1,-1,-1
72,10,1107.37,383.53,184.93,457.54,1,-1,-1,-1
73,1,832.28,314.12,231.08,661.81,1,-1,-1,-1
73,2,-1.63,341.52,243.70,734.11,1,-1,-1,-1
73,3,412.13,308.18,254.65,768.38,1,-1,-1,-1
73,4,754.58,480.47,54.65,150.73,1,-1,-1,-1
73,10,1108.74,380.80,183.44,452.47,1,-1,-1,-1
74,1,833.93,307.05,227.24,669.01,1,-1,-1,-1
74,2,-2.44,338.51,229.07,742.99,1,-1,-1,-1
74,3,405.25,304.21,252.66,770.98,1,-1,-1,-1
74,4,754.71,480.28,54.06,149.03,1,-1,-1,-1
74,10,1107.95,376.44,181.52,452.28,1,-1,-1,-1
75,1,838.37,306.04,221.12,672.92,1,-1,-1,-1
75,2,-2.30,321.47,218.73,757.63,1,-1,-1,-1
75,3,390.03,297.27,263.82,783.80,1,-1,-1,-1
75,4,753.59,479.96,54.93,146.70,1,-1,-1,-1
75,10,1107.92,374.10,176.61,453.48,1,-1,-1,-1
76,1,837.77,299.24,226.50,679.63,1,-1,-1,-1
76,2,-1.26,302.83,200.37,775.04,1,-1,-1,-1
76,3,381.15,294.36,261.07,784.08,1,-1,-1,-1
76,4,751.23,477.99,56.73,147.26,1,-1,-1,-1
76,10,1105.73,369.40,176.60,451.89,1,-1,-1,-1
77,1,835.88,295.10,225.87,674.99,1,-1,-1,-1
77,2,-2.95,304.64,184.71,772.63,1,-1,-1,-1
77,3,375.40,285.21,266.13,795.78,1,-1,-1,-1
77,4,749.02,474.46,58.04,150.16,1,-1,-1,-1
77,10,1105.86,367.68,174.78,455.33,1,-1,-1,-1
78,1,837.94,301.27,220.22,666.95,1,-1,-1,-1
78,2,-0.12,328.02,164.96,753.50,1,-1,-1,-1
78,3,362.40,289.36,271.01,789.15,1,-1,-1,-1
78,4,745.58,471.94,58.43,152.01,1,-1,-1,-1
78,10,1102.08,370.18,173.60,457.13,1,-1,-1,-1
79,1,841.27,294.97,217.34,685.04,1,-1,-1,-1
79,2,-7.67,341.17,164.96,753.50,1,-1,-1,-1
79,3,339.07,279.10,283.95,803.32,1,-1,-1,-1
79,4,741.25,469.74,58.34,151.72,1,-1,-1,-1
79,10,1097.20,366.63,173.53,459.77,1,-1,-1,-1
80,1,836.67,295.80,219.34,682.42,1,-1,-1,-1
80,2,-15.22,354.32,164.96,753.50,1,-1,-1,-1
80,3,326.17,279.49,281.54,798.48,1,-1,-1,-1
80,4,736.09,464.57,59.22,153.95,1,-1,-1,-1
80,10,1095.18,360.64,171.55,464.83,1,-1,-1,-1
81,1,831.92,297.71,215.04,673.66,1,-1,-1,-1
81,2,-22.77,367.47,164.96,753.50,1,-1,-1,-1
81,3,308.78,268.08,282.35,813.96,1,-1,-1,-1
81,4,730.42,460.97,61.17,155.59,1,-1,-1,-1
81,10,1091.79,360.23,169.27,465.72,1,-1,-1,-1
82,1,823.53,296.56,218.79,671.94,1,-1,-1,-1
82,3,286.22,254.10,290.37,823.58,1,-1,-1,-1
82,4,726.69,459.43,60.91,155.95,1,-1,-1,-1
82,10,1091.88,359.99,167.68,462.91,1,-1,-1,-1
83,1,815.44,293.46,219.36,665.26,1,-1,-1,-1
83,3,267.31,237.15,290.88,841.79,1,-1,-1,-1
83,4,720.46,455.86,61.11,155.84,1,-1,-1,-1
83,10,1090.74,354.24,165.59,463.39,1,-1,-1,-1
84,1,805.37,291.63,218.55,663.68,1,-1,-1,-1
84,3,235.24,223.96,311.68,853.14,1,-1,-1,-1
84,4,713.60,453.26,60.40,155.67,1,-1,-1,-1
84,10,1081.75,352.25,166.65,465.29,1,-1,-1,-1
85,1,795.69,295.56,217.46,660.61,1,-1,-1,-1
85,3,212.54,211.25,315.97,867.32,1,-1,-1,-1
85,4,705.32,449.74,60.68,155.48,1,-1,-1,-1
85,10,1072.02,351.84,168.92,467.12,1,-1,-1,-1
85,14,1532.60,419.90,49.00,137.00,1,-1,-1,-1
85,15,975.40,374.10,90.80,323.60,1,-1,-1,-1
86,1,782.38,286.50,225.40,662.84,1,-1,-1,-1
86,3,186.92,198.54,326.35,879.42,1,-1,-1,-1
86,4,696.56,446.17,61.18,155.56,1,-1,-1,-1
86,10,1062.15,351.34,168.21,462.69,1,-1,-1,-1
86,14,1529.87,419.34,48.16,135.74,1,-1,-1,-1
86,15,968.40,372.35,93.81,323.25,1,-1,-1,-1
86,16,1806.70,438.50,38.10,105.10,1,-1,-1,-1
86,17,473.90,401.50,88.30,306.70,1,-1,-1,-1
87,1,773.93,279.34,224.56,660.43,1,-1,-1,-1
87,3,164.76,194.31,331.77,884.09,1,-1,-1,-1
87,4,688.64,444.94,60.85,157.20,1,-1,-1,-1
87,10,1051.73,346.56,169.11,462.63,1,-1,-1,-1
87,14,1523.15,416.28,48.40,135.22,1,-1,-1,-1
87,15,956.81,368.48,95.20,320.62,1,-1,-1,-1
87,16,1802.50,437.03,38.10,107.20,1,-1,-1,-1
87,17,469.84,403.32,89.00,304.39,1,-1,-1,-1
88,1,767.56,278.14,225.08,659.15,1,-1,-1,-1
88,3,139.23,193.17,340.96,886.83,1,-1,-1,-1
88,4,681.53,441.54,57.87,156.22,1,-1,-1,-1
88,10,1040.91,342.98,174.77,461.00,1,-1,-1,-1
88,14,1517.07,411.32,48.26,138.43,1,-1,-1,-1
88,15,946.99,363.93,95.06,321.17,1,-1,-1,-1
88,16,1794.75,434.03,38.24,108.18,1,-1,-1,-1
88,17,458.49,400.93,92.50,306.36,1,-1,-1,-1
89,1,753.89,273.29,226.70,659.11,1,-1,-1,-1
89,3,107.30,174.50,354.57,905.92,1,-1,-1,-1
89,4,673.30,434.54,60.41,157.82,1,-1,-1,-1
89,10,1036.00,338.15,173.67,461.21,1,-1,-1,-1
89,14,1510.13,405.98,48.57,138.34,1,-1,-1,-1
89,15,936.30,358.05,96.91,326.16,1,-1,-1,-1
89,16,1787.70,427.46,38.00,108.54,1,-1,-1,-1
89,17,446.65,394.08,92.43,312.76,1,-1,-1,-1
90,1,739.56,265.77,227.19,659.31,1,-1,-1,-1
90,3,82.43,159.94,360.89,916.97,1,-1,-1,-1
90,4,665.76,429.01,61.17,162.14,1,-1,-1,-1
90,10,1032.32,334.39,175.23,461.97,1,-1,-1,-1
90,14,1503.81,400.64,48.24,138.10,1,-1,-1,-1
90,15,931.26,352.36,95.71,325.49,1,-1,-1,-1
90,16,1781.77,422.32,38.28,107.88,1,-1,-1,-1
90,17,438.31,387.93,93.53,317.83,1,-1,-1,-1
90,18,1253.50,423.80,44.10,120.80,1,-1,-1,-1
91,1,735.36,264.16,224.05,657.34,1,-1,-1,-1
91,3,59.70,149.39,368.53,929.24,1,-1,-1,-1
91,4,658.43,426.73,61.26,161.76,1,-1,-1,-1
91,10,1026.56,330.09,180.39,457.58,1,-1,-1,-1
91,14,1500.50,397.39,48.63,138.38,1,-1,-1,-1
91,15,926.00,350.07,95.91,320.46,1,-1,-1,-1
91,16,1776.82,419.94,38.64,106.56,1,-1,-1,-1
91,17,432.56,388.62,92.88,312.21,1,-1,-1,-1
91,18,1252.03,423.87,43.40,117.93,1,-1,-1,-1
92,1,725.30,253.75,230.17,666.62,1,-1,-1,-1
92,3,30.31,123.26,376.35,955.11,1,-1,-1,-1
92,4,653.80,422.95,61.92,162.07,1,-1,-1,-1
92,10,1020.23,319.40,179.00,461.86,1,-1,-1,-1
92,14,1497.64,393.03,48.33,137.55,1,-1,-1,-1
92,15,919.12,345.48,96.25,327.49,1,-1,-1,-1
92,16,1773.20,415.71,38.61,106.03,1,-1,-1,-1
92,17,423.80,381.92,95.55,318.85,1,-1,-1,-1
92,18,1256.55,422.89,40.18,113.85,1,-1,-1,-1
93,1,717.12,242.20,229.21,674.94,1,-1,-1,-1
93,3,9.09,100.54,385.97,974.91,1,-1,-1,-1
93,4,649.38,421.28,60.16,159.71,1,-1,-1,-1
93,10,1018.27,315.27,178.37,457.97,1,-1,-1,-1
93,14,1493.20,387.04,49.15,140.25,1,-1,-1,-1
93,15,913.95,340.88,95.24,330.72,1,-1,-1,-1
93,16,1770.63,411.09,38.04,106.43,1,-1,-1,-1
93,17,417.17,377.23,97.13,320.92,1,-1,-1,-1
93,18,1264.35,421.26,37.74,111.85,1,-1,-1,-1
94,1,712.82,237.47,226.19,677.29,1,-1,-1,-1
94,3,3.35,96.74,383.05,980.01,1,-1,-1,-1
94,4,643.27,420.06,61.10,159.21,1,-1,-1,-1
94,10,1018.49,308.15,177.97,463.17,1,-1,-1,-1
94,14,1490.33,385.72,50.02,141.12,1,-1,-1,-1
94,15,909.89,342.11,95.35,324.33,1,-1,-1,-1
94,16,1767.03,407.89,39.06,106.62,1,-1,-1,-1
94,17,410.76,374.78,98.23,324.96,1,-1,-1,-1
94,18,1263.69,419.69,37.08,111.96,1,-1,-1,-1
95,1,705.15,236.37,234.60,686.61,1,-1,-1,-1
95,3,-1.76,93.88,370.77,986.02,1,-1,-1,-1
95,4,638.24,419.69,60.89,159.97,1,-1,-1,-1
95,10,1014.60,309.20,177.71,461.02,1,-1,-1,-1
95,14,1489.72,386.57,49.24,140.27,1,-1,-1,-1
95,15,909.69,344.88,94.55,322.35,1,-1,-1,-1
95,16,1765.50,405.48,38.74,108.71,1,-1,-1,-1
95,17,402.35,375.45,101.01,322.05,1,-1,-1,-1
95,18,1259.13,418.86,37.44,111.64,1,-1,-1,-1
96,1,702.08,237.76,232.36,690.66,1,-1,-1,-1
96,3,-3.38,92.44,363.58,987.27,1,-1,-1,-1
96,4,634.26,420.29,62.86,161.18,1,-1,-1,-1
96,10,1010.81,311.42,180.01,462.83,1,-1,-1,-1
96,14,1490.06,386.09,48.37,139.66,1,-1,-1,-1
96,15,906.97,342.82,97.52,327.57,1,-1,-1,-1
96,16,1763.48,407.69,37.38,107.44,1,-1,-1,-1
96,17,397.01,373.11,100.44,324.53,1,-1,-1,-1
96,18,1254.05,420.32,36.71,108.11,1,-1,-1,-1
97,1,698.79,238.77,232.81,686.70,1,-1,-1,-1
97,3,-1.06,81.89,336.92,998.84,1,-1,-1,-1
97,4,633.22,420.01,63.10,160.28,1,-1,-1,-1
97,10,1007.69,311.44,185.25,462.81,1,-1,-1,-1
97,14,1490.91,385.05,47.69,139.34,1,-1,-1,-1
97,15,905.50,343.93,96.95,324.79,1,-1,-1,-1
97,16,1762.85,407.97,36.69,107.76,1,-1,-1,-1
97,17,392.38,371.62,103.28,328.22,1,-1,-1,-1
97,18,1232.00,413.47,43.49,115.73,1,-1,-1,-1
98,1,701.51,239.56,223.28,682.57,1,-1,-1,-1
98,3,-3.54,86.78,311.50,991.74,1,-1,-1,-1
98,4,632.55,417.57,63.17,162.33,1,-1,-1,-1
98,10,1011.95,310.81,185.78,464.41,1,-1,-1,-1
98,14,1490.85,384.76,47.56,137.49,1,-1,-1,-1
98,15,904.63,343.80,96.21,326.20,1,-1,-1,-1
98,16,1764.38,407.28,36.49,104.92,1,-1,-1,-1
98,17,392.81,374.53,102.45,327.09,1,-1,-1,-1
98,18,1221.58,409.52,44.90,119.00,1,-1,-1,-1
99,1,700.19,244.33,221.33,668.17,1,-1,-1,-1
99,3,1.79,93.54,278.25,988.98,1,-1,-1,-1
99,4,631.73,417.43,63.89,163.71,1,-1,-1,-1
99,10,1014.97,313.76,187.61,466.36,1,-1,-1,-1
99,14,1492.26,384.41,47.66,137.57,1,-1,-1,-1
99,15,906.33,346.88,93.26,322.84,1,-1,-1,-1
99,16,1765.60,407.28,37.62,102.67,1,-1,-1,-1
99,17,390.67,374.16,104.52,329.97,1,-1,-1,-1
99,18,1225.97,409.13,45.18,121.03,1,-1,-1,-1
100,1,697.15,244.98,226.56,672.67,1,-1,-1,-1
100,3,-0.72,136.14,271.56,945.45,1,-1,-1,-1
100,4,630.82,416.33,64.39,165.31,1,-1,-1,-1
100,10,1016.82,314.63,191.73,465.06,1,-1,-1,-1
100,14,1496.05,383.89,47.41,137.38,1,-1,-1,-1
100,15,907.64,344.26,93.99,330.72,1,-1,-1,-1
100,16,1768.24,406.13,38.79,105.00,1,-1,-1,-1
100,17,388.84,371.59,101.28,334.68,1,-1,-1,-1
100,18,1225.37,408.25,45.33,121.92,1,-1,-1,-1
101,1,700.26,246.75,224.70,667.16,1,-1,-1,-1
101,3,5.64,132.03,249.96,958.30,1,-1,-1,-1
101,4,632.02,414.67,65.10,166.14,1,-1,-1,-1
101,10,1021.71,315.81,195.84,466.56,1,-1,-1,-1
101,14,1501.76,381.39,48.87,138.65,1,-1,-1,-1
101,15,910.02,340.79,97.78,331.90,1,-1,-1,-1
101,16,1772.96,402.07,39.22,105.98,1,-1,-1,-1
101,17,387.75,370.60,99.62,337.49,1,-1,-1,-1
101,18,1224.87,408.02,46.71,121.91,1,-1,-1,-1
102,1,703.46,242.92,225.75,674.89,1,-1,-1,-1
102,3,-2.46,113.53,249.96,958.30,1,-1,-1,-1
102,4,636.51,414.33,65.52,167.02,1,-1,-1,-1
102,10,1028.90,317.00,190.84,468.69,1,-1,-1,-1
102,14,1509.37,379.68,48.82,138.41,1,-1,-1,-1
102,15,917.39,346.18,99.89,317.55,1,-1,-1,-1
102,16,1782.29,401.09,39.28,106.55,1,-1,-1,-1
102,17,387.85,366.32,99.25,342.68,1,-1,-1,-1
102,18,1228.49,405.82,47.68,121.62,1,-1,-1,-1
103,1,711.99,243.51,225.08,671.47,1,-1,-1,-1
103,3,-10.56,95.03,249.96,958.30,1,-1,-1,-1
103,4,644.57,413.88,63.48,165.68,1,-1,-1,-1
103,10,1035.28,315.53,196.06,468.63,1,-1,-1,-1
103,14,1518.93,378.78,49.02,138.61,1,-1,-1,-1
103,15,923.38,341.03,102.28,330.88,1,-1,-1,-1
103,16,1793.07,400.37,40.62,109.88,1,-1,-1,-1
103,17,392.61,360.90,98.94,350.18,1,-1,-1,-1
103,18,1237.61,403.79,46.71,122.17,1,-1,-1,-1
104,1,726.80,243.19,220.13,667.22,1,-1,-1,-1
104,3,-1.05,120.26,213.52,946.89,1,-1,-1,-1
104,4,656.24,409.61,63.21,168.56,1,-1,-1,-1
104,10,1043.17,316.31,201.48,468.19,1,-1,-1,-1
104,14,1531.64,378.53,48.44,137.48,1,-1,-1,-1
104,15,928.05,336.01,99.21,331.74,1,-1,-1,-1
104,16,1803.52,396.37,39.49,111.29,1,-1,-1,-1
104,17,402.16,358.77,102.34,356.85,1,-1,-1,-1
104,18,1246.71,402.09,45.93,119.95,1,-1,-1,-1
105,1,738.14,242.89,214.16,661.68,1,-1,-1,-1
105,3,-9.18,123.89,213.52,946.89,1,-1,-1,-1
105,4,667.22,408.59,63.69,167.96,1,-1,-1,-1
105,10,1050.17,314.41,201.49,471.91,1,-1,-1,-1
105,14,1545.68,377.90,47.99,134.42,1,-1,-1,-1
105,15,935.50,329.27,96.96,334.58,1,-1,-1,-1
105,16,1817.26,394.73,38.94,110.74,1,-1,-1,-1
105,17,413.44,362.02,102.59,352.68,1,-1,-1,-1
105,18,1252.46,399.02,46.47,120.89,1,-1,-1,-1
106,1,742.46,237.52,216.71,665.05,1,-1,-1,-1
106,3,-17.32,127.53,213.52,946.89,1,-1,-1,-1
106,4,673.07,405.35,65.38,170.44,1,-1,-1,-1
106,10,1058.77,309.58,198.77,472.67,1,-1,-1,-1
106,14,1556.36,372.64,49.05,138.81,1,-1,-1,-1
106,15,943.66,327.54,97.13,336.83,1,-1,-1,-1
106,16,1829.90,392.54,40.59,110.08,1,-1,-1,-1
106,17,418.93,358.57,103.09,357.46,1,-1,-1,-1
106,18,1257.58,395.96,48.31,124.19,1,-1,-1,-1
107,1,750.35,233.91,214.95,674.05,1,-1,-1,-1
107,3,-25.45,131.16,213.52,946.89,1,-1,-1,-1
107,4,678.82,402.50,68.47,173.21,1,-1,-1,-1
107,10,1071.74,300.53,190.60,476.19,1,-1,-1,-1
107,14,1564.91,370.59,48.87,138.24,1,-1,-1,-1
107,15,948.58,324.74,98.23,338.42,1,-1,-1,-1
107,16,1842.31,389.82,39.55,109.60,1,-1,-1,-1
107,17,424.36,353.55,102.26,362.95,1,-1,-1,-1
107,18,1263.48,393.87,46.90,125.11,1,-1,-1,-1
108,1,755.26,234.99,216.88,664.91,1,-1,-1,-1
108,4,683.65,402.59,67.30,171.94,1,-1,-1,-1
108,10,1078.29,295.54,188.15,479.00,1,-1,-1,-1
108,14,1573.90,369.72,48.26,137.51,1,-1,-1,-1
108,15,951.15,324.55,98.98,334.35,1,-1,-1,-1
108,16,1855.29,388.07,38.81,110.65,1,-1,-1,-1
108,17,427.10,352.11,104.04,363.68,1,-1,-1,-1
108,18,1267.35,392.79,45.99,124.89,1,-1,-1,-1
109,1,757.85,234.44,220.53,655.66,1,-1,-1,-1
109,4,685.30,400.29,67.30,172.68,1,-1,-1,-1
109,10,1080.29,289.86,187.56,482.43,1,-1,-1,-1
109,14,1581.17,369.32,47.52,136.59,1,-1,-1,-1
109,15,955.33,325.22,95.14,332.91,1,-1,-1,-1
109,16,1862.09,387.27,39.15,107.75,1,-1,-1,-1
109,17,428.62,355.67,103.03,359.99,1,-1,-1,-1
109,18,1270.78,394.10,46.07,121.26,1,-1,-1,-1
110,1,766.33,234.23,213.86,657.79,1,-1,-1,-1
110,4,686.90,397.11,68.84,173.67,1,-1,-1,-1
110,10,1081.06,293.83,191.72,471.28,1,-1,-1,-1
110,14,1585.80,366.87,48.42,138.42,1,-1,-1,-1
110,15,957.95,325.82,97.28,332.97,1,-1,-1,-1
110,16,1866.43,386.21,38.63,106.17,1,-1,-1,-1
110,17,428.34,351.49,101.47,369.17,1,-1,-1,-1
110,18,1275.64,392.11,47.56,122.69,1,-1,-1,-1
111,1,770.98,230.40,212.21,655.21,1,-1,-1,-1
111,4,688.68,394.25,69.93,172.57,1,-1,-1,-1
111,10,1085.51,299.68,192.54,469.33,1,-1,-1,-1
111,14,1590.23,364.68,49.52,139.11,1,-1,-1,-1
111,15,959.94,324.40,99.39,336.42,1,-1,-1,-1
111,16,1874.08,386.67,36.16,104.86,1,-1,-1,-1
111,17,424.10,348.70,106.11,367.37,1,-1,-1,-1
111,18,1279.67,389.71,48.36,125.64,1,-1,-1,-1
112,1,769.92,226.02,213.04,652.19,1,-1,-1,-1
112,4,691.69,391.58,69.35,175.53,1,-1,-1,-1
112,10,1092.22,300.18,187.61,468.47,1,-1,-1,-1
112,14,1595.92,365.01,49.93,136.79,1,-1,-1,-1
112,15,963.87,324.18,98.63,333.26,1,-1,-1,-1
112,16,1881.23,386.37,36.16,104.86,1,-1,-1,-1
112,17,422.86,342.94,107.15,373.48,1,-1,-1,-1
112,18,1283.71,389.64,49.44,126.87,1,-1,-1,-1
113,1,769.54,224.92,211.89,653.60,1,-1,-1,-1
113,4,691.44,389.79,70.78,178.52,1,-1,-1,-1
113,10,1091.43,292.48,189.42,472.76,1,-1,-1,-1
113,14,1602.37,363.56,51.03,138.83,1,-1,-1,-1
113,15,967.38,323.44,96.51,330.63,1,-1,-1,-1
113,16,1888.38,386.07,36.16,104.86,1,-1,-1,-1
113,17,423.01,340.64,106.14,380.42,1,-1,-1,-1
113,18,1288.06,388.73,49.48,126.47,1,-1,-1,-1
114,1,770.03,224.65,210.08,651.92,1,-1,-1,-1
114,4,692.82,389.31,70.10,179.49,1,-1,-1,-1
114,10,1098.03,287.47,181.71,473.63,1,-1,-1,-1
114,14,1608.12,363.53,49.96,136.85,1,-1,-1,-1
114,15,969.63,321.82,96.22,331.94,1,-1,-1,-1
114,16,1895.53,385.77,36.16,104.86,1,-1,-1,-1
114,17,421.56,338.35,107.23,383.00,1,-1,-1,-1
114,18,1291.19,388.52,48.09,125.51,1,-1,-1,-1
115,1,771.13,232.73,210.44,653.52,1,-1,-1,-1
115,4,696.04,389.39,68.63,179.92,1,-1,-1,-1
115,10,1104.74,285.91,182.12,473.68,1,-1,-1,-1
115,14,1612.81,363.00,49.43,135.41,1,-1,-1,-1
115,15,973.69,323.72,95.93,329.25,1,-1,-1,-1
115,17,418.58,339.92,109.45,374.46,1,-1,-1,-1
115,18,1291.97,386.51,47.26,122.91,1,-1,-1,-1
116,1,772.53,237.44,206.70,652.59,1,-1,-1,-1
116,4,696.41,389.46,70.71,179.62,1,-1,-1,-1
116,10,1108.52,285.79,180.01,474.88,1,-1,-1,-1
116,14,1617.87,362.11,49.62,135.12,1,-1,-1,-1
116,15,974.26,327.78,96.89,325.51,1,-1,-1,-1
116,17,417.16,336.53,109.76,378.97,1,-1,-1,-1
116,18,1290.61,385.66,47.92,126.96,1,-1,-1,-1
117,1,769.66,229.46,206.35,644.83,1,-1,-1,-1
117,4,697.42,386.71,70.42,181.01,1,-1,-1,-1
117,10,1106.52,284.89,182.94,479.45,1,-1,-1,-1
117,14,1622.01,360.47,50.66,136.09,1,-1,-1,-1
117,15,973.62,327.66,96.34,325.50,1,-1,-1,-1
117,17,415.25,330.35,110.07,386.62,1,-1,-1,-1
117,18,1290.36,391.01,47.92,126.96,1,-1,-1,-1
118,1,766.81,223.24,208.14,647.33,1,-1,-1,-1
118,4,696.33,385.10,69.64,182.05,1,-1,-1,-1
118,10,1104.19,288.23,188.58,477.52,1,-1,-1,-1
118,14,1624.74,359.70,51.46,137.57,1,-1,-1,-1
118,15,974.24,329.30,96.17,322.35,1,-1,-1,-1
118,17,411.36,336.77,110.37,380.10,1,-1,-1,-1
118,18,1290.11,396.36,47.92,126.96,1,-1,-1,-1
119,1,764.93,228.61,208.32,645.21,1,-1,-1,-1
119,4,694.50,387.10,68.63,181.74,1,-1,-1,-1
119,10,1108.56,289.33,186.28,477.16,1,-1,-1,-1
119,14,1625.97,360.91,53.38,139.62,1,-1,-1,-1
119,15,975.84,326.12,96.12,324.14,1,-1,-1,-1
119,17,406.35,338.47,111.23,385.91,1,-1,-1,-1
119,18,1292.34,393.72,46.02,131.89,1,-1,-1,-1
120,1,765.07,229.55,208.03,648.70,1,-1,-1,-1
120,4,693.11,389.26,68.33,180.31,1,-1,-1,-1
120,10,1109.06,291.64,187.98,479.22,1,-1,-1,-1
120,14,1628.27,361.57,54.51,140.03,1,-1,-1,-1
120,15,974.54,324.88,97.44,326.63,1,-1,-1,-1
120,17,396.78,332.78,119.05,390.94,1,-1,-1,-1
120,18,1292.90,395.54,46.02,131.89,1,-1,-1,-1
121,1,760.85,230.22,211.16,653.53,1,-1,-1,-1
121,4,691.43,390.51,68.31,180.44,1,-1,-1,-1
121,10,1110.74,292.27,182.04,483.97,1,-1,-1,-1
121,14,1630.13,360.59,55.83,141.55,1,-1,-1,-1
121,15,970.67,330.80,99.65,322.48,1,-1,-1,-1
121,17,387.43,330.09,121.60,400.08,1,-1,-1,-1
121,18,1293.47,397.36,46.02,131.89,1,-1,-1,-1
122,1,751.98,226.32,215.81,654.07,1,-1,-1,-1
122,4,688.68,388.82,70.33,183.84,1,-1,-1,-1
122,10,1109.57,291.17,180.26,485.88,1,-1,-1,-1
122,14,1629.58,361.62,56.16,140.11,1,-1,-1,-1
122,15,968.49,328.25,99.76,326.06,1,-1,-1,-1
122,17,378.05,331.26,125.38,404.71,1,-1,-1,-1
122,18,1294.04,399.17,46.02,131.89,1,-1,-1,-1
123,1,742.79,226.34,220.42,650.80,1,-1,-1,-1
123,4,685.93,387.90,70.59,185.14,1,-1,-1,-1
123,10,1107.48,292.36,175.81,482.74,1,-1,-1,-1
123,14,1627.61,363.16,54.79,138.00,1,-1,-1,-1
123,15,967.22,325.29,100.49,330.22,1,-1,-1,-1
123,17,372.15,331.22,125.18,407.50,1,-1,-1,-1
124,1,741.55,225.40,216.84,660.04,1,-1,-1,-1
124,4,682.92,386.02,71.16,187.98,1,-1,-1,-1
124,10,1101.51,293.20,177.41,480.19,1,-1,-1,-1
124,14,1625.70,365.95,52.42,136.81,1,-1,-1,-1
124,15,966.19,326.66,98.33,331.26,1,-1,-1,-1
124,17,364.57,330.90,128.00,414.01,1,-1,-1,-1
125,1,734.38,233.22,213.87,651.61,1,-1,-1,-1
125,4,679.50,383.59,70.07,192.05,1,-1,-1,-1
125,10,1096.21,291.75,178.45,481.04,1,-1,-1,-1
125,14,1623.15,366.97,52.40,136.52,1,-1,-1,-1
125,15,960.86,325.00,99.71,335.56,1,-1,-1,-1
125,17,356.14,334.49,130.59,415.26,1,-1,-1,-1
126,1,722.13,230.17,215.85,658.67,1,-1,-1,-1
126,4,675.82,382.57,69.67,192.72,1,-1,-1,-1
126,10,1092.57,293.00,179.33,481.08,1,-1,-1,-1
126,14,1621.81,368.89,51.98,133.57,1,-1,-1,-1
126,15,955.43,323.58,99.98,337.34,1,-1,-1,-1
126,17,348.25,332.83,131.72,421.24,1,-1,-1,-1
127,1,721.78,227.42,213.16,660.23,1,-1,-1,-1
127,4,672.18,383.36,70.95,191.02,1,-1,-1,-1
127,10,1083.80,296.05,187.71,481.79,1,-1,-1,-1
127,14,1619.11,369.50,51.43,134.64,1,-1,-1,-1
127,15,948.06,323.89,102.58,339.55,1,-1,-1,-1
127,17,340.63,326.93,133.45,427.86,1,-1,-1,-1
128,1,720.74,228.91,213.33,660.42,1,-1,-1,-1
128,4,667.71,383.32,70.99,194.02,1,-1,-1,-1
128,10,1080.56,292.96,188.40,481.87,1,-1,-1,-1
128,14,1617.61,369.54,50.22,134.75,1,-1,-1,-1
128,15,942.21,325.90,103.16,338.19,1,-1,-1,-1
128,17,331.15,327.55,136.22,433.49,1,-1,-1,-1
129,1,715.85,229.92,217.30,661.74,1,-1,-1,-1
129,4,664.53,384.97,71.56,192.61,1,-1,-1,-1
129,10,1078.04,290.12,188.12,484.76,1,-1,-1,-1
129,14,1617.94,368.34,49.86,134.58,1,-1,-1,-1
129,15,940.43,326.66,102.63,336.31,1,-1,-1,-1
129,17,322.06,330.72,140.82,436.51,1,-1,-1,-1
130,1,713.31,230.88,220.10,660.80,1,-1,-1,-1
130,4,661.20,383.30,70.82,196.45,1,-1,-1,-1
130,10,1075.82,288.90,189.09,486.47,1,-1,-1,-1
130,14,1618.20,367.26,49.96,135.92,1,-1,-1,-1
130,15,938.02,320.55,103.59,343.23,1,-1,-1,-1
130,17,319.63,329.22,139.55,442.59,1,-1,-1,-1
131,1,714.35,231.03,217.30,655.62,1,-1,-1,-1
131,4,658.89,383.76,70.81,197.68,1,-1,-1,-1
131,10,1076.47,287.08,186.16,486.63,1,-1,-1,-1
131,14,1617.55,367.15,51.25,135.84,1,-1,-1,-1
131,15,935.38,317.38,103.81,344.89,1,-1,-1,-1
131,17,313.14,332.23,141.75,443.37,1,-1,-1,-1
132,1,715.32,237.94,215.62,646.51,1,-1,-1,-1
132,4,659.41,384.56,71.29,198.88,1,-1,-1,-1
132,10,1076.48,287.83,183.32,487.38,1,-1,-1,-1
132,14,1617.07,364.98,51.91,137.49,1,-1,-1,-1
132,15,932.32,322.33,104.99,336.85,1,-1,-1,-1
132,17,307.94,331.52,142.56,446.47,1,-1,-1,-1
133,1,717.68,239.53,213.72,644.40,1,-1,-1,-1
133,4,658.03,385.70,71.30,198.68,1,-1,-1,-1
133,10,1077.91,288.30,183.66,488.16,1,-1,-1,-1
133,14,1617.72,364.24,53.09,138.34,1,-1,-1,-1
133,15,929.98,325.19,105.28,332.54,1,-1,-1,-1
133,17,304.26,330.85,143.85,449.64,1,-1,-1,-1
134,1,722.02,239.53,211.88,635.58,1,-1,-1,-1
134,4,655.22,386.41,74.38,203.32,1,-1,-1,-1
134,10,1078.91,291.00,183.62,484.83,1,-1,-1,-1
134,14,1618.85,364.12,54.57,139.01,1,-1,-1,-1
134,15,926.80,318.54,103.89,341.68,1,-1,-1,-1
134,17,301.51,329.85,142.34,455.07,1,-1,-1,-1
135,1,723.61,237.01,210.85,639.79,1,-1,-1,-1
135,4,653.79,390.33,75.30,204.84,1,-1,-1,-1
135,10,1077.62,292.95,185.42,486.42,1,-1,-1,-1
135,14,1620.00,363.52,55.99,139.35,1,-1,-1,-1
135,15,922.91,319.61,105.23,337.84,1,-1,-1,-1
135,17,297.82,328.02,143.57,463.56,1,-1,-1,-1
136,1,726.01,241.22,208.71,638.19,1,-1,-1,-1
136,4,650.14,393.56,79.64,204.39,1,-1,-1,-1
136,10,1078.38,293.26,188.21,491.31,1,-1,-1,-1
136,14,1622.70,362.41,56.56,138.97,1,-1,-1,-1
136,15,924.60,317.99,102.20,344.32,1,-1,-1,-1
136,17,294.45,328.96,146.53,465.97,1,-1,-1,-1
136,19,1018.10,365.00,77.50,227.20,1,-1,-1,-1
137,1,728.21,242.84,208.07,632.67,1,-1,-1,-1
137,4,649.08,393.15,85.28,205.66,1,-1,-1,-1
137,10,1081.77,292.51,188.83,496.48,1,-1,-1,-1
137,14,1625.27,362.81,57.57,140.95,1,-1,-1,-1
137,15,926.05,324.18,99.68,341.79,1,-1,-1,-1
137,17,292.67,327.05,148.05,468.65,1,-1,-1,-1
137,19,1016.98,365.42,78.97,227.76,1,-1,-1,-1
138,1,729.41,245.46,210.19,631.64,1,-1,-1,-1
138,4,652.34,395.36,85.15,207.30,1,-1,-1,-1
138,10,1085.51,297.74,187.90,496.91,1,-1,-1,-1
138,14,1631.39,367.17,56.89,140.49,1,-1,-1,-1
138,15,927.45,331.97,100.46,336.83,1,-1,-1,-1
138,17,285.83,327.61,153.33,473.24,1,-1,-1,-1
138,19,1019.28,367.32,79.83,225.83,1,-1,-1,-1
139,1,735.71,248.29,206.07,624.26,1,-1,-1,-1
139,4,655.53,399.02,82.67,206.95,1,-1,-1,-1
139,10,1086.99,300.20,190.42,496.90,1,-1,-1,-1
139,14,1637.41,366.62,56.06,138.61,1,-1,-1,-1
139,15,928.27,327.13,101.61,341.08,1,-1,-1,-1
139,17,278.04,331.68,157.51,475.87,1,-1,-1,-1
139,19,1022.12,366.08,79.88,228.89,1,-1,-1,-1
140,1,742.31,250.18,202.94,624.50,1,-1,-1,-1
140,4,656.73,393.44,82.55,212.79,1,-1,-1,-1
140,10,1090.97,301.26,189.08,497.04,1,-1,-1,-1
140,14,1642.11,363.68,55.53,138.11,1,-1,-1,-1
140,15,930.44,327.43,102.58,338.43,1,-1,-1,-1
140,17,271.97,328.29,160.86,489.19,1,-1,-1,-1
140,19,1017.04,368.33,86.61,230.79,1,-1,-1,-1
141,1,746.53,249.04,200.95,629.75,1,-1,-1,-1
141,4,657.63,392.15,82.51,210.70,1,-1,-1,-1
141,10,1094.23,303.86,193.85,496.66,1,-1,-1,-1
141,14,1649.35,364.55,52.43,136.49,1,-1,-1,-1
141,15,932.07,330.15,103.50,339.39,1,-1,-1,-1
141,17,269.78,328.23,161.94,497.95,1,-1,-1,-1
141,19,1021.04,372.28,83.10,229.12,1,-1,-1,-1
142,1,748.19,247.31,200.99,632.02,1,-1,-1,-1
142,4,657.17,392.90,86.63,213.85,1,-1,-1,-1
142,10,1097.72,303.53,197.46,495.57,1,-1,-1,-1
142,14,1654.51,364.71,53.95,137.34,1,-1,-1,-1
142,15,934.04,330.76,102.80,339.12,1,-1,-1,-1
142,17,268.24,323.62,165.97,509.81,1,-1,-1,-1
142,19,1027.56,371.53,83.45,226.44,1,-1,-1,-1
143,1,750.74,247.08,205.69,640.83,1,-1,-1,-1
143,4,661.04,395.88,86.47,215.84,1,-1,-1,-1
143,10,1102.59,298.73,193.50,501.33,1,-1,-1,-1
143,14,1660.94,365.78,54.54,137.10,1,-1,-1,-1
143,15,939.20,330.40,101.61,343.31,1,-1,-1,-1
143,17,266.73,327.74,168.79,507.56,1,-1,-1,-1
143,19,1030.82,371.91,81.81,227.25,1,-1,-1,-1
144,1,762.62,255.11,199.61,625.69,1,-1,-1,-1
144,4,665.13,396.96,86.91,216.72,1,-1,-1,-1
144,10,1107.47,298.66,197.35,502.64,1,-1,-1,-1
144,14,1667.36,366.33,55.77,138.08,1,-1,-1,-1
144,15,942.41,330.20,100.69,344.28,1,-1,-1,-1
144,17,264.48,332.33,172.30,509.97,1,-1,-1,-1
144,19,1031.60,374.78,82.64,227.64,1,-1,-1,-1
145,1,771.23,255.64,195.61,628.36,1,-1,-1,-1
145,4,668.10,393.73,85.50,219.23,1,-1,-1,-1
145,10,1117.57,302.27,195.77,501.63,1,-1,-1,-1
145,14,1674.69,365.61,56.63,141.80,1,-1,-1,-1
145,15,946.49,331.08,98.53,340.02,1,-1,-1,-1
145,17,263.67,331.05,173.14,514.54,1,-1,-1,-1
145,19,1034.67,376.76,85.76,228.66,1,-1,-1,-1
146,1,777.80,260.91,191.12,626.57,1,-1,-1,-1
146,4,672.00,393.88,83.75,216.41,1,-1,-1,-1
146,10,1124.44,301.63,195.37,499.02,1,-1,-1,-1
146,14,1681.80,367.07,58.92,141.73,1,-1,-1,-1
146,15,948.92,331.92,101.17,339.59,1,-1,-1,-1
146,17,260.06,327.27,173.18,525.22,1,-1,-1,-1
146,19,1040.43,376.88,83.48,227.92,1,-1,-1,-1
147,1,782.52,264.24,192.16,624.28,1,-1,-1,-1
147,4,674.06,392.90,83.72,219.90,1,-1,-1,-1
147,10,1127.24,300.69,197.91,497.12,1,-1,-1,-1
147,14,1688.53,370.40,58.14,138.70,1,-1,-1,-1
147,15,950.25,333.62,105.81,339.04,1,-1,-1,-1
147,17,254.47,329.36,174.52,529.69,1,-1,-1,-1
147,19,1044.01,377.66,82.09,227.07,1,-1,-1,-1
148,1,786.97,267.14,190.93,620.09,1,-1,-1,-1
148,4,674.42,396.29,82.51,216.54,1,-1,-1,-1
148,10,1135.43,300.57,191.11,494.79,1,-1,-1,-1
148,14,1694.09,370.88,56.92,138.77,1,-1,-1,-1
148,15,951.63,334.16,106.71,344.40,1,-1,-1,-1
148,17,249.37,327.95,178.78,542.09,1,-1,-1,-1
148,19,1046.38,381.82,81.96,224.99,1,-1,-1,-1
149,1,778.28,267.44,206.45,629.55,1,-1,-1,-1
149,4,673.71,396.96,84.25,219.45,1,-1,-1,-1
149,10,1136.85,300.33,196.00,497.67,1,-1,-1,-1
149,14,1698.73,373.22,56.21,139.42,1,-1,-1,-1
149,15,952.79,335.94,106.63,346.08,1,-1,-1,-1
149,17,242.97,323.87,183.34,553.79,1,-1,-1,-1
149,19,1048.16,383.81,81.29,222.97,1,-1,-1,-1
150,1,777.41,266.94,206.27,631.89,1,-1,-1,-1
150,4,674.48,399.10,84.29,219.07,1,-1,-1,-1
150,10,1140.25,306.48,197.33,500.77,1,-1,-1,-1
150,14,1703.42,374.82,54.17,139.27,1,-1,-1,-1
150,15,955.91,336.04,105.21,348.26,1,-1,-1,-1
150,17,236.88,318.27,186.74,563.04,1,-1,-1,-1
150,19,1046.81,383.95,84.80,225.30,1,-1,-1,-1
151,1,783.30,266.60,200.13,622.38,1,-1,-1,-1
151,4,676.32,404.96,85.28,219.44,1,-1,-1,-1
151,10,1140.55,306.83,200.18,501.00,1,-1,-1,-1
151,14,1708.18,376.62,52.02,134.81,1,-1,-1,-1
151,15,958.70,333.69,104.29,349.34,1,-1,-1,-1
151,17,230.37,314.67,186.85,571.76,1,-1,-1,-1
151,19,1046.66,384.55,85.92,226.63,1,-1,-1,-1
152,1,777.15,265.48,209.77,619.94,1,-1,-1,-1
152,4,676.17,406.92,87.81,223.19,1,-1,-1,-1
152,10,1139.73,305.01,200.96,499.88,1,-1,-1,-1
152,14,1711.12,376.64,52.78,135.99,1,-1,-1,-1
152,15,959.93,334.42,104.86,350.43,1,-1,-1,-1
152,17,225.14,313.78,186.82,582.29,1,-1,-1,-1
152,19,1046.42,382.86,86.12,229.34,1,-1,-1,-1
153,1,778.04,265.82,205.52,613.19,1,-1,-1,-1
153,4,674.52,405.60,88.71,226.14,1,-1,-1,-1
153,10,1145.46,304.86,191.82,503.67,1,-1,-1,-1
153,14,1714.42,376.84,52.78,135.99,1,-1,-1,-1
153,15,962.31,335.87,105.03,353.63,1,-1,-1,-1
153,17,216.42,313.88,191.14,586.99,1,-1,-1,-1
153,19,1045.91,382.15,87.08,231.13,1,-1,-1,-1
154,1,779.12,265.12,204.11,609.35,1,-1,-1,-1
154,4,674.59,407.82,87.02,227.79,1,-1,-1,-1
154,10,1146.95,308.65,194.96,509.99,1,-1,-1,-1
154,14,1717.72,377.04,52.78,135.99,1,-1,-1,-1
154,15,963.28,336.31,105.99,354.03,1,-1,-1,-1
154,17,203.67,309.15,196.08,595.61,1,-1,-1,-1
154,19,1046.07,384.67,86.12,228.59,1,-1,-1,-1
155,1,778.12,259.63,201.86,622.19,1,-1,-1,-1
155,4,671.85,405.40,90.23,228.71,1,-1,-1,-1
155,10,1147.72,307.29,194.50,509.37,1,-1,-1,-1
155,14,1721.02,377.24,52.78,135.99,1,-1,-1,-1
155,15,963.70,335.46,105.02,355.06,1,-1,-1,-1
155,17,194.24,304.32,200.37,604.07,1,-1,-1,-1
155,19,1042.88,382.04,89.18,234.55,1,-1,-1,-1
156,1,771.06,259.56,215.75,618.98,1,-1,-1,-1
156,4,670.23,402.74,91.12,229.96,1,-1,-1,-1
156,10,1145.67,303.64,194.92,508.76,1,-1,-1,-1
156,15,961.14,333.95,106.19,352.01,1,-1,-1,-1
156,17,185.03,298.01,203.54,615.92,1,-1,-1,-1
156,19,1042.90,385.52,87.87,232.13,1,-1,-1,-1
157,1,773.38,260.59,211.93,618.99,1,-1,-1,-1
157,4,668.82,405.50,89.15,230.97,1,-1,-1,-1
157,10,1141.19,310.37,199.39,505.29,1,-1,-1,-1
157,15,957.51,333.62,104.17,357.39,1,-1,-1,-1
157,17,174.31,297.35,204.28,617.17,1,-1,-1,-1
157,19,1042.30,388.16,88.24,227.28,1,-1,-1,-1
158,1,763.66,259.34,221.78,629.01,1,-1,-1,-1
158,4,662.01,403.74,92.75,234.21,1,-1,-1,-1
158,10,1139.15,311.44,197.16,507.89,1,-1,-1,-1
158,15,953.54,335.39,103.77,355.93,1,-1,-1,-1
158,17,158.77,293.32,212.55,626.92,1,-1,-1,-1
158,19,1043.18,386.29,83.52,227.50,1,-1,-1,-1
159,1,760.83,258.66,220.46,631.45,1,-1,-1,-1
159,4,656.30,400.00,92.86,237.49,1,-1,-1,-1
159,10,1137.57,307.77,194.32,510.77,1,-1,-1,-1
159,15,947.34,333.39,107.01,352.48,1,-1,-1,-1
159,17,141.46,293.10,221.62,635.17,1,-1,-1,-1
159,19,1039.61,383.36,83.16,229.95,1,-1,-1,-1
160,1,764.71,258.43,212.51,632.12,1,-1,-1,-1
160,4,650.26,397.65,95.83,240.51,1,-1,-1,-1
160,10,1134.03,303.38,192.63,513.94,1,-1,-1,-1
160,15,943.01,336.14,108.54,343.60,1,-1,-1,-1
160,17,127.33,292.42,222.37,647.72,1,-1,-1,-1
160,19,1036.91,382.16,82.56,231.25,1,-1,-1,-1
161,1,766.96,261.69,207.18,626.43,1,-1,-1,-1
161,4,641.88,394.07,100.29,245.12,1,-1,-1,-1
161,10,1129.62,303.14,189.74,515.66,1,-1,-1,-1
161,15,939.73,334.11,107.88,346.47,1,-1,-1,-1
161,17,113.53,288.59,223.65,669.90,1,-1,-1,-1
161,19,1033.63,383.71,84.41,231.28,1,-1,-1,-1
161,20,1703.60,383.70,56.10,132.10,1,-1,-1,-1
162,1,758.64,266.33,217.90,625.36,1,-1,-1,-1
162,4,635.21,394.15,101.00,245.32,1,-1,-1,-1
162,10,1118.39,312.12,196.29,511.00,1,-1,-1,-1
162,15,936.13,331.87,105.65,351.39,1,-1,-1,-1
162,17,95.78,296.59,229.57,671.44,1,-1,-1,-1
162,19,1029.56,384.73,84.05,230.04,1,-1,-1,-1
162,20,1701.15,383.91,57.36,132.94,1,-1,-1,-1
163,1,753.16,267.23,223.64,626.37,1,-1,-1,-1
163,4,627.35,392.61,101.98,246.22,1,-1,-1,-1
163,10,1109.19,310.00,199.45,514.29,1,-1,-1,-1
163,15,931.12,328.52,103.73,359.66,1,-1,-1,-1
163,17,83.83,291.30,228.75,687.02,1,-1,-1,-1
163,19,1022.95,388.07,84.86,224.62,1,-1,-1,-1
163,20,1698.02,384.03,56.13,132.77,1,-1,-1,-1
164,1,756.41,267.47,215.49,621.91,1,-1,-1,-1
164,4,619.55,390.25,100.03,246.83,1,-1,-1,-1
164,10,1106.00,304.97,198.85,514.51,1,-1,-1,-1
164,15,926.51,327.89,97.34,362.98,1,-1,-1,-1
164,17,66.82,283.62,234.52,709.41,1,-1,-1,-1
164,19,1018.86,387.65,84.40,223.63,1,-1,-1,-1
164,20,1693.26,381.45,56.32,133.77,1,-1,-1,-1
165,1,756.96,265.19,213.12,624.91,1,-1,-1,-1
165,4,610.76,393.32,103.02,244.01,1,-1,-1,-1
165,10,1097.76,301.41,205.26,515.83,1,-1,-1,-1
165,15,925.29,331.95,88.91,353.33,1,-1,-1,-1
165,17,45.91,288.84,241.79,714.65,1,-1,-1,-1
165,19,1013.76,384.83,86.50,226.55,1,-1,-1,-1
165,20,1689.15,378.12,56.94,136.80,1,-1,-1,-1
165,21,702.40,358.30,93.30,288.60,1,-1,-1,-1
166,1,758.83,259.30,210.59,629.03,1,-1,-1,-1
166,4,603.60,395.65,102.03,243.02,1,-1,-1,-1
166,10,1093.61,294.20,205.78,515.67,1,-1,-1,-1
166,15,926.81,330.45,83.86,347.22,1,-1,-1,-1
166,17,26.64,291.81,252.86,719.45,1,-1,-1,-1
166,19,1010.79,383.84,88.04,227.07,1,-1,-1,-1
166,20,1684.60,375.93,57.61,136.59,1,-1,-1,-1
166,21,695.68,360.68,98.20,286.36,1,-1,-1,-1
167,1,761.06,257.37,207.59,627.47,1,-1,-1,-1
167,4,600.00,395.42,99.21,244.83,1,-1,-1,-1
167,10,1093.84,289.61,203.83,515.48,1,-1,-1,-1
167,15,926.21,325.35,83.86,347.22,1,-1,-1,-1
167,17,17.03,279.41,254.08,731.66,1,-1,-1,-1
167,19,1009.97,381.83,88.01,226.67,1,-1,-1,-1
167,20,1679.56,374.00,57.18,137.37,1,-1,-1,-1
167,21,684.48,360.60,104.36,290.45,1,-1,-1,-1
168,1,763.76,255.81,202.84,622.03,1,-1,-1,-1
168,4,595.10,391.43,99.83,249.99,1,-1,-1,-1
168,10,1091.60,287.96,202.97,516.89,1,-1,-1,-1
168,15,925.61,320.25,83.86,347.22,1,-1,-1,-1
168,17,8.38,265.90,254.58,759.90,1,-1,-1,-1
168,19,1007.28,379.27,89.40,225.71,1,-1,-1,-1
168,20,1676.62,373.77,55.93,138.44,1,-1,-1,-1
168,21,680.32,361.54,105.09,286.70,1,-1,-1,-1
169,1,758.44,247.27,209.39,628.66,1,-1,-1,-1
169,4,588.71,390.38,100.09,249.86,1,-1,-1,-1
169,10,1085.39,290.92,204.81,516.06,1,-1,-1,-1
169,15,925.01,315.15,83.86,347.22,1,-1,-1,-1
169,17,0.12,260.93,251.58,785.03,1,-1,-1,-1
169,19,1004.66,376.74,87.72,227.45,1,-1,-1,-1
169,20,1675.01,372.43,55.91,135.05,1,-1,-1,-1
169,21,674.61,352.08,110.00,296.57,1,-1,-1,-1
170,1,758.73,243.73,204.64,622.53,1,-1,-1,-1
170,4,581.17,391.94,102.76,253.18,1,-1,-1,-1
170,10,1081.18,292.40,206.83,517.14,1,-1,-1,-1
170,17,-2.07,258.38,242.36,786.83,1,-1,-1,-1
170,19,1001.46,376.46,88.27,229.03,1,-1,-1,-1
170,20,1674.05,369.99,56.25,134.60,1,-1,-1,-1
170,21,670.59,344.50,111.75,305.55,1,-1,-1,-1
171,1,764.91,240.37,200.55,626.43,1,-1,-1,-1
171,4,575.13,393.26,103.98,254.17,1,-1,-1,-1
171,10,1082.04,290.20,205.62,519.77,1,-1,-1,-1
171,17,-1.71,250.05,233.43,794.79,1,-1,-1,-1
171,19,1000.62,377.07,89.06,225.44,1,-1,-1,-1
171,20,1673.84,369.75,56.57,134.25,1,-1,-1,-1
171,21,668.71,344.43,113.53,308.32,1,-1,-1,-1
172,1,767.79,244.04,197.16,625.01,1,-1,-1,-1
172,4,569.61,389.66,106.51,256.08,1,-1,-1,-1
172,10,1083.25,287.19,203.37,522.73,1,-1,-1,-1
172,17,0.41,239.09,215.56,809.85,1,-1,-1,-1
172,19,1001.33,376.90,87.41,224.85,1,-1,-1,-1
172,20,1673.89,368.60,56.57,134.25,1,-1,-1,-1
172,21,666.20,346.57,115.40,307.53,1,-1,-1,-1
173,1,762.85,244.75,200.97,626.05,1,-1,-1,-1
173,4,566.52,388.62,104.96,259.80,1,-1,-1,-1
173,10,1083.95,294.10,203.32,515.85,1,-1,-1,-1
173,17,1.45,229.63,195.92,835.85,1,-1,-1,-1
173,19,1001.75,376.62,85.86,225.38,1,-1,-1,-1
173,20,1673.94,367.45,56.57,134.25,1,-1,-1,-1
173,21,667.53,347.18,115.19,301.70,1,-1,-1,-1
174,1,763.13,249.53,202.46,623.99,1,-1,-1,-1
174,4,561.15,383.48,104.64,267.29,1,-1,-1,-1
174,10,1083.36,290.97,205.48,519.52,1,-1,-1,-1
174,17,-0.51,224.47,188.84,840.37,1,-1,-1,-1
174,19,1002.26,374.50,85.61,227.21,1,-1,-1,-1
174,20,1673.99,366.30,56.57,134.25,1,-1,-1,-1
174,21,662.33,343.97,120.66,301.21,1,-1,-1,-1
175,1,768.10,250.72,197.31,622.32,1,-1,-1,-1
175,4,556.23,385.06,104.89,266.60,1,-1,-1,-1
175,10,1083.41,296.20,206.40,516.15,1,-1,-1,-1
175,17,-0.79,213.52,184.61,859.22,1,-1,-1,-1
175,19,1003.13,370.40,86.16,232.10,1,-1,-1,-1
175,21,657.29,346.97,124.54,299.45,1,-1,-1,-1
176,1,769.45,255.40,200.59,619.36,1,-1,-1,-1
176,4,554.15,385.70,107.77,274.51,1,-1,-1,-1
176,10,1086.36,304.98,207.45,516.18,1,-1,-1,-1
176,17,-0.29,225.98,172.21,854.17,1,-1,-1,-1
176,19,1003.48,371.42,89.20,230.35,1,-1,-1,-1
176,21,656.91,350.00,129.55,304.18,1,-1,-1,-1
177,1,769.51,262.08,202.91,618.55,1,-1,-1,-1
177,4,554.34,383.85,106.67,276.53,1,-1,-1,-1
177,10,1095.78,293.65,200.70,523.83,1,-1,-1,-1
177,17,-1.77,198.21,173.53,885.13,1,-1,-1,-1
177,19,1005.85,372.94,88.92,228.29,1,-1,-1,-1
177,21,657.46,350.75,131.27,306.64,1,-1,-1,-1
178,1,770.90,265.00,202.20,619.98,1,-1,-1,-1
178,4,552.57,379.69,105.78,280.36,1,-1,-1,-1
178,10,1099.13,284.84,204.41,527.45,1,-1,-1,-1
178,17,5.73,211.68,159.79,863.06,1,-1,-1,-1
178,19,1006.76,372.33,89.54,228.93,1,-1,-1,-1
178,21,657.52,350.08,136.89,311.02,1,-1,-1,-1
179,1,775.50,263.41,197.86,614.47,1,-1,-1,-1
179,4,551.80,382.03,105.37,280.60,1,-1,-1,-1
179,10,1099.18,285.74,206.85,527.55,1,-1,-1,-1
179,17,2.03,234.08,159.79,863.06,1,-1,-1,-1
179,19,1007.37,374.42,91.82,224.78,1,-1,-1,-1
179,21,657.00,347.18,142.50,322.91,1,-1,-1,-1
180,1,774.65,258.56,205.10,624.71,1,-1,-1,-1
180,4,553.45,385.39,105.32,281.51,1,-1,-1,-1
180,10,1102.28,284.63,206.05,525.98,1,-1,-1,-1
180,17,-1.67,256.48,159.79,863.06,1,-1,-1,-1
180,19,1009.97,375.45,92.23,228.08,1,-1,-1,-1
180,21,655.30,346.52,145.79,328.92,1,-1,-1,-1
181,1,781.67,264.88,199.50,621.48,1,-1,-1,-1
181,4,555.83,388.54,103.63,280.38,1,-1,-1,-1
181,10,1106.45,287.45,208.74,524.94,1,-1,-1,-1
181,17,-5.37,278.88,159.79,863.06,1,-1,-1,-1
181,19,1013.53,377.88,92.63,228.58,1,-1,-1,-1
181,21,656.59,344.63,145.17,333.53,1,-1,-1,-1
182,1,781.63,260.82,198.59,608.61,1,-1,-1,-1
182,4,556.86,389.60,105.15,282.42,1,-1,-1,-1
182,10,1114.62,287.74,206.75,526.59,1,-1,-1,-1
182,19,1017.09,377.74,92.47,226.92,1,-1,-1,-1
182,21,659.45,348.19,143.79,324.20,1,-1,-1,-1
183,1,777.58,253.46,205.53,612.38,1,-1,-1,-1
183,4,557.17,390.28,107.77,283.60,1,-1,-1,-1
183,10,1127.08,285.98,200.28,524.15,1,-1,-1,-1
183,19,1019.34,377.62,91.30,225.22,1,-1,-1,-1
183,21,660.05,347.69,143.52,325.39,1,-1,-1,-1
184,1,783.72,264.46,205.37,608.06,1,-1,-1,-1
184,4,557.24,392.40,109.82,284.23,1,-1,-1,-1
184,10,1130.13,285.62,206.87,522.43,1,-1,-1,-1
184,19,1023.02,376.62,90.53,226.40,1,-1,-1,-1
184,21,661.77,345.78,142.74,325.05,1,-1,-1,-1
185,1,791.22,252.62,203.01,620.62,1,-1,-1,-1
185,4,557.03,393.60,111.28,283.51,1,-1,-1,-1
185,10,1133.30,280.15,205.49,535.08,1,-1,-1,-1
185,19,1026.14,376.60,91.28,224.58,1,-1,-1,-1
185,21,665.77,338.31,141.80,337.33,1,-1,-1,-1
186,1,794.84,252.78,201.18,620.32,1,-1,-1,-1
186,4,556.45,390.90,116.12,286.86,1,-1,-1,-1
186,10,1136.15,280.89,206.69,533.69,1,-1,-1,-1
186,19,1027.75,375.16,90.94,225.64,1,-1,-1,-1
186,21,667.99,335.58,141.80,343.96,1,-1,-1,-1
187,1,793.66,258.26,202.10,608.13,1,-1,-1,-1
187,4,559.08,386.08,114.92,297.04,1,-1,-1,-1
187,10,1142.19,276.47,204.67,530.83,1,-1,-1,-1
187,19,1030.79,375.97,90.77,224.91,1,-1,-1,-1
187,21,663.96,338.49,146.21,348.19,1,-1,-1,-1
188,1,792.67,252.49,205.95,603.84,1,-1,-1,-1
188,4,558.07,384.66,116.10,293.30,1,-1,-1,-1
188,10,1145.36,284.38,204.55,526.05,1,-1,-1,-1
188,19,1032.58,376.46,92.40,225.81,1,-1,-1,-1
188,21,662.16,334.34,147.74,352.54,1,-1,-1,-1
189,1,795.75,253.89,206.62,600.03,1,-1,-1,-1
189,4,553.25,378.40,122.54,305.41,1,-1,-1,-1
189,10,1146.23,292.79,203.74,525.24,1,-1,-1,-1
189,19,1032.97,376.15,92.96,226.50,1,-1,-1,-1
189,21,660.07,326.16,150.23,356.08,1,-1,-1,-1
190,1,799.97,254.21,202.61,598.68,1,-1,-1,-1
190,4,552.26,376.23,122.86,307.36,1,-1,-1,-1
190,10,1146.24,290.92,203.71,526.96,1,-1,-1,-1
190,19,1032.48,375.28,92.85,226.36,1,-1,-1,-1
190,21,655.17,322.62,152.45,364.21,1,-1,-1,-1
191,1,799.27,252.71,204.98,605.20,1,-1,-1,-1
191,4,547.09,373.66,126.39,311.45,1,-1,-1,-1
191,10,1150.96,289.01,203.63,532.66,1,-1,-1,-1
191,19,1032.18,375.61,92.53,226.11,1,-1,-1,-1
191,21,653.42,327.57,151.36,366.23,1,-1,-1,-1
192,1,798.78,256.38,207.31,609.19,1,-1,-1,-1
192,4,540.51,378.85,130.88,312.25,1,-1,-1,-1
192,10,1153.93,291.35,204.10,535.28,1,-1,-1,-1
192,19,1031.86,377.60,93.63,227.78,1,-1,-1,-1
192,21,655.80,333.48,148.59,360.54,1,-1,-1,-1
193,1,797.27,263.57,211.29,604.79,1,-1,-1,-1
193,4,531.83,378.43,139.78,319.85,1,-1,-1,-1
193,10,1151.75,294.91,202.77,535.57,1,-1,-1,-1
193,19,1031.83,379.98,92.14,226.25,1,-1,-1,-1
193,21,655.84,324.59,148.25,373.88,1,-1,-1,-1
194,1,795.36,268.08,211.58,602.07,1,-1,-1,-1
194,4,524.69,378.42,144.13,324.78,1,-1,-1,-1
194,10,1147.07,288.55,201.53,541.61,1,-1,-1,-1
194,19,1030.01,381.33,91.90,228.53,1,-1,-1,-1
194,21,643.64,323.67,158.29,379.07,1,-1,-1,-1
195,1,793.09,271.98,212.92,603.21,1,-1,-1,-1
195,4,517.24,384.84,144.46,319.76,1,-1,-1,-1
195,10,1143.99,290.54,195.00,537.12,1,-1,-1,-1
195,19,1025.78,383.43,93.72,231.59,1,-1,-1,-1
195,21,638.54,331.22,159.42,379.30,1,-1,-1,-1
196,1,796.81,276.05,207.17,606.28,1,-1,-1,-1
196,4,510.65,387.52,141.20,321.75,1,-1,-1,-1
196,10,1140.61,294.68,193.11,535.43,1,-1,-1,-1
196,19,1023.47,384.72,92.03,230.06,1,-1,-1,-1
196,21,631.59,339.30,164.10,376.01,1,-1,-1,-1
197,1,796.21,275.35,207.61,610.56,1,-1,-1,-1
197,4,499.75,379.98,142.25,332.07,1,-1,-1,-1
197,10,1135.57,296.31,195.41,533.66,1,-1,-1,-1
197,19,1020.60,384.24,90.54,230.16,1,-1,-1,-1
197,21,624.10,339.33,163.33,374.04,1,-1,-1,-1
198,1,795.26,275.01,209.42,600.58,1,-1,-1,-1
198,4,487.92,385.62,146.97,330.13,1,-1,-1,-1
198,10,1129.97,293.07,199.60,539.50,1,-1,-1,-1
198,19,1015.18,387.31,89.74,227.67,1,-1,-1,-1
198,21,617.48,337.10,163.03,381.36,1,-1,-1,-1
199,1,793.82,276.58,208.64,592.33,1,-1,-1,-1
199,4,478.91,386.96,148.39,334.66,1,-1,-1,-1
199,10,1126.17,293.88,199.11,541.74,1,-1,-1,-1
199,19,1010.82,390.81,91.60,227.48,1,-1,-1,-1
199,21,609.37,341.21,164.20,385.52,1,-1,-1,-1
200,1,794.37,280.72,204.06,592.73,1,-1,-1,-1
200,4,468.42,389.27,148.75,336.86,1,-1,-1,-1
200,10,1117.58,302.70,203.58,540.38,1,-1,-1,-1
200,19,1007.92,393.62,90.76,227.49,1,-1,-1,-1
200,21,600.34,340.20,167.35,396.22,1,-1,-1,-1
201,1,794.22,282.79,203.04,597.61,1,-1,-1,-1
201,4,460.47,395.75,147.80,337.24,1,-1,-1,-1
201,10,1110.38,307.75,203.60,542.00,1,-1,-1,-1
201,19,1004.48,397.67,90.72,225.96,1,-1,-1,-1
201,21,589.83,341.63,168.29,399.56,1,-1,-1,-1
202,1,795.31,281.93,198.32,599.84,1,-1,-1,-1
202,4,450.30,393.98,150.81,343.23,1,-1,-1,-1
202,10,1105.34,306.11,199.19,538.92,1,-1,-1,-1
202,19,1002.27,402.61,91.55,225.22,1,-1,-1,-1
202,21,580.11,341.58,171.24,402.32,1,-1,-1,-1
203,1,797.51,280.10,191.03,602.61,1,-1,-1,-1
203,4,439.66,397.68,147.65,339.64,1,-1,-1,-1
203,10,1097.35,304.68,204.59,539.75,1,-1,-1,-1
203,19,1000.10,404.23,92.28,226.68,1,-1,-1,-1
203,21,570.70,342.74,169.95,402.52,1,-1,-1,-1
204,1,796.11,283.18,189.75,602.67,1,-1,-1,-1
204,4,432.01,395.17,147.20,349.69,1,-1,-1,-1
204,10,1096.24,306.09,205.72,540.06,1,-1,-1,-1
204,19,999.47,405.10,91.67,226.20,1,-1,-1,-1
204,21,561.96,341.28,168.80,406.63,1,-1,-1,-1
205,1,795.67,286.86,189.64,601.22,1,-1,-1,-1
205,4,426.58,394.95,145.17,354.46,1,-1,-1,-1
205,10,1095.37,308.74,206.96,536.17,1,-1,-1,-1
205,19,999.43,405.72,90.71,224.87,1,-1,-1,-1
205,21,555.58,332.46,173.07,416.41,1,-1,-1,-1
206,1,799.13,289.49,187.93,599.74,1,-1,-1,-1
206,4,418.30,390.35,143.44,360.44,1,-1,-1,-1
206,10,1091.85,311.50,209.09,538.57,1,-1,-1,-1
206,19,999.28,405.85,90.28,224.12,1,-1,-1,-1
206,21,549.16,329.36,177.22,422.35,1,-1,-1,-1
207,1,796.00,289.98,190.64,602.02,1,-1,-1,-1
207,4,410.38,388.56,143.06,365.52,1,-1,-1,-1
207,10,1090.72,312.74,210.36,540.97,1,-1,-1,-1
207,19,999.95,405.04,88.96,226.84,1,-1,-1,-1
207,21,543.28,330.29,181.76,426.94,1,-1,-1,-1
208,1,798.85,292.13,185.15,600.47,1,-1,-1,-1
208,4,403.45,387.67,142.81,368.59,1,-1,-1,-1
208,10,1089.13,311.37,215.99,543.02,1,-1,-1,-1
208,19,998.95,403.27,89.69,225.27,1,-1,-1,-1
208,21,535.89,329.57,186.06,428.66,1,-1,-1,-1
209,1,799.49,295.55,187.01,600.28,1,-1,-1,-1
209,4,396.19,384.17,145.11,372.87,1,-1,-1,-1
209,10,1088.38,313.66,219.01,541.05,1,-1,-1,-1
209,19,997.95,400.58,89.42,224.80,1,-1,-1,-1
209,21,528.63,327.46,190.29,433.80,1,-1,-1,-1
210,1,797.15,296.86,187.84,596.16,1,-1,-1,-1
210,4,390.78,384.97,147.06,375.76,1,-1,-1,-1
210,10,1088.71,317.71,219.00,537.51,1,-1,-1,-1
210,19,996.61,401.21,90.11,224.59,1,-1,-1,-1
210,21,519.14,324.73,198.84,441.64,1,-1,-1,-1
210,22,743.00,404.10,94.80,244.50,1,-1,-1,-1
211,1,795.95,294.64,186.69,591.92,1,-1,-1,-1
211,4,387.90,383.80,147.79,377.96,1,-1,-1,-1
211,10,1092.87,311.11,218.37,545.48,1,-1,-1,-1
211,19,996.50,402.65,90.10,225.51,1,-1,-1,-1
211,21,508.72,327.12,206.09,447.49,1,-1,-1,-1
211,22,743.70,403.47,91.23,245.48,1,-1,-1,-1
212,1,789.91,287.74,191.67,604.23,1,-1,-1,-1
212,4,379.01,380.76,149.97,390.80,1,-1,-1,-1
212,10,1095.55,308.12,216.78,547.88,1,-1,-1,-1
212,19,995.62,402.88,89.40,226.20,1,-1,-1,-1
212,21,507.29,329.44,206.38,452.96,1,-1,-1,-1
212,22,742.15,403.27,91.23,245.48,1,-1,-1,-1
213,1,783.36,284.81,195.19,615.69,1,-1,-1,-1
213,4,363.39,384.86,159.44,394.44,1,-1,-1,-1
213,10,1092.59,318.03,220.29,548.45,1,-1,-1,-1
213,19,996.60,402.25,87.16,228.51,1,-1,-1,-1
213,21,501.31,331.67,207.58,452.64,1,-1,-1,-1
213,22,740.60,403.07,91.23,245.48,1,-1,-1,-1
214,1,780.35,287.41,198.84,620.32,1,-1,-1,-1
214,4,356.46,390.90,160.67,397.35,1,-1,-1,-1
214,10,1091.76,325.97,222.75,544.64,1,-1,-1,-1
214,19,998.43,404.98,86.63,227.38,1,-1,-1,-1
214,21,494.64,335.60,207.10,448.62,1,-1,-1,-1
214,22,739.05,402.87,91.23,245.48,1,-1,-1,-1
215,1,778.26,290.12,202.38,612.81,1,-1,-1,-1
215,4,356.72,390.31,157.68,407.61,1,-1,-1,-1
215,10,1095.79,325.04,221.03,543.84,1,-1,-1,-1
215,19,1000.51,407.69,85.28,225.99,1,-1,-1,-1
215,21,493.52,335.63,207.59,449.94,1,-1,-1,-1
216,1,775.90,286.04,203.23,611.96,1,-1,-1,-1
216,4,351.88,390.24,162.80,410.75,1,-1,-1,-1
216,10,1103.58,324.68,216.67,548.57,1,-1,-1,-1
216,19,1000.02,409.21,88.58,225.44,1,-1,-1,-1
216,21,492.06,330.67,208.44,464.47,1,-1,-1,-1
217,1,777.56,284.15,203.42,613.74,1,-1,-1,-1
217,4,355.76,390.62,157.34,416.18,1,-1,-1,-1
217,10,1110.92,323.75,216.34,551.32,1,-1,-1,-1
217,19,1001.46,410.19,88.74,226.04,1,-1,-1,-1
217,21,489.93,330.84,212.75,471.00,1,-1,-1,-1
218,1,780.68,282.69,204.32,616.30,1,-1,-1,-1
218,4,358.76,390.15,157.59,419.55,1,-1,-1,-1
218,10,1120.93,312.74,214.00,556.70,1,-1,-1,-1
218,19,1004.92,409.79,87.94,223.91,1,-1,-1,-1
218,21,493.56,324.25,207.89,487.73,1,-1,-1,-1
219,1,786.86,287.53,203.11,605.31,1,-1,-1,-1
219,4,357.99,388.32,157.67,426.24,1,-1,-1,-1
219,10,1128.92,306.34,213.65,559.85,1,-1,-1,-1
219,19,1008.78,411.42,86.51,221.03,1,-1,-1,-1
219,21,493.83,319.48,207.06,497.09,1,-1,-1,-1
220,1,796.41,282.83,202.61,609.57,1,-1,-1,-1
220,4,348.58,391.72,170.15,425.51,1,-1,-1,-1
220,10,1135.75,311.23,209.77,553.16,1,-1,-1,-1
220,19,1012.14,412.50,85.73,222.48,1,-1,-1,-1
220,21,494.25,322.93,206.81,496.19,1,-1,-1,-1
221,1,801.89,291.65,200.99,598.60,1,-1,-1,-1
221,4,344.27,392.50,175.23,426.90,1,-1,-1,-1
221,10,1141.49,312.66,209.65,550.18,1,-1,-1,-1
221,19,1015.48,413.24,86.55,221.37,1,-1,-1,-1
221,21,495.35,327.69,205.89,492.21,1,-1,-1,-1
222,1,803.27,296.19,205.20,605.81,1,-1,-1,-1
222,4,346.82,391.74,177.03,423.05,1,-1,-1,-1
222,10,1150.29,312.90,205.41,552.15,1,-1,-1,-1
222,19,1020.88,414.93,84.77,221.60,1,-1,-1,-1
222,21,492.69,325.80,205.69,491.78,1,-1,-1,-1
223,1,809.51,301.96,204.08,599.50,1,-1,-1,-1
223,4,347.56,387.48,178.48,429.32,1,-1,-1,-1
223,10,1155.50,310.32,209.95,558.63,1,-1,-1,-1
223,19,1026.71,416.30,83.74,223.35,1,-1,-1,-1
223,21,491.74,307.56,203.39,511.18,1,-1,-1,-1
224,1,816.76,299.59,200.24,597.68,1,-1,-1,-1
224,4,343.66,381.63,175.83,441.69,1,-1,-1,-1
224,10,1163.46,308.22,202.08,566.66,1,-1,-1,-1
224,19,1029.32,415.48,86.02,226.75,1,-1,-1,-1
224,21,490.85,300.97,208.65,521.35,1,-1,-1,-1
224,23,746.90,391.70,102.90,285.10,1,-1,-1,-1
225,1,823.32,303.71,199.65,584.88,1,-1,-1,-1
225,4,336.50,377.73,178.96,443.31,1,-1,-1,-1
225,10,1167.72,309.22,198.31,567.25,1,-1,-1,-1
225,19,1032.41,414.40,85.31,227.27,1,-1,-1,-1
225,21,492.38,300.29,209.87,532.16,1,-1,-1,-1
225,23,748.23,392.47,105.21,284.89,1,-1,-1,-1
226,1,829.48,302.78,199.48,586.37,1,-1,-1,-1
226,4,328.91,371.53,184.52,452.61,1,-1,-1,-1
226,10,1169.23,318.05,205.51,561.12,1,-1,-1,-1
226,19,1036.04,411.91,83.76,227.29,1,-1,-1,-1
226,21,488.88,300.79,214.02,533.38,1,-1,-1,-1
226,23,748.29,394.81,109.89,285.95,1,-1,-1,-1
227,1,833.57,301.08,199.56,590.59,1,-1,-1,-1
227,4,323.96,365.54,183.88,466.04,1,-1,-1,-1
227,10,1173.63,322.73,203.33,562.37,1,-1,-1,-1
227,19,1037.55,411.50,85.68,229.47,1,-1,-1,-1
227,21,487.73,295.01,212.12,544.45,1,-1,-1,-1
227,23,746.80,396.66,112.56,287.45,1,-1,-1,-1
228,1,835.17,298.74,201.20,594.94,1,-1,-1,-1
228,4,318.88,365.34,181.65,475.60,1,-1,-1,-1
228,10,1173.70,324.62,205.06,561.90,1,-1,-1,-1
228,19,1038.88,414.12,85.41,226.55,1,-1,-1,-1
228,21,477.93,296.82,219.66,541.69,1,-1,-1,-1
228,23,743.90,396.21,114.48,290.78,1,-1,-1,-1
229,1,839.94,297.44,199.24,597.71,1,-1,-1,-1
229,4,311.98,367.53,179.66,483.72,1,-1,-1,-1
229,10,1178.06,315.54,196.48,567.99,1,-1,-1,-1
229,19,1038.87,414.13,86.38,225.82,1,-1,-1,-1
229,21,470.15,304.23,222.28,542.19,1,-1,-1,-1
229,23,740.55,396.36,117.99,295.27,1,-1,-1,-1
229,24,1631.60,947.00,28.00,60.20,1,-1,-1,-1
230,1,844.04,298.53,198.23,593.85,1,-1,-1,-1
230,4,300.60,371.90,182.14,483.22,1,-1,-1,-1
230,10,1175.87,320.08,203.84,566.32,1,-1,-1,-1
230,19,1042.21,417.06,84.02,222.44,1,-1,-1,-1
230,21,464.38,297.93,224.39,558.16,1,-1,-1,-1
230,23,737.57,400.76,120.45,294.59,1,-1,-1,-1
230,24,1631.95,947.21,28.63,64.47,1,-1,-1,-1
231,1,848.25,301.05,196.81,585.42,1,-1,-1,-1
231,4,289.10,375.82,181.20,486.42,1,-1,-1,-1
231,10,1175.21,328.39,205.28,568.55,1,-1,-1,-1
231,19,1042.10,416.93,85.05,225.49,1,-1,-1,-1
231,21,455.10,288.50,231.82,571.28,1,-1,-1,-1
231,23,731.84,397.06,122.65,305.73,1,-1,-1,-1
231,24,1632.27,952.55,28.96,67.71,1,-1,-1,-1
232,1,851.75,298.25,191.27,599.68,1,-1,-1,-1
232,4,277.28,378.20,185.33,492.08,1,-1,-1,-1
232,10,1173.37,327.08,204.24,571.45,1,-1,-1,-1
232,19,1039.76,418.01,84.74,224.66,1,-1,-1,-1
232,21,438.79,288.29,246.16,581.58,1,-1,-1,-1
232,23,726.20,393.36,123.95,312.36,1,-1,-1,-1
232,24,1628.58,957.28,28.36,66.23,1,-1,-1,-1
233,1,847.52,300.49,193.67,600.61,1,-1,-1,-1
233,4,265.28,379.05,185.87,496.36,1,-1,-1,-1
233,10,1171.96,317.60,200.85,578.77,1,-1,-1,-1
233,19,1039.35,419.89,83.31,225.04,1,-1,-1,-1
233,21,421.95,284.90,250.53,604.20,1,-1,-1,-1
233,23,724.60,395.91,123.07,307.49,1,-1,-1,-1
233,24,1625.26,959.82,27.69,65.30,1,-1,-1,-1
234,1,846.26,301.07,190.96,598.29,1,-1,-1,-1
234,4,245.40,372.66,193.38,511.93,1,-1,-1,-1
234,10,1166.73,312.49,202.29,578.37,1,-1,-1,-1
234,19,1037.13,419.94,83.44,227.32,1,-1,-1,-1
234,21,402.69,282.50,257.58,612.46,1,-1,-1,-1
234,23,720.35,392.59,122.11,311.49,1,-1,-1,-1
234,24,1624.03,960.81,27.21,67.82,1,-1,-1,-1
235,1,846.05,307.78,191.41,594.80,1,-1,-1,-1
235,4,230.39,367.27,192.13,525.07,1,-1,-1,-1
235,10,1162.29,310.21,205.94,582.66,1,-1,-1,-1
235,19,1033.61,419.98,84.32,225.21,1,-1,-1,-1
235,21,388.75,277.79,261.58,625.09,1,-1,-1,-1
235,23,713.82,393.75,121.54,308.77,1,-1,-1,-1
235,24,1621.96,961.24,27.34,69.07,1,-1,-1,-1
236,1,847.72,314.71,188.18,581.85,1,-1,-1,-1
236,4,214.12,363.76,195.89,539.51,1,-1,-1,-1
236,10,1158.41,316.09,209.48,571.63,1,-1,-1,-1
236,19,1032.65,420.72,83.82,228.21,1,-1,-1,-1
236,21,377.96,278.18,266.92,629.16,1,-1,-1,-1
236,23,710.38,393.82,119.97,313.97,1,-1,-1,-1
236,24,1620.71,963.45,26.68,67.62,1,-1,-1,-1
236,25,604.80,402.00,111.60,311.10,1,-1,-1,-1
237,1,847.41,316.85,184.83,574.88,1,-1,-1,-1
237,4,195.10,359.78,207.17,542.72,1,-1,-1,-1
237,10,1152.39,310.92,214.74,579.59,1,-1,-1,-1
237,19,1031.04,427.66,82.20,221.62,1,-1,-1,-1
237,21,365.80,272.00,265.29,643.19,1,-1,-1,-1
237,23,706.82,393.44,119.29,316.09,1,-1,-1,-1
237,24,1617.95,963.52,27.53,69.36,1,-1,-1,-1
237,25,603.12,405.29,107.54,304.59,1,-1,-1,-1
238,1,846.34,321.01,184.88,576.86,1,-1,-1,-1
238,4,183.90,352.61,206.84,557.90,1,-1,-1,-1
238,10,1150.56,316.90,212.89,572.53,1,-1,-1,-1
238,19,1027.42,430.84,80.66,219.37,1,-1,-1,-1
238,21,349.29,266.86,265.09,654.47,1,-1,-1,-1
238,23,702.87,390.47,116.99,324.15,1,-1,-1,-1
238,24,1613.06,964.00,28.63,71.63,1,-1,-1,-1
238,25,599.14,406.57,101.91,308.17,1,-1,-1,-1
239,1,842.50,317.62,185.45,595.58,1,-1,-1,-1
239,4,167.71,359.17,209.33,561.19,1,-1,-1,-1
239,10,1144.22,324.41,218.01,570.62,1,-1,-1,-1
239,19,1024.80,430.43,79.85,219.04,1,-1,-1,-1
239,21,335.92,257.63,267.83,656.73,1,-1,-1,-1
239,23,697.74,389.66,116.58,328.59,1,-1,-1,-1
239,24,1608.57,965.95,29.03,71.19,1,-1,-1,-1
239,25,591.76,407.76,101.83,317.08,1,-1,-1,-1
240,1,834.54,323.11,188.57,582.92,1,-1,-1,-1
240,4,144.44,345.79,210.57,584.93,1,-1,-1,-1
240,10,1139.51,324.18,219.47,578.03,1,-1,-1,-1
240,19,1021.04,430.01,78.69,222.16,1,-1,-1,-1
240,21,316.54,253.16,276.77,674.91,1,-1,-1,-1
240,23,691.83,387.00,116.87,334.90,1,-1,-1,-1
240,24,1605.77,967.56,30.13,72.25,1,-1,-1,-1
240,25,581.29,407.37,104.40,316.74,1,-1,-1,-1
241,1,829.43,325.65,186.56,585.92,1,-1,-1,-1
241,4,125.75,339.41,209.96,591.77,1,-1,-1,-1
241,10,1133.21,323.72,220.68,583.19,1,-1,-1,-1
241,19,1016.88,432.14,79.75,227.86,1,-1,-1,-1
241,21,295.83,262.07,283.44,682.39,1,-1,-1,-1
241,23,685.54,388.05,119.90,333.43,1,-1,-1,-1
241,24,1602.67,969.64,29.48,74.59,1,-1,-1,-1
241,25,570.96,402.86,107.97,322.66,1,-1,-1,-1
242,1,826.31,329.41,183.02,577.65,1,-1,-1,-1
242,4,104.93,339.08,218.11,604.67,1,-1,-1,-1
242,10,1126.78,325.82,222.37,580.12,1,-1,-1,-1
242,19,1014.63,434.30,76.84,227.33,1,-1,-1,-1
242,21,270.67,254.80,301.75,701.30,1,-1,-1,-1
242,23,680.24,388.37,120.53,340.90,1,-1,-1,-1
242,24,1598.05,972.59,29.42,74.11,1,-1,-1,-1
242,25,562.16,399.94,109.04,333.33,1,-1,-1,-1
243,1,817.62,319.64,189.80,574.74,1,-1,-1,-1
243,4,84.27,339.43,226.29,616.87,1,-1,-1,-1
243,10,1120.43,332.40,226.59,574.71,1,-1,-1,-1
243,19,1010.72,433.42,77.16,226.75,1,-1,-1,-1
243,21,251.15,240.24,310.68,710.12,1,-1,-1,-1
243,23,671.45,392.30,122.40,343.63,1,-1,-1,-1
243,24,1594.13,972.92,29.69,73.61,1,-1,-1,-1
243,25,549.65,398.75,113.63,345.21,1,-1,-1,-1
244,1,809.38,308.82,190.78,600.68,1,-1,-1,-1
244,4,63.04,339.35,228.61,630.47,1,-1,-1,-1
244,10,1115.84,329.17,223.52,586.88,1,-1,-1,-1
244,19,1007.96,435.54,76.98,224.26,1,-1,-1,-1
244,21,237.58,227.93,313.28,752.81,1,-1,-1,-1
244,23,663.53,395.59,123.31,344.10,1,-1,-1,-1
244,24,1590.02,971.87,28.79,72.76,1,-1,-1,-1
244,25,538.15,402.14,118.86,339.60,1,-1,-1,-1
245,1,799.94,316.16,192.68,589.14,1,-1,-1,-1
245,4,41.30,342.35,232.80,636.02,1,-1,-1,-1
245,10,1111.83,326.75,221.48,592.36,1,-1,-1,-1
245,19,1001.71,434.52,78.46,225.69,1,-1,-1,-1
245,21,214.57,242.79,331.21,746.08,1,-1,-1,-1
245,23,655.83,397.61,126.59,342.35,1,-1,-1,-1
245,24,1587.92,971.83,28.73,73.49,1,-1,-1,-1
245,25,528.33,398.28,121.69,338.48,1,-1,-1,-1
246,1,790.92,315.49,196.13,586.66,1,-1,-1,-1
246,4,25.70,342.46,236.79,645.46,1,-1,-1,-1
246,10,1107.77,328.42,221.77,584.34,1,-1,-1,-1
246,19,997.48,430.91,78.56,222.69,1,-1,-1,-1
246,21,191.13,239.31,343.38,759.74,1,-1,-1,-1
246,23,650.18,396.31,127.16,345.11,1,-1,-1,-1
246,24,1585.32,972.52,28.50,71.68,1,-1,-1,-1
246,25,517.65,396.06,121.28,347.94,1,-1,-1,-1
247,1,783.77,319.16,198.84,582.63,1,-1,-1,-1
247,4,9.05,343.87,233.86,652.56,1,-1,-1,-1
247,10,1104.68,329.62,222.84,582.28,1,-1,-1,-1
247,19,997.16,430.18,69.70,220.11,1,-1,-1,-1
247,21,170.54,243.87,346.48,771.33,1,-1,-1,-1
247,23,644.51,398.73,126.21,350.14,1,-1,-1,-1
247,24,1580.95,974.06,27.45,72.53,1,-1,-1,-1
247,25,508.86,396.23,120.94,360.37,1,-1,-1,-1
248,1,775.64,324.22,202.73,579.18,1,-1,-1,-1
248,4,1.66,331.50,217.58,705.16,1,-1,-1,-1
248,10,1102.43,335.75,223.30,579.91,1,-1,-1,-1
248,19,991.78,433.16,67.60,224.23,1,-1,-1,-1
248,21,147.27,239.68,355.59,790.49,1,-1,-1,-1
248,23,637.95,403.51,125.85,350.53,1,-1,-1,-1
248,24,1576.95,978.44,28.46,71.81,1,-1,-1,-1
248,25,503.88,397.86,123.64,366.97,1,-1,-1,-1
249,1,773.29,325.84,200.61,578.21,1,-1,-1,-1
249,4,7.04,344.26,199.74,701.76,1,-1,-1,-1
249,10,1101.51,339.35,220.22,581.16,1,-1,-1,-1
249,19,986.18,438.56,67.60,224.23,1,-1,-1,-1
249,21,124.27,213.60,365.40,843.56,1,-1,-1,-1
249,23,631.21,401.88,126.38,356.32,1,-1,-1,-1
249,24,1575.49,982.06,28.35,69.07,1,-1,-1,-1
249,25,498.52,398.29,124.45,378.68,1,-1,-1,-1
249,26,1747.70,996.90,39.00,84.10,1,-1,-1,-1
250,1,773.33,321.74,198.36,580.51,1,-1,-1,-1
250,4,4.97,334.84,179.55,735.39,1,-1,-1,-1
250,10,1102.27,341.45,217.06,582.24,1,-1,-1,-1
250,19,980.58,443.96,67.60,224.23,1,-1,-1,-1
250,21,110.42,211.30,355.60,855.35,1,-1,-1,-1
250,23,624.17,401.65,128.07,353.86,1,-1,-1,-1
250,24,1574.60,981.04,29.22,71.33,1,-1,-1,-1
250,25,491.38,402.81,124.35,383.59,1,-1,-1,-1
250,26,1747.91,998.30,41.80,82.70,1,-1,-1,-1
251,1,773.40,324.26,197.69,584.00,1,-1,-1,-1
251,4,-15.03,347.19,179.55,735.39,1,-1,-1,-1
251,10,1100.53,335.91,216.88,602.16,1,-1,-1,-1
251,19,974.98,449.36,67.60,224.23,1,-1,-1,-1
251,21,83.38,209.72,376.67,869.24,1,-1,-1,-1
251,23,619.55,400.93,130.96,354.59,1,-1,-1,-1
251,24,1573.93,981.25,29.42,71.66,1,-1,-1,-1
251,25,483.36,405.94,127.25,393.12,1,-1,-1,-1
251,26,1750.41,1003.50,42.85,77.80,1,-1,-1,-1
252,1,773.42,331.88,198.61,583.30,1,-1,-1,-1
252,4,-35.03,359.54,179.55,735.39,1,-1,-1,-1
252,10,1101.23,347.62,220.11,592.74,1,-1,-1,-1
252,21,69.37,203.38,376.41,877.75,1,-1,-1,-1
252,23,616.34,397.26,132.11,370.14,1,-1,-1,-1
252,24,1574.38,980.94,29.13,72.11,1,-1,-1,-1
252,25,476.10,411.29,130.37,393.81,1,-1,-1,-1
252,26,1753.16,1002.15,41.55,79.90,1,-1,-1,-1
253,1,774.65,333.07,199.65,590.51,1,-1,-1,-1
253,4,-55.03,371.89,179.55,735.39,1,-1,-1,-1
253,10,1104.02,349.69,221.43,592.64,1,-1,-1,-1
253,21,58.96,199.46,366.81,880.66,1,-1,-1,-1
253,23,612.17,401.90,133.85,374.24,1,-1,-1,-1
253,24,1576.28,982.15,29.04,71.54,1,-1,-1,-1
253,25,471.07,411.01,134.24,398.21,1,-1,-1,-1
253,26,1754.21,1003.73,41.73,76.82,1,-1,-1,-1
254,1,774.61,336.11,201.93,582.59,1,-1,-1,-1
254,10,1106.31,343.55,219.94,594.29,1,-1,-1,-1
254,21,49.60,198.08,368.97,882.58,1,-1,-1,-1
254,23,606.31,402.07,140.05,381.07,1,-1,-1,-1
254,24,1577.62,983.52,29.50,72.35,1,-1,-1,-1
254,25,469.72,411.45,136.31,402.19,1,-1,-1,-1
254,26,1754.98,1004.99,41.36,76.67,1,-1,-1,-1
255,1,775.04,338.61,205.76,584.84,1,-1,-1,-1
255,10,1114.34,338.53,219.91,592.76,1,-1,-1,-1
255,21,32.83,180.72,377.04,899.95,1,-1,-1,-1
255,23,602.24,399.88,143.79,387.74,1,-1,-1,-1
255,24,1583.01,984.50,29.15,70.08,1,-1,-1,-1
255,25,469.31,411.46,136.65,405.14,1,-1,-1,-1
255,26,1759.42,1004.69,40.06,76.34,1,-1,-1,-1
256,1,778.64,340.95,203.83,593.00,1,-1,-1,-1
256,10,1122.15,342.51,217.80,582.36,1,-1,-1,-1
256,21,23.56,180.89,376.80,896.42,1,-1,-1,-1
256,23,600.40,400.13,146.04,394.15,1,-1,-1,-1
256,24,1587.31,986.64,27.72,67.15,1,-1,-1,-1
256,25,464.78,411.30,139.70,405.53,1,-1,-1,-1
256,26,1765.03,1003.22,38.06,77.85,1,-1,-1,-1
257,1,785.08,346.38,202.34,585.16,1,-1,-1,-1
257,10,1125.81,343.46,215.49,580.64,1,-1,-1,-1
257,21,13.49,187.88,380.23,893.88,1,-1,-1,-1
257,23,596.58,400.87,150.21,398.81,1,-1,-1,-1
257,24,1587.18,986.02,28.19,66.42,1,-1,-1,-1
257,25,459.98,412.27,145.51,409.36,1,-1,-1,-1
257,26,1767.33,1004.40,39.49,76.28,1,-1,-1,-1
258,1,791.83,346.23,207.14,587.99,1,-1,-1,-1
258,10,1127.97,337.96,218.58,590.83,1,-1,-1,-1
258,21,0.10,187.37,386.09,894.18,1,-1,-1,-1
258,23,591.09,401.85,155.03,403.14,1,-1,-1,-1
258,24,1593.04,983.85,28.27,68.22,1,-1,-1,-1
258,25,458.33,412.24,147.95,415.13,1,-1,-1,-1
258,26,1772.41,1007.99,39.85,73.35,1,-1,-1,-1
259,1,795.06,348.18,206.83,582.19,1,-1,-1,-1
259,10,1132.65,345.97,220.41,589.20,1,-1,-1,-1
259,21,-0.91,178.56,375.46,902.38,1,-1,-1,-1
259,23,586.84,407.60,158.65,401.78,1,-1,-1,-1
259,24,1596.64,984.00,28.29,69.82,1,-1,-1,-1
259,25,453.82,411.23,147.50,418.96,1,-1,-1,-1
259,26,1776.08,1009.78,40.86,71.85,1,-1,-1,-1
260,1,799.22,344.12,199.53,581.85,1,-1,-1,-1
260,10,1140.55,352.39,213.61,595.15,1,-1,-1,-1
260,21,-2.23,182.73,366.46,896.51,1,-1,-1,-1
260,23,581.34,406.02,164.29,410.54,1,-1,-1,-1
260,24,1596.57,985.58,28.65,71.42,1,-1,-1,-1
260,25,448.08,408.21,146.94,424.52,1,-1,-1,-1
260,26,1775.56,1012.80,41.38,68.52,1,-1,-1,-1
260,27,985.70,423.00,107.40,349.00,1,-1,-1,-1
261,1,808.04,344.02,193.42,577.05,1,-1,-1,-1
261,10,1143.98,346.76,208.77,586.92,1,-1,-1,-1
261,21,-1.21,157.61,355.08,924.64,1,-1,-1,-1
261,23,576.13,407.70,168.64,410.65,1,-1,-1,-1
261,24,1598.06,984.45,28.47,72.66,1,-1,-1,-1
261,25,440.96,406.05,150.90,433.40,1,-1,-1,-1
261,26,1777.04,1012.71,38.10,69.00,1,-1,-1,-1
261,27,984.58,420.62,113.98,351.10,1,-1,-1,-1
262,1,810.96,340.09,191.52,569.60,1,-1,-1,-1
262,10,1145.21,337.17,208.93,586.49,1,-1,-1,-1
262,21,-0.68,143.99,337.03,930.98,1,-1,-1,-1
262,23,574.64,405.88,171.62,415.38,1,-1,-1,-1
262,24,1598.87,981.69,29.12,73.32,1,-1,-1,-1
262,25,435.75,404.60,149.92,442.29,1,-1,-1,-1
262,26,1777.00,1013.72,38.17,67.18,1,-1,-1,-1
262,27,988.04,421.23,118.05,346.97,1,-1,-1,-1
262,28,726.40,473.60,44.70,140.80,1,-1,-1,-1
263,1,809.14,335.85,193.18,580.24,1,-1,-1,-1
263,10,1147.83,336.26,210.73,593.15,1,-1,-1,-1
263,21,0.87,136.47,308.59,943.17,1,-1,-1,-1
263,23,566.22,403.84,177.56,421.90,1,-1,-1,-1
263,24,1600.19,980.91,29.60,74.15,1,-1,-1,-1
263,25,429.81,397.90,149.91,453.08,1,-1,-1,-1
263,26,1778.77,1014.55,37.91,66.84,1,-1,-1,-1
263,27,990.46,415.96,122.01,349.72,1,-1,-1,-1
263,28,726.54,473.11,45.47,140.03,1,-1,-1,-1
264,1,815.81,339.88,184.80,566.42,1,-1,-1,-1
264,10,1150.19,339.75,210.29,596.26,1,-1,-1,-1
264,21,-2.98,130.16,282.35,948.23,1,-1,-1,-1
264,23,558.46,402.67,179.48,431.35,1,-1,-1,-1
264,24,1601.62,981.84,29.67,71.80,1,-1,-1,-1
264,25,422.16,391.17,154.66,461.77,1,-1,-1,-1
264,26,1781.67,1014.47,37.90,66.60,1,-1,-1,-1
264,27,996.24,416.10,119.62,344.60,1,-1,-1,-1
264,28,727.79,473.57,45.07,138.54,1,-1,-1,-1
265,1,821.97,330.76,178.64,566.76,1,-1,-1,-1
265,10,1153.09,335.84,209.39,598.53,1,-1,-1,-1
265,21,-5.34,130.31,270.76,949.61,1,-1,-1,-1
265,23,557.65,391.36,177.04,440.28,1,-1,-1,-1
265,24,1602.47,982.07,30.04,71.45,1,-1,-1,-1
265,25,417.00,385.07,155.67,468.23,1,-1,-1,-1
265,26,1783.24,1012.28,36.92,68.77,1,-1,-1,-1
265,27,999.93,410.51,121.57,352.58,1,-1,-1,-1
265,28,727.03,473.18,46.28,136.76,1,-1,-1,-1
266,1,823.90,330.80,183.30,573.23,1,-1,-1,-1
266,10,1155.69,330.04,210.24,595.85,1,-1,-1,-1
266,21,-1.70,100.02,247.62,980.68,1,-1,-1,-1
266,23,546.61,378.11,184.01,451.35,1,-1,-1,-1
266,24,1603.16,982.19,30.08,70.09,1,-1,-1,-1
266,25,410.60,386.29,159.47,466.53,1,-1,-1,-1
266,26,1783.09,1010.69,37.54,69.84,1,-1,-1,-1
266,27,1003.17,408.69,120.19,354.34,1,-1,-1,-1
266,28,725.10,466.93,48.32,140.50,1,-1,-1,-1
267,1,826.57,332.15,179.03,572.30,1,-1,-1,-1
267,10,1157.80,327.44,209.23,596.93,1,-1,-1,-1
267,21,-15.75,78.12,247.62,980.68,1,-1,-1,-1
267,23,544.54,368.43,181.90,456.50,1,-1,-1,-1
267,24,1604.50,981.56,29.60,70.31,1,-1,-1,-1
267,25,404.41,382.15,159.21,478.69,1,-1,-1,-1
267,26,1783.04,1010.89,37.86,69.88,1,-1,-1,-1
267,27,1003.23,402.29,126.99,365.79,1,-1,-1,-1
267,28,724.39,461.58,48.80,143.44,1,-1,-1,-1
268,1,827.98,326.68,176.35,575.73,1,-1,-1,-1
268,10,1157.82,326.90,211.73,598.24,1,-1,-1,-1
268,21,-29.80,56.22,247.62,980.68,1,-1,-1,-1
268,23,537.35,362.83,187.36,463.99,1,-1,-1,-1
268,24,1605.08,981.35,29.53,70.51,1,-1,-1,-1
268,25,394.69,384.54,162.56,476.95,1,-1,-1,-1
268,26,1783.23,1013.48,37.40,67.51,1,-1,-1,-1
268,27,1003.33,398.30,132.11,371.33,1,-1,-1,-1
268,28,724.28,460.69,48.66,143.97,1,-1,-1,-1
269,1,832.60,327.51,171.41,577.46,1,-1,-1,-1
269,10,1158.13,323.90,212.13,599.12,1,-1,-1,-1
269,21,-43.85,34.32,247.62,980.68,1,-1,-1,-1
269,23,529.75,364.57,191.17,465.96,1,-1,-1,-1
269,24,1604.17,981.10,28.60,69.94,1,-1,-1,-1
269,25,381.05,381.65,170.01,478.10,1,-1,-1,-1
269,26,1780.32,1012.74,38.10,68.76,1,-1,-1,-1
269,27,1002.49,395.67,136.37,375.23,1,-1,-1,-1
269,28,722.23,460.43,49.39,143.29,1,-1,-1,-1
269,29,781.20,436.30,81.40,220.20,1,-1,-1,-1
270,1,831.78,323.74,171.61,584.63,1,-1,-1,-1
270,10,1156.18,316.52,216.31,607.09,1,-1,-1,-1
270,23,523.35,362.02,196.37,467.88,1,-1,-1,-1
270,24,1598.97,980.96,29.44,69.14,1,-1,-1,-1
270,25,370.60,367.54,169.23,487.76,1,-1,-1,-1
270,26,1775.68,1013.06,40.55,67.67,1,-1,-1,-1
270,27,1003.02,394.44,139.82,380.25,1,-1,-1,-1
270,28,719.44,459.73,48.70,142.67,1,-1,-1,-1
270,29,779.73,434.20,82.52,220.13,1,-1,-1,-1
271,1,828.44,323.46,171.46,577.33,1,-1,-1,-1
271,10,1154.21,313.54,216.79,602.27,1,-1,-1,-1
271,23,524.92,349.15,190.51,481.82,1,-1,-1,-1
271,24,1595.21,978.23,30.60,69.25,1,-1,-1,-1
271,25,359.73,360.85,174.11,493.25,1,-1,-1,-1
271,26,1773.12,1005.77,39.53,75.46,1,-1,-1,-1
271,27,1001.07,394.36,144.85,386.72,1,-1,-1,-1
271,28,717.12,459.24,47.93,141.57,1,-1,-1,-1
271,29,777.85,430.13,82.93,221.44,1,-1,-1,-1
272,1,824.37,317.71,174.57,580.88,1,-1,-1,-1
272,10,1151.69,308.56,215.05,602.22,1,-1,-1,-1
272,23,523.71,340.51,187.70,487.20,1,-1,-1,-1
272,24,1593.30,972.11,30.39,70.34,1,-1,-1,-1
272,25,352.49,356.52,177.25,489.29,1,-1,-1,-1
272,26,1768.28,1000.13,40.00,79.20,1,-1,-1,-1
272,27,999.11,392.90,143.83,387.62,1,-1,-1,-1
272,28,712.96,458.58,47.84,136.76,1,-1,-1,-1
272,29,775.00,426.94,81.65,222.53,1,-1,-1,-1
273,1,819.25,312.25,173.54,579.28,1,-1,-1,-1
273,10,1148.88,307.44,214.03,595.28,1,-1,-1,-1
273,23,516.16,330.97,189.38,502.95,1,-1,-1,-1
273,24,1589.14,966.87,28.86,70.59,1,-1,-1,-1
273,25,344.37,339.05,173.16,511.84,1,-1,-1,-1
273,26,1762.96,997.99,39.51,82.21,1,-1,-1,-1
273,27,999.50,385.17,141.43,393.00,1,-1,-1,-1
273,28,707.29,451.55,47.67,140.01,1,-1,-1,-1
273,29,767.37,419.72,85.53,224.75,1,-1,-1,-1
274,1,805.79,302.78,181.56,585.32,1,-1,-1,-1
274,10,1143.89,302.45,216.18,598.72,1,-1,-1,-1
274,23,510.75,320.63,195.62,511.94,1,-1,-1,-1
274,24,1583.15,961.47,27.84,71.72,1,-1,-1,-1
274,25,325.55,337.31,179.21,518.95,1,-1,-1,-1
274,26,1756.79,992.48,39.78,87.87,1,-1,-1,-1
274,27,995.93,381.91,142.46,391.74,1,-1,-1,-1
274,28,700.67,443.80,48.39,142.10,1,-1,-1,-1
274,29,761.84,415.45,83.48,224.08,1,-1,-1,-1
275,1,800.24,299.73,180.68,580.89,1,-1,-1,-1
275,10,1137.64,298.48,218.22,603.33,1,-1,-1,-1
275,23,498.04,322.77,202.96,504.98,1,-1,-1,-1
275,24,1577.63,955.97,27.46,69.33,1,-1,-1,-1
275,25,313.55,329.05,177.80,530.19,1,-1,-1,-1
275,26,1748.81,988.67,41.54,91.11,1,-1,-1,-1
275,27,990.59,376.79,143.89,395.07,1,-1,-1,-1
275,28,692.90,435.68,49.80,143.22,1,-1,-1,-1
275,29,758.21,413.00,79.57,223.12,1,-1,-1,-1
276,1,792.96,295.54,181.53,563.96,1,-1,-1,-1
276,10,1131.93,291.27,221.15,599.46,1,-1,-1,-1
276,23,487.86,312.24,206.77,521.38,1,-1,-1,-1
276,24,1568.94,946.21,28.12,72.11,1,-1,-1,-1
276,25,296.20,316.86,184.87,541.12,1,-1,-1,-1
276,26,1740.69,985.28,39.90,95.02,1,-1,-1,-1
276,27,987.48,377.87,144.67,389.56,1,-1,-1,-1
276,28,686.55,431.09,50.01,144.05,1,-1,-1,-1
276,29,753.46,408.25,79.57,223.12,1,-1,-1,-1
277,1,778.98,279.35,186.90,573.30,1,-1,-1,-1
277,10,1121.55,283.05,225.66,602.71,1,-1,-1,-1
277,23,482.13,305.83,209.03,524.40,1,-1,-1,-1
277,24,1559.72,933.88,27.41,74.83,1,-1,-1,-1
277,25,279.87,308.74,192.59,545.02,1,-1,-1,-1
277,26,1732.81,982.07,39.13,97.95,1,-1,-1,-1
277,27,985.74,374.17,142.80,391.76,1,-1,-1,-1
277,28,680.27,427.58,50.49,140.58,1,-1,-1,-1
277,29,748.71,403.50,79.57,223.12,1,-1,-1,-1
278,1,769.67,270.82,185.64,588.56,1,-1,-1,-1
278,10,1113.69,281.64,230.03,599.13,1,-1,-1,-1
278,23,476.36,302.15,206.56,525.66,1,-1,-1,-1
278,24,1552.07,922.43,27.41,74.83,1,-1,-1,-1
278,25,273.40,287.99,186.44,566.08,1,-1,-1,-1
278,26,1725.07,973.75,38.83,101.90,1,-1,-1,-1
278,27,985.87,361.81,143.99,400.12,1,-1,-1,-1
278,28,675.26,419.65,50.78,139.34,1,-1,-1,-1
278,29,743.96,398.75,79.57,223.12,1,-1,-1,-1
279,1,764.46,268.02,186.94,578.44,1,-1,-1,-1
279,10,1112.28,273.79,233.79,600.02,1,-1,-1,-1
279,23,468.76,295.90,206.17,527.37,1,-1,-1,-1
279,24,1544.42,910.98,27.41,74.83,1,-1,-1,-1
279,25,262.08,274.35,187.18,579.25,1,-1,-1,-1
279,26,1720.75,966.65,38.39,99.87,1,-1,-1,-1
279,27,983.26,347.63,144.63,406.27,1,-1,-1,-1
279,28,669.82,411.64,51.14,143.02,1,-1,-1,-1
280,1,760.85,257.04,189.29,573.51,1,-1,-1,-1
280,10,1112.39,265.58,234.22,598.26,1,-1,-1,-1
280,23,462.24,282.73,210.25,538.38,1,-1,-1,-1
280,24,1536.77,899.53,27.41,74.83,1,-1,-1,-1
280,25,248.20,270.02,198.46,588.74,1,-1,-1,-1
280,26,1719.63,959.98,36.72,96.53,1,-1,-1,-1
280,27,976.67,332.40,149.16,414.34,1,-1,-1,-1
280,28,665.97,404.04,51.46,145.25,1,-1,-1,-1
281,1,754.69,248.85,197.77,572.10,1,-1,-1,-1
281,10,1113.87,260.21,233.64,594.44,1,-1,-1,-1
281,23,460.66,269.28,213.30,545.32,1,-1,-1,-1
281,25,239.18,268.63,202.69,590.04,1,-1,-1,-1
281,26,1716.95,950.87,37.05,95.81,1,-1,-1,-1
281,27,976.23,323.10,150.31,416.90,1,-1,-1,-1
281,28,665.12,395.53,50.44,146.40,1,-1,-1,-1
282,1,757.56,241.18,188.20,568.88,1,-1,-1,-1
282,10,1114.32,250.13,231.93,600.36,1,-1,-1,-1
282,23,455.04,250.86,216.45,559.52,1,-1,-1,-1
282,25,229.05,261.21,203.33,590.57,1,-1,-1,-1
282,26,1715.73,943.29,35.90,88.52,1,-1,-1,-1
282,27,977.35,311.79,151.28,423.34,1,-1,-1,-1
282,28,664.00,387.54,49.78,146.96,1,-1,-1,-1
283,1,756.13,230.17,190.30,573.58,1,-1,-1,-1
283,10,1115.30,241.26,231.35,595.14,1,-1,-1,-1
283,23,449.47,232.44,220.61,573.16,1,-1,-1,-1
283,25,220.47,238.16,206.53,607.18,1,-1,-1,-1
283,26,1715.39,934.63,36.25,88.09,1,-1,-1,-1
283,27,977.10,300.39,157.52,429.96,1,-1,-1,-1
283,28,663.45,379.93,49.72,146.01,1,-1,-1,-1
284,1,756.55,221.16,191.70,576.68,1,-1,-1,-1
284,10,1119.15,223.57,228.59,608.83,1,-1,-1,-1
284,23,449.86,219.02,219.83,585.16,1,-1,-1,-1
284,25,208.21,223.32,215.89,623.43,1,-1,-1,-1
284,26,1716.57,930.41,35.79,82.92,1,-1,-1,-1
284,27,979.45,287.39,159.75,442.10,1,-1,-1,-1
284,28,664.08,370.91,49.36,144.88,1,-1,-1,-1
285,1,758.06,213.21,190.44,573.54,1,-1,-1,-1
285,10,1125.32,213.60,227.06,618.19,1,-1,-1,-1
285,23,440.45,211.41,230.80,592.19,1,-1,-1,-1
285,25,197.77,214.53,218.98,642.66,1,-1,-1,-1
285,26,1719.23,923.59,35.66,79.96,1,-1,-1,-1
285,27,983.42,275.82,158.94,451.13,1,-1,-1,-1
285,28,664.47,363.87,49.95,142.23,1,-1,-1,-1
286,1,760.70,207.36,188.38,570.43,1,-1,-1,-1
286,10,1131.61,208.63,225.06,619.74,1,-1,-1,-1
286,23,430.56,193.67,236.75,611.38,1,-1,-1,-1
286,25,184.52,210.82,225.78,643.60,1,-1,-1,-1
286,26,1721.04,917.69,36.60,81.18,1,-1,-1,-1
286,27,987.61,266.75,162.90,459.72,1,-1,-1,-1
286,28,666.05,356.43,49.98,144.94,1,-1,-1,-1
287,1,765.66,205.42,187.06,561.73,1,-1,-1,-1
287,10,1136.39,202.17,224.88,618.59,1,-1,-1,-1
287,23,429.14,173.98,232.87,627.28,1,-1,-1,-1
287,25,172.85,192.73,226.91,655.36,1,-1,-1,-1
287,26,1721.42,911.69,38.42,81.75,1,-1,-1,-1
287,27,991.28,259.82,168.50,466.43,1,-1,-1,-1
287,28,669.03,349.90,48.46,147.64,1,-1,-1,-1
288,1,768.86,193.20,190.38,576.90,1,-1,-1,-1
288,10,1144.35,191.54,225.10,619.93,1,-1,-1,-1
288,23,424.32,159.26,233.52,636.53,1,-1,-1,-1
288,25,156.30,185.21,237.68,659.59,1,-1,-1,-1
288,26,1727.65,908.93,36.73,81.23,1,-1,-1,-1
288,27,996.16,252.86,168.71,469.28,1,-1,-1,-1
288,28,671.76,342.40,48.56,148.94,1,-1,-1,-1
289,1,770.79,191.19,196.83,578.79,1,-1,-1,-1
289,10,1149.33,184.01,228.25,632.02,1,-1,-1,-1
289,23,420.37,151.84,239.60,654.01,1,-1,-1,-1
289,25,146.00,170.60,243.02,680.88,1,-1,-1,-1
289,26,1733.89,905.51,35.73,81.07,1,-1,-1,-1
289,27,1004.14,252.05,170.94,473.98,1,-1,-1,-1
289,28,675.83,336.56,48.94,145.55,1,-1,-1,-1
290,1,776.80,199.39,197.93,568.51,1,-1,-1,-1
290,10,1158.68,184.49,228.99,622.00,1,-1,-1,-1
290,23,418.78,151.64,240.02,663.87,1,-1,-1,-1
290,25,136.38,165.19,248.25,682.85,1,-1,-1,-1
290,26,1739.74,899.39,36.55,79.41,1,-1,-1,-1
290,27,1015.73,246.86,168.95,484.63,1,-1,-1,-1
290,28,680.09,332.93,50.38,143.98,1,-1,-1,-1
291,1,784.86,187.59,193.36,570.67,1,-1,-1,-1
291,10,1171.15,176.87,226.34,626.55,1,-1,-1,-1
291,23,408.05,147.31,247.50,672.50,1,-1,-1,-1
291,25,126.31,151.06,255.64,701.51,1,-1,-1,-1
291,26,1746.36,895.96,37.28,78.70,1,-1,-1,-1
291,27,1022.45,237.12,167.24,498.61,1,-1,-1,-1
291,28,683.72,328.51,50.39,144.13,1,-1,-1,-1
291,30,737.90,289.40,83.00,257.20,1,-1,-1,-1
292,1,791.76,178.27,189.12,565.23,1,-1,-1,-1
292,10,1177.98,176.89,226.59,619.02,1,-1,-1,-1
292,23,400.62,148.67,256.46,667.60,1,-1,-1,-1
292,25,109.06,147.46,262.68,709.48,1,-1,-1,-1
292,26,1751.86,895.65,37.37,78.35,1,-1,-1,-1
292,27,1025.32,235.36,169.31,501.96,1,-1,-1,-1
292,28,689.31,325.02,49.91,142.64,1,-1,-1,-1
292,30,737.41,286.60,91.40,260.56,1,-1,-1,-1
293,1,801.58,176.35,186.17,569.55,1,-1,-1,-1
293,10,1190.52,169.98,219.88,617.47,1,-1,-1,-1
293,23,391.99,154.68,269.86,670.54,1,-1,-1,-1
293,25,91.52,143.94,272.07,728.95,1,-1,-1,-1
293,26,1757.69,898.65,38.37,76.85,1,-1,-1,-1
293,27,1031.84,224.69,177.21,515.29,1,-1,-1,-1
293,28,694.33,320.35,51.37,147.79,1,-1,-1,-1
293,30,738.36,284.79,95.67,253.03,1,-1,-1,-1
294,1,808.64,172.73,187.24,576.86,1,-1,-1,-1
294,10,1206.18,169.32,214.22,620.99,1,-1,-1,-1
294,23,386.55,148.79,273.04,698.23,1,-1,-1,-1
294,25,75.60,131.14,285.67,751.25,1,-1,-1,-1
294,26,1766.82,899.68,36.57,78.28,1,-1,-1,-1
294,27,1043.01,216.64,182.10,526.36,1,-1,-1,-1
294,28,701.57,317.58,50.34,150.67,1,-1,-1,-1
294,30,742.33,282.27,97.02,260.15,1,-1,-1,-1
295,1,818.62,180.16,183.78,564.22,1,-1,-1,-1
295,10,1219.77,173.69,211.83,625.90,1,-1,-1,-1
295,23,384.92,139.39,273.15,719.00,1,-1,-1,-1
295,25,54.95,135.28,294.37,757.58,1,-1,-1,-1
295,26,1776.35,900.43,36.45,78.30,1,-1,-1,-1
295,27,1049.75,214.63,183.29,532.90,1,-1,-1,-1
295,28,708.51,317.34,48.49,149.64,1,-1,-1,-1
295,30,748.58,284.96,97.15,268.65,1,-1,-1,-1
296,1,829.13,180.55,182.81,554.97,1,-1,-1,-1
296,10,1231.92,171.31,207.54,632.34,1,-1,-1,-1
296,23,383.07,130.26,277.11,740.21,1,-1,-1,-1
296,25,41.51,134.22,303.35,776.71,1,-1,-1,-1
296,26,1784.64,899.58,36.28,79.56,1,-1,-1,-1
296,27,1055.99,212.28,187.15,535.56,1,-1,-1,-1
296,28,713.45,317.44,49.90,150.94,1,-1,-1,-1
296,30,752.48,283.23,99.49,269.46,1,-1,-1,-1
297,1,837.60,177.20,181.33,561.22,1,-1,-1,-1
297,10,1240.90,169.80,208.00,634.34,1,-1,-1,-1
297,23,380.14,125.76,275.21,757.84,1,-1,-1,-1
297,25,34.75,121.03,304.79,808.34,1,-1,-1,-1
297,26,1790.29,902.16,38.25,76.79,1,-1,-1,-1
297,27,1064.83,206.58,187.67,548.61,1,-1,-1,-1
297,28,720.89,319.41,50.53,147.83,1,-1,-1,-1
297,30,760.30,281.18,98.31,267.32,1,-1,-1,-1
298,1,841.85,184.28,183.62,565.48,1,-1,-1,-1
298,10,1247.26,170.96,208.14,634.66,1,-1,-1,-1
298,23,374.51,123.59,281.08,766.49,1,-1,-1,-1
298,25,23.16,118.72,311.24,835.61,1,-1,-1,-1
298,26,1796.42,905.39,39.76,76.38,1,-1,-1,-1
298,27,1069.47,206.17,187.48,555.53,1,-1,-1,-1
298,28,726.54,319.18,50.09,150.96,1,-1,-1,-1
298,30,765.09,279.09,101.03,271.79,1,-1,-1,-1
299,1,844.58,182.18,183.82,568.29,1,-1,-1,-1
299,10,1250.22,174.10,210.56,633.99,1,-1,-1,-1
299,23,367.01,113.58,285.58,785.33,1,-1,-1,-1
299,25,9.86,113.45,313.03,868.08,1,-1,-1,-1
299,26,1803.23,911.80,37.90,72.40,1,-1,-1,-1
299,27,1070.21,202.85,193.23,565.17,1,-1,-1,-1
299,28,731.38,321.87,50.38,144.41,1,-1,-1,-1
299,30,768.17,280.51,103.88,267.81,1,-1,-1,-1
300,1,848.62,181.41,183.45,562.00,1,-1,-1,-1
300,10,1257.01,171.55,211.92,648.91,1,-1,-1,-1
300,23,351.85,101.33,304.70,806.87,1,-1,-1,-1
300,25,1.73,104.63,313.15,875.52,1,-1,-1,-1
300,26,1813.99,912.11,37.69,76.67,1,-1,-1,-1
300,27,1073.92,199.30,195.80,582.83,1,-1,-1,-1
300,28,735.19,318.93,51.02,145.52,1,-1,-1,-1
300,30,772.84,280.17,101.51,273.82,1,-1,-1,-1
301,1,849.59,179.30,184.40,567.53,1,-1,-1,-1
301,10,1261.06,175.03,211.63,647.85,1,-1,-1,-1
301,23,342.67,97.07,313.87,816.76,1,-1,-1,-1
301,25,0.41,93.79,309.40,882.15,1,-1,-1,-1
301,26,1829.57,912.05,34.83,85.30,1,-1,-1,-1
301,27,1077.94,200.03,200.70,590.44,1,-1,-1,-1
301,28,736.72,319.94,51.36,145.65,1,-1,-1,-1
301,30,775.87,282.68,100.94,275.28,1,-1,-1,-1
302,1,849.49,178.79,185.38,571.08,1,-1,-1,-1
302,10,1265.53,172.53,208.67,654.05,1,-1,-1,-1
302,23,327.14,93.53,323.97,832.82,1,-1,-1,-1
302,25,-1.13,70.46,295.05,922.44,1,-1,-1,-1
302,26,1849.57,919.34,34.81,88.10,1,-1,-1,-1
302,27,1082.57,201.71,199.72,592.30,1,-1,-1,-1
302,28,738.09,321.17,51.04,144.70,1,-1,-1,-1
302,30,778.22,282.59,100.56,272.84,1,-1,-1,-1
303,1,852.75,185.47,185.67,566.19,1,-1,-1,-1
303,10,1269.00,172.05,210.02,654.57,1,-1,-1,-1
303,23,319.17,76.78,320.28,868.16,1,-1,-1,-1
303,25,-2.47,69.14,272.13,949.99,1,-1,-1,-1
303,26,1872.77,926.99,34.81,88.10,1,-1,-1,-1
303,27,1088.56,196.57,203.56,601.68,1,-1,-1,-1
303,28,739.98,321.08,49.96,144.84,1,-1,-1,-1
303,30,779.42,282.14,101.01,270.57,1,-1,-1,-1
304,1,849.73,182.73,187.72,569.14,1,-1,-1,-1
304,10,1272.10,175.38,211.13,654.52,1,-1,-1,-1
304,23,306.53,63.50,326.45,896.82,1,-1,-1,-1
304,25,-4.03,68.72,250.41,962.32,1,-1,-1,-1
304,26,1895.97,934.64,34.81,88.10,1,-1,-1,-1
304,27,1096.44,196.65,206.39,603.30,1,-1,-1,-1
304,28,740.23,319.97,50.34,147.47,1,-1,-1,-1
304,30,778.21,282.87,103.24,269.19,1,-1,-1,-1
305,1,850.69,177.01,184.77,574.71,1,-1,-1,-1
305,10,1274.44,178.67,210.76,655.49,1,-1,-1,-1
305,23,286.71,62.05,342.66,917.66,1,-1,-1,-1
305,25,1.49,49.49,223.94,993.11,1,-1,-1,-1
305,26,1919.17,942.29,34.81,88.10,1,-1,-1,-1
305,27,1097.22,197.75,212.00,612.40,1,-1,-1,-1
305,28,741.92,321.81,48.98,146.86,1,-1,-1,-1
305,30,777.04,284.07,104.12,269.97,1,-1,-1,-1
306,1,848.95,181.80,186.68,574.00,1,-1,-1,-1
306,10,1276.07,176.63,206.31,658.58,1,-1,-1,-1
306,23,268.71,52.68,355.22,951.43,1,-1,-1,-1
306,25,5.32,65.03,197.94,966.08,1,-1,-1,-1
306,27,1095.47,197.60,219.56,624.02,1,-1,-1,-1
306,28,743.44,324.58,48.29,148.01,1,-1,-1,-1
306,30,774.90,286.08,106.49,268.94,1,-1,-1,-1
306,31,1829.30,927.60,39.50,75.70,1,-1,-1,-1
307,1,842.36,192.59,188.72,556.99,1,-1,-1,-1
307,10,1275.94,170.96,205.67,661.25,1,-1,-1,-1
307,23,248.55,56.66,364.59,965.83,1,-1,-1,-1
307,25,-6.08,64.63,197.94,966.08,1,-1,-1,-1
307,27,1099.77,192.38,218.68,645.22,1,-1,-1,-1
307,28,742.93,326.60,49.00,150.45,1,-1,-1,-1
307,30,773.88,287.70,102.16,267.79,1,-1,-1,-1
307,31,1830.77,927.81,39.64,73.25,1,-1,-1,-1
307,32,1000.80,215.10,103.40,426.50,1,-1,-1,-1
308,1,835.78,194.32,192.35,554.41,1,-1,-1,-1
308,10,1276.24,168.12,207.09,662.13,1,-1,-1,-1
308,23,233.03,46.78,366.84,1020.83,1,-1,-1,-1
308,25,-17.48,64.23,197.94,966.08,1,-1,-1,-1
308,27,1097.92,185.34,224.08,669.70,1,-1,-1,-1
308,28,741.67,330.09,50.05,147.20,1,-1,-1,-1
308,30,775.47,288.26,99.81,269.83,1,-1,-1,-1
308,31,1831.52,927.65,38.28,73.01,1,-1,-1,-1
308,32,997.58,214.82,106.48,426.64,1,-1,-1,-1
309,1,829.22,192.41,195.18,559.51,1,-1,-1,-1
309,10,1273.97,167.81,206.05,669.88,1,-1,-1,-1
309,23,209.33,42.74,383.33,1038.80,1,-1,-1,-1
309,25,-28.88,63.83,197.94,966.08,1,-1,-1,-1
309,27,1093.83,181.25,229.69,684.40,1,-1,-1,-1
309,28,739.66,331.66,51.20,147.76,1,-1,-1,-1
309,30,782.12,284.33,96.44,274.78,1,-1,-1,-1
309,31,1831.48,927.32,36.96,73.84,1,-1,-1,-1
309,32,995.68,218.22,106.63,422.76,1,-1,-1,-1
310,1,824.12,183.89,197.72,568.67,1,-1,-1,-1
310,10,1269.94,169.47,211.19,664.08,1,-1,-1,-1
310,23,183.10,32.84,398.85,1048.25,1,-1,-1,-1
310,27,1098.94,170.97,235.30,694.13,1,-1,-1,-1
310,28,738.26,331.00,51.55,149.47,1,-1,-1,-1
310,30,786.22,281.53,96.44,274.78,1,-1,-1,-1
310,31,1827.95,923.89,36.92,76.68,1,-1,-1,-1
310,32,992.99,218.12,107.24,426.43,1,-1,-1,-1
311,1,823.39,180.75,193.71,565.40,1,-1,-1,-1
311,10,1270.29,167.61,211.83,657.37,1,-1,-1,-1
311,23,162.43,21.23,411.34,1058.92,1,-1,-1,-1
311,27,1105.29,169.28,233.41,702.51,1,-1,-1,-1
311,28,736.79,329.48,51.24,146.55,1,-1,-1,-1
311,30,790.32,278.73,96.44,274.78,1,-1,-1,-1
311,31,1824.61,923.33,37.19,75.99,1,-1,-1,-1
311,32,988.58,220.01,112.18,422.28,1,-1,-1,-1
312,1,819.95,177.04,198.46,571.49,1,-1,-1,-1
312,10,1270.57,165.74,208.45,657.25,1,-1,-1,-1
312,23,147.78,5.39,414.53,1073.68,1,-1,-1,-1
312,27,1102.66,171.58,240.68,715.94,1,-1,-1,-1
312,28,734.56,329.30,51.00,146.10,1,-1,-1,-1
312,30,794.42,275.93,96.44,274.78,1,-1,-1,-1
312,31,1823.50,922.91,37.48,75.72,1,-1,-1,-1
312,32,989.36,218.22,111.63,424.53,1,-1,-1,-1
313,1,827.58,177.95,187.36,564.78,1,-1,-1,-1
313,10,1278.73,167.31,196.02,648.89,1,-1,-1,-1
313,23,119.86,-0.16,432.57,1078.10,1,-1,-1,-1
313,27,1104.84,162.47,248.74,737.26,1,-1,-1,-1
313,28,731.30,327.48,51.21,147.92,1,-1,-1,-1
313,30,781.78,276.75,92.56,280.46,1,-1,-1,-1
313,31,1820.73,923.63,37.91,75.43,1,-1,-1,-1
313,32,988.40,214.24,112.94,431.72,1,-1,-1,-1
314,1,821.55,178.19,192.08,559.75,1,-1,-1,-1
314,10,1285.89,165.82,181.66,653.80,1,-1,-1,-1
314,23,91.79,0.65,446.10,1079.43,1,-1,-1,-1
314,27,1112.63,140.93,253.61,762.56,1,-1,-1,-1
314,28,726.75,326.20,49.80,146.79,1,-1,-1,-1
314,30,772.84,278.55,93.15,279.79,1,-1,-1,-1
314,31,1817.94,925.98,38.25,75.83,1,-1,-1,-1
314,32,986.59,211.48,112.63,436.12,1,-1,-1,-1
315,1,813.46,178.31,201.26,561.12,1,-1,-1,-1
315,10,1275.80,163.61,190.37,655.97,1,-1,-1,-1
315,23,72.29,0.90,460.87,1079.83,1,-1,-1,-1
315,27,1116.74,126.32,258.85,779.67,1,-1,-1,-1
315,28,721.90,326.78,51.27,146.24,1,-1,-1,-1
315,30,770.19,270.57,90.52,293.59,1,-1,-1,-1
315,31,1816.10,925.88,37.80,77.91,1,-1,-1,-1
315,32,984.74,213.87,113.10,433.93,1,-1,-1,-1
316,1,815.50,173.74,196.04,570.76,1,-1,-1,-1
316,10,1269.90,158.61,190.37,655.97,1,-1,-1,-1
316,23,37.90,0.97,499.60,1079.95,1,-1,-1,-1
316,27,1115.24,127.50,267.57,804.05,1,-1,-1,-1
316,28,721.42,326.14,50.52,144.18,1,-1,-1,-1
316,30,760.07,269.01,100.66,298.71,1,-1,-1,-1
316,31,1814.02,925.04,38.71,78.25,1,-1,-1,-1
316,32,985.92,213.32,112.54,430.76,1,-1,-1,-1
317,1,819.66,173.74,192.23,569.25,1,-1,-1,-1
317,10,1264.00,153.61,190.37,655.97,1,-1,-1,-1
317,23,13.91,0.99,514.16,1079.98,1,-1,-1,-1
317,27,1116.71,124.88,269.90,830.83,1,-1,-1,-1
317,28,720.23,319.34,50.37,148.25,1,-1,-1,-1
317,30,753.64,267.09,102.51,298.35,1,-1,-1,-1
317,31,1812.36,925.39,37.23,76.61,1,-1,-1,-1
317,32,985.62,208.55,114.40,429.04,1,-1,-1,-1
318,1,821.72,179.43,193.26,562.42,1,-1,-1,-1
318,10,1258.10,148.61,190.37,655.97,1,-1,-1,-1
318,23,1.15,1.00,500.12,1080.00,1,-1,-1,-1
318,27,1119.81,109.77,272.28,861.96,1,-1,-1,-1
318,28,719.08,315.34,48.99,152.00,1,-1,-1,-1
318,30,749.03,263.81,105.79,292.09,1,-1,-1,-1
318,31,1810.86,925.03,36.30,76.39,1,-1,-1,-1
318,32,981.00,208.00,117.90,427.61,1,-1,-1,-1
319,1,815.24,177.92,196.93,563.46,1,-1,-1,-1
319,23,-6.35,1.00,483.94,1080.00,1,-1,-1,-1
319,27,1122.55,105.19,284.12,876.76,1,-1,-1,-1
319,28,715.89,312.06,48.02,155.71,1,-1,-1,-1
319,30,744.65,260.02,110.70,304.98,1,-1,-1,-1
319,31,1810.97,920.18,33.99,78.92,1,-1,-1,-1
319,32,976.06,204.22,118.46,430.68,1,-1,-1,-1
320,1,813.24,174.40,197.96,558.94,1,-1,-1,-1
320,23,-2.16,1.00,483.63,1080.00,1,-1,-1,-1
320,27,1126.18,106.73,289.43,902.90,1,-1,-1,-1
320,28,712.47,311.42,47.03,155.49,1,-1,-1,-1
320,30,743.49,262.19,109.02,303.59,1,-1,-1,-1
320,31,1811.95,916.77,31.90,78.77,1,-1,-1,-1
320,32,973.97,206.01,118.63,422.02,1,-1,-1,-1
321,1,807.36,169.05,208.35,563.04,1,-1,-1,-1
321,23,1.72,1.00,449.24,1080.00,1,-1,-1,-1
321,27,1130.95,102.18,293.61,928.03,1,-1,-1,-1
321,28,712.86,314.74,44.14,151.58,1,-1,-1,-1
321,30,737.02,253.90,113.28,306.75,1,-1,-1,-1
321,31,1812.25,915.02,31.90,78.77,1,-1,-1,-1
321,32,974.05,205.74,118.75,418.36,1,-1,-1,-1
322,1,808.37,167.22,203.34,565.53,1,-1,-1,-1
322,23,3.61,1.00,406.30,1080.00,1,-1,-1,-1
322,27,1138.24,81.92,307.39,962.52,1,-1,-1,-1
322,28,710.46,313.13,43.97,150.05,1,-1,-1,-1
322,30,731.21,256.00,113.99,310.14,1,-1,-1,-1
322,31,1812.55,913.27,31.90,78.77,1,-1,-1,-1
322,32,975.81,199.40,120.81,418.67,1,-1,-1,-1
323,1,811.83,163.18,197.15,569.15,1,-1,-1,-1
323,23,17.95,1.00,356.25,1080.00,1,-1,-1,-1
323,27,1149.10,69.61,309.99,987.15,1,-1,-1,-1
323,28,704.31,306.07,47.00,160.45,1,-1,-1,-1
323,30,725.63,257.20,117.15,314.45,1,-1,-1,-1
323,31,1812.85,911.52,31.90,78.77,1,-1,-1,-1
323,32,976.43,190.74,119.33,429.75,1,-1,-1,-1
324,1,808.70,164.04,202.16,559.03,1,-1,-1,-1
324,23,6.63,1.00,342.57,1080.00,1,-1,-1,-1
324,27,1153.70,42.93,326.45,1031.00,1,-1,-1,-1
324,28,700.00,301.55,49.03,170.07,1,-1,-1,-1
324,30,723.09,257.84,113.68,312.18,1,-1,-1,-1
324,32,970.59,194.01,123.30,421.18,1,-1,-1,-1
325,1,806.49,164.81,204.57,547.04,1,-1,-1,-1
325,23,14.31,12.27,303.11,1068.73,1,-1,-1,-1
325,27,1162.29,34.06,327.18,1042.76,1,-1,-1,-1
325,28,697.50,301.00,49.03,170.07,1,-1,-1,-1
325,30,717.48,255.26,117.62,314.08,1,-1,-1,-1
325,32,971.85,192.46,122.32,427.21,1,-1,-1,-1
326,1,811.96,164.15,197.66,555.76,1,-1,-1,-1
326,23,6.56,20.32,303.11,1068.73,1,-1,-1,-1
326,27,1163.87,23.26,344.00,1056.79,1,-1,-1,-1
326,28,695.00,300.45,49.03,170.07,1,-1,-1,-1
326,30,716.81,250.26,118.16,320.60,1,-1,-1,-1
326,32,973.99,194.04,121.26,430.14,1,-1,-1,-1
327,1,813.47,168.87,201.12,555.58,1,-1,-1,-1
327,23,-1.19,28.37,303.11,1068.73,1,-1,-1,-1
327,27,1178.16,10.05,354.43,1068.42,1,-1,-1,-1
327,28,692.50,299.90,49.03,170.07,1,-1,-1,-1
327,30,716.26,252.46,121.27,321.16,1,-1,-1,-1
327,32,973.98,202.85,120.87,421.29,1,-1,-1,-1
328,1,812.27,167.90,202.58,557.69,1,-1,-1,-1
328,23,-8.94,36.42,303.11,1068.73,1,-1,-1,-1
328,27,1189.02,2.12,365.33,1076.52,1,-1,-1,-1
328,30,715.36,248.32,119.47,331.06,1,-1,-1,-1
328,32,976.95,201.13,118.79,427.60,1,-1,-1,-1
329,1,817.43,171.12,196.71,560.01,1,-1,-1,-1
329,27,1206.90,0.35,368.39,1078.96,1,-1,-1,-1
329,30,713.25,248.56,120.12,332.63,1,-1,-1,-1
329,32,978.73,199.18,119.01,426.20,1,-1,-1,-1
329,33,1168.90,306.50,61.90,197.00,1,-1,-1,-1
330,1,821.20,173.43,193.76,566.37,1,-1,-1,-1
330,27,1227.05,0.80,376.94,1079.69,1,-1,-1,-1
330,30,713.63,248.61,119.76,336.11,1,-1,-1,-1
330,32,975.70,195.48,126.77,436.00,1,-1,-1,-1
330,33,1170.72,311.33,57.77,192.66,1,-1,-1,-1
331,1,827.00,171.39,186.02,566.81,1,-1,-1,-1
331,27,1257.48,0.94,370.68,1079.91,1,-1,-1,-1
331,30,708.44,251.56,122.10,333.79,1,-1,-1,-1
331,32,976.93,198.80,127.84,440.76,1,-1,-1,-1
331,33,1171.09,317.28,59.89,188.21,1,-1,-1,-1
332,1,827.54,178.00,189.44,564.21,1,-1,-1,-1
332,27,1279.22,0.98,376.64,1079.97,1,-1,-1,-1
332,30,704.91,254.05,123.57,331.91,1,-1,-1,-1
332,32,982.17,208.29,128.30,429.87,1,-1,-1,-1
332,33,1170.53,321.84,61.37,184.56,1,-1,-1,-1
333,1,831.05,186.56,188.36,556.64,1,-1,-1,-1
333,27,1284.64,0.99,407.62,1079.99,1,-1,-1,-1
333,30,703.76,255.72,125.76,335.05,1,-1,-1,-1
333,32,984.79,213.71,128.44,422.19,1,-1,-1,-1
333,33,1168.52,322.32,59.99,187.88,1,-1,-1,-1
334,1,836.98,187.14,180.06,550.45,1,-1,-1,-1
334,27,1299.88,10.17,429.59,1070.83,1,-1,-1,-1
334,30,702.86,257.75,126.35,338.80,1,-1,-1,-1
334,32,982.31,217.38,130.23,422.76,1,-1,-1,-1
334,33,1167.68,325.00,57.41,187.33,1,-1,-1,-1
335,1,828.23,195.91,192.20,547.90,1,-1,-1,-1
335,27,1328.66,5.72,439.26,1077.25,1,-1,-1,-1
335,30,701.37,260.83,129.11,337.40,1,-1,-1,-1
335,32,982.86,222.22,130.28,427.90,1,-1,-1,-1
335,33,1165.48,328.28,59.22,189.13,1,-1,-1,-1
336,1,831.84,196.80,185.20,550.56,1,-1,-1,-1
336,27,1351.39,0.45,452.10,1079.17,1,-1,-1,-1
336,30,697.97,263.11,130.29,343.21,1,-1,-1,-1
336,32,981.75,224.59,132.11,429.30,1,-1,-1,-1
336,33,1162.95,330.45,62.78,195.13,1,-1,-1,-1
337,1,826.07,196.21,188.77,556.61,1,-1,-1,-1
337,27,1359.67,0.83,491.09,1079.75,1,-1,-1,-1
337,30,694.74,266.64,129.11,348.80,1,-1,-1,-1
337,32,981.99,229.23,130.70,428.81,1,-1,-1,-1
337,33,1161.53,335.28,62.30,193.57,1,-1,-1,-1
338,1,822.19,205.39,187.11,554.08,1,-1,-1,-1
338,27,1377.57,1.51,510.98,1079.37,1,-1,-1,-1
338,30,689.95,270.48,131.55,343.62,1,-1,-1,-1
338,32,981.87,233.70,131.05,432.09,1,-1,-1,-1
338,33,1157.60,337.05,64.12,193.45,1,-1,-1,-1
338,34,1236.10,171.00,242.30,696.90,1,-1,-1,-1
339,1,822.08,205.57,189.41,551.50,1,-1,-1,-1
339,27,1394.47,1.27,503.92,1079.81,1,-1,-1,-1
339,30,683.22,268.47,135.09,350.40,1,-1,-1,-1
339,32,979.51,234.02,132.77,433.92,1,-1,-1,-1
339,33,1155.33,339.27,63.83,192.37,1,-1,-1,-1
339,34,1235.82,190.67,245.80,667.57,1,-1,-1,-1
340,1,814.36,198.80,196.26,551.15,1,-1,-1,-1
340,27,1414.11,6.00,503.14,1074.90,1,-1,-1,-1
340,30,679.08,269.80,135.31,353.76,1,-1,-1,-1
340,32,978.98,232.88,131.67,433.42,1,-1,-1,-1
340,33,1151.66,341.08,63.32,188.47,1,-1,-1,-1
340,34,1233.01,193.75,247.48,667.94,1,-1,-1,-1
341,1,808.03,191.25,194.61,563.02,1,-1,-1,-1
341,27,1436.87,3.58,491.42,1078.47,1,-1,-1,-1
341,30,672.57,262.64,136.21,363.45,1,-1,-1,-1
341,32,978.75,230.69,131.83,431.37,1,-1,-1,-1
341,33,1144.66,339.99,64.71,185.41,1,-1,-1,-1
341,34,1229.25,192.29,248.96,665.11,1,-1,-1,-1
342,1,808.17,192.41,189.91,551.94,1,-1,-1,-1
342,27,1426.89,3.91,498.76,1076.32,1,-1,-1,-1
342,30,664.16,257.87,137.53,367.68,1,-1,-1,-1
342,32,978.75,228.43,132.65,439.93,1,-1,-1,-1
342,33,1138.13,338.96,66.80,182.81,1,-1,-1,-1
342,34,1226.13,180.79,247.38,676.72,1,-1,-1,-1
343,1,803.41,188.87,195.57,552.68,1,-1,-1,-1
343,27,1419.14,6.21,498.76,1076.32,1,-1,-1,-1
343,30,658.05,257.96,138.35,369.94,1,-1,-1,-1
343,32,972.05,231.13,134.92,437.39,1,-1,-1,-1
343,33,1132.64,336.60,68.90,188.40,1,-1,-1,-1
343,34,1218.41,168.23,262.72,682.66,1,-1,-1,-1
344,1,804.58,189.22,192.79,554.17,1,-1,-1,-1
344,27,1512.20,55.54,398.13,1026.61,1,-1,-1,-1
344,30,655.00,258.03,137.13,370.40,1,-1,-1,-1
344,32,973.09,225.42,131.34,435.44,1,-1,-1,-1
344,33,1129.01,336.71,66.73,185.32,1,-1,-1,-1
344,34,1216.67,154.98,259.42,700.96,1,-1,-1,-1
345,1,802.97,191.18,195.60,549.43,1,-1,-1,-1
345,27,1584.77,22.62,327.97,1063.98,1,-1,-1,-1
345,30,650.24,257.92,140.89,362.70,1,-1,-1,-1
345,32,974.53,218.58,130.68,441.92,1,-1,-1,-1
345,33,1121.44,332.79,68.67,182.65,1,-1,-1,-1
345,34,1210.93,150.14,252.97,703.65,1,-1,-1,-1
346,1,798.07,186.83,199.10,556.27,1,-1,-1,-1
346,27,1603.22,-14.73,327.97,1063.98,1,-1,-1,-1
346,30,645.05,257.21,141.95,355.70,1,-1,-1,-1
346,32,970.23,218.05,132.37,440.58,1,-1,-1,-1
346,33,1113.08,329.02,69.11,183.80,1,-1,-1,-1
346,34,1205.64,148.72,253.34,700.88,1,-1,-1,-1
347,1,796.09,188.80,195.32,558.04,1,-1,-1,-1
347,27,1621.67,-52.08,327.97,1063.98,1,-1,-1,-1
347,30,636.20,251.40,143.87,370.19,1,-1,-1,-1
347,32,967.25,218.13,132.88,435.27,1,-1,-1,-1
347,33,1105.08,328.16,72.53,188.14,1,-1,-1,-1
347,34,1198.45,148.63,255.27,694.46,1,-1,-1,-1
348,1,792.78,193.18,193.63,550.59,1,-1,-1,-1
348,27,1640.12,-89.43,327.97,1063.98,1,-1,-1,-1
348,30,628.41,247.49,143.68,376.57,1,-1,-1,-1
348,32,964.00,217.81,131.35,440.68,1,-1,-1,-1
348,33,1102.47,328.24,70.13,186.71,1,-1,-1,-1
348,34,1191.77,140.48,259.63,700.65,1,-1,-1,-1
349,1,794.06,192.98,189.97,549.97,1,-1,-1,-1
349,30,616.99,242.74,150.83,379.32,1,-1,-1,-1
349,32,960.93,223.28,130.69,433.34,1,-1,-1,-1
349,33,1095.60,324.26,72.00,187.82,1,-1,-1,-1
349,34,1182.37,143.32,270.60,690.95,1,-1,-1,-1
350,1,795.74,193.43,191.81,547.33,1,-1,-1,-1
350,30,609.64,238.38,147.87,387.43,1,-1,-1,-1
350,32,956.00,221.51,132.52,433.73,1,-1,-1,-1
350,33,1087.48,321.89,72.63,190.75,1,-1,-1,-1
350,34,1170.77,143.55,275.29,700.51,1,-1,-1,-1
351,1,789.24,194.59,199.01,545.00,1,-1,-1,-1
351,30,598.99,236.64,150.55,391.61,1,-1,-1,-1
351,32,954.08,218.53,130.47,437.98,1,-1,-1,-1
351,33,1080.20,322.69,74.43,191.13,1,-1,-1,-1
351,34,1160.84,145.75,279.15,710.02,1,-1,-1,-1
352,1,785.25,191.78,198.79,550.39,1,-1,-1,-1
352,30,590.85,235.62,152.55,397.48,1,-1,-1,-1
352,32,950.46,213.89,129.23,443.80,1,-1,-1,-1
352,33,1074.71,323.58,74.06,193.63,1,-1,-1,-1
352,34,1156.17,136.64,281.28,723.10,1,-1,-1,-1
353,1,786.85,190.71,193.34,541.72,1,-1,-1,-1
353,30,586.39,234.29,149.92,403.44,1,-1,-1,-1
353,32,946.39,215.43,126.48,441.63,1,-1,-1,-1
353,33,1067.14,322.92,75.56,193.12,1,-1,-1,-1
353,34,1153.37,141.78,289.98,707.56,1,-1,-1,-1
354,1,786.22,186.63,190.09,542.69,1,-1,-1,-1
354,30,577.19,232.74,150.12,409.22,1,-1,-1,-1
354,32,942.62,214.11,128.45,445.46,1,-1,-1,-1
354,33,1058.89,321.44,75.31,192.27,1,-1,-1,-1
354,34,1151.23,147.63,285.37,712.07,1,-1,-1,-1
355,1,783.20,185.85,191.15,540.18,1,-1,-1,-1
355,30,565.66,236.37,150.32,409.98,1,-1,-1,-1
355,32,939.65,216.09,126.32,441.71,1,-1,-1,-1
355,33,1049.73,321.49,77.75,194.11,1,-1,-1,-1
355,34,1141.36,153.31,286.79,716.78,1,-1,-1,-1
356,1,781.83,187.07,184.60,539.70,1,-1,-1,-1
356,30,554.73,235.05,147.92,413.98,1,-1,-1,-1
356,32,934.23,213.79,122.87,443.87,1,-1,-1,-1
356,33,1042.13,321.27,77.86,190.11,1,-1,-1,-1
356,34,1140.69,160.63,279.52,702.72,1,-1,-1,-1
356,35,712.00,216.40,126.30,434.90,1,-1,-1,-1
357,1,779.54,183.64,184.53,548.10,1,-1,-1,-1
357,30,546.29,234.64,147.70,412.80,1,-1,-1,-1
357,32,929.60,211.09,120.44,443.68,1,-1,-1,-1
357,33,1033.73,319.21,77.05,193.39,1,-1,-1,-1
357,34,1130.86,145.34,286.86,724.41,1,-1,-1,-1
357,35,698.42,208.21,136.80,449.25,1,-1,-1,-1
358,1,782.01,179.31,180.45,547.75,1,-1,-1,-1
358,30,537.44,233.41,149.38,418.12,1,-1,-1,-1
358,32,917.75,213.70,125.80,443.06,1,-1,-1,-1
358,33,1025.94,319.98,74.28,192.42,1,-1,-1,-1
358,34,1126.65,145.51,283.60,718.10,1,-1,-1,-1
358,35,686.30,205.04,146.95,455.87,1,-1,-1,-1
359,1,777.04,175.13,180.48,555.70,1,-1,-1,-1
359,30,528.24,231.08,148.34,424.55,1,-1,-1,-1
359,32,908.80,215.85,125.94,441.06,1,-1,-1,-1
359,33,1016.41,317.20,77.24,195.63,1,-1,-1,-1
359,34,1121.43,148.03,281.71,718.59,1,-1,-1,-1
359,35,674.89,202.03,152.72,463.24,1,-1,-1,-1
360,1,775.32,180.32,175.74,551.57,1,-1,-1,-1
360,30,520.05,228.78,148.17,430.46,1,-1,-1,-1
360,32,905.00,215.86,122.48,442.77,1,-1,-1,-1
360,33,1008.56,319.18,77.56,195.12,1,-1,-1,-1
360,34,1113.21,149.03,280.86,720.21,1,-1,-1,-1
360,35,665.13,197.73,155.37,463.63,1,-1,-1,-1
361,1,775.93,178.03,175.43,554.04,1,-1,-1,-1
361,30,506.39,226.49,152.39,433.99,1,-1,-1,-1
361,32,900.61,217.11,114.30,441.95,1,-1,-1,-1
361,33,1000.38,319.68,78.15,196.51,1,-1,-1,-1
361,34,1108.43,145.85,284.88,713.06,1,-1,-1,-1
361,35,653.66,197.67,158.19,476.21,1,-1,-1,-1
362,1,771.99,177.42,175.76,555.83,1,-1,-1,-1
362,30,496.93,225.77,149.25,440.16,1,-1,-1,-1
362,32,892.84,217.01,110.80,443.81,1,-1,-1,-1
362,33,994.05,323.42,77.69,192.09,1,-1,-1,-1
362,34,1103.56,140.99,283.70,727.93,1,-1,-1,-1
362,35,642.11,201.14,156.03,484.60,1,-1,-1,-1
363,1,766.81,181.69,172.43,552.66,1,-1,-1,-1
363,30,489.37,226.18,150.40,447.05,1,-1,-1,-1
363,32,883.99,219.71,110.80,443.81,1,-1,-1,-1
363,33,984.92,323.48,78.26,195.39,1,-1,-1,-1
363,34,1097.97,143.65,281.11,716.01,1,-1,-1,-1
363,35,631.77,197.31,161.19,489.50,1,-1,-1,-1
364,1,762.83,182.14,175.28,561.23,1,-1,-1,-1
364,30,479.08,222.31,154.25,453.38,1,-1,-1,-1
364,32,875.14,222.41,110.80,443.81,1,-1,-1,-1
364,33,980.40,321.03,78.29,197.50,1,-1,-1,-1
364,34,1096.75,145.72,278.02,709.49,1,-1,-1,-1
364,35,621.88,194.11,165.05,487.96,1,-1,-1,-1
365,1,762.38,183.12,176.55,562.47,1,-1,-1,-1
365,30,469.94,225.62,155.13,457.88,1,-1,-1,-1
365,32,866.29,225.11,110.80,443.81,1,-1,-1,-1
365,33,980.75,320.45,78.58,199.18,1,-1,-1,-1
365,34,1093.99,151.74,287.25,700.12,1,-1,-1,-1
365,35,616.61,190.52,164.94,490.30,1,-1,-1,-1
366,1,761.09,188.02,172.74,553.32,1,-1,-1,-1
366,30,461.52,227.90,157.42,467.83,1,-1,-1,-1
366,32,862.24,215.76,107.86,461.79,1,-1,-1,-1
366,33,974.84,324.52,83.00,196.18,1,-1,-1,-1
366,34,1092.58,149.20,291.62,695.21,1,-1,-1,-1
366,35,606.67,191.47,166.10,494.29,1,-1,-1,-1
367,1,757.28,191.09,173.97,544.42,1,-1,-1,-1
367,30,451.39,225.91,168.68,469.63,1,-1,-1,-1
367,32,854.61,217.15,107.86,461.79,1,-1,-1,-1
367,33,971.04,320.96,83.00,199.63,1,-1,-1,-1
367,34,1091.44,148.99,290.07,693.31,1,-1,-1,-1
367,35,596.11,194.05,169.39,493.81,1,-1,-1,-1
368,1,756.03,191.68,173.08,538.59,1,-1,-1,-1
368,30,445.57,221.64,168.69,480.39,1,-1,-1,-1
368,32,846.97,218.54,107.86,461.79,1,-1,-1,-1
368,33,970.66,319.03,82.09,201.57,1,-1,-1,-1
368,34,1095.63,151.77,275.04,698.69,1,-1,-1,-1
368,35,592.02,193.62,169.61,498.91,1,-1,-1,-1
369,1,752.88,189.57,174.98,559.88,1,-1,-1,-1
369,30,434.02,221.68,179.27,485.86,1,-1,-1,-1
369,32,839.33,219.93,107.86,461.79,1,-1,-1,-1
369,33,970.39,320.34,80.91,201.94,1,-1,-1,-1
369,34,1095.70,149.27,267.59,712.49,1,-1,-1,-1
369,35,587.48,189.42,178.77,517.38,1,-1,-1,-1
370,1,751.19,196.67,177.31,561.57,1,-1,-1,-1
370,30,429.84,221.33,176.28,487.71,1,-1,-1,-1
370,33,971.12,322.17,80.06,199.46,1,-1,-1,-1
370,34,1096.93,149.85,269.42,709.84,1,-1,-1,-1
370,35,585.48,193.51,177.25,509.21,1,-1,-1,-1
371,1,754.89,197.33,174.85,553.89,1,-1,-1,-1
371,30,428.02,218.83,171.81,494.00,1,-1,-1,-1
371,33,971.73,322.91,81.00,199.49,1,-1,-1,-1
371,34,1097.74,150.76,270.95,713.03,1,-1,-1,-1
371,35,579.73,184.39,179.25,525.51,1,-1,-1,-1
372,1,757.88,194.43,174.05,556.00,1,-1,-1,-1
372,30,424.08,221.23,171.52,493.51,1,-1,-1,-1
372,33,972.20,324.43,83.24,198.38,1,-1,-1,-1
372,34,1094.10,135.66,277.91,739.05,1,-1,-1,-1
372,35,575.55,183.93,179.07,529.21,1,-1,-1,-1
373,1,760.96,196.19,173.31,558.66,1,-1,-1,-1
373,30,413.04,218.96,178.65,498.54,1,-1,-1,-1
373,33,973.07,327.12,85.80,198.46,1,-1,-1,-1
373,34,1096.82,146.27,269.92,726.27,1,-1,-1,-1
373,35,567.51,190.61,185.39,535.64,1,-1,-1,-1
374,1,762.23,200.84,177.01,554.21,1,-1,-1,-1
374,30,401.92,218.37,189.60,498.44,1,-1,-1,-1
374,33,974.19,328.80,87.55,200.66,1,-1,-1,-1
374,34,1099.12,151.92,266.41,731.12,1,-1,-1,-1
374,35,563.63,191.76,185.12,533.72,1,-1,-1,-1
375,1,758.03,200.29,186.03,549.58,1,-1,-1,-1
375,30,396.00,219.24,193.10,504.92,1,-1,-1,-1
375,33,977.31,330.68,86.26,201.60,1,-1,-1,-1
375,34,1100.94,146.34,269.69,742.52,1,-1,-1,-1
375,35,558.23,187.38,191.69,549.25,1,-1,-1,-1
376,1,764.94,201.25,176.84,548.61,1,-1,-1,-1
376,30,393.63,219.82,191.49,510.23,1,-1,-1,-1
376,33,977.25,332.03,88.74,204.05,1,-1,-1,-1
376,34,1107.22,153.55,260.46,740.20,1,-1,-1,-1
376,35,555.50,186.91,194.78,556.56,1,-1,-1,-1
377,1,765.60,204.87,179.19,550.21,1,-1,-1,-1
377,30,388.59,219.50,189.26,516.02,1,-1,-1,-1
377,33,979.13,335.20,87.24,203.94,1,-1,-1,-1
377,34,1114.62,167.42,254.19,733.41,1,-1,-1,-1
377,35,549.12,186.35,200.25,562.33,1,-1,-1,-1
378,1,767.22,206.20,183.40,554.19,1,-1,-1,-1
378,30,384.59,223.50,185.37,525.46,1,-1,-1,-1
378,33,981.71,339.22,87.14,203.84,1,-1,-1,-1
378,34,1118.81,164.45,247.83,736.20,1,-1,-1,-1
378,35,539.13,187.94,205.82,570.43,1,-1,-1,-1
379,1,773.73,211.18,179.55,549.16,1,-1,-1,-1
379,30,379.69,226.25,188.61,527.17,1,-1,-1,-1
379,33,983.24,342.92,87.60,203.39,1,-1,-1,-1
379,34,1116.20,163.52,246.69,748.80,1,-1,-1,-1
379,35,538.82,189.16,204.61,574.47,1,-1,-1,-1
380,1,774.93,214.44,178.60,543.66,1,-1,-1,-1
380,30,374.96,218.16,190.35,540.77,1,-1,-1,-1
380,33,985.87,344.36,87.11,204.38,1,-1,-1,-1
380,34,1116.74,160.01,248.03,757.76,1,-1,-1,-1
380,35,541.16,183.45,206.00,587.16,1,-1,-1,-1
381,1,774.52,216.84,177.76,539.56,1,-1,-1,-1
381,30,368.64,212.53,194.38,553.04,1,-1,-1,-1
381,33,985.81,342.95,89.55,209.57,1,-1,-1,-1
381,34,1116.97,149.23,253.82,767.03,1,-1,-1,-1
381,35,532.68,176.12,212.58,596.15,1,-1,-1,-1
382,1,771.59,219.26,186.75,545.54,1,-1,-1,-1
382,30,361.85,215.00,191.80,559.10,1,-1,-1,-1
382,33,984.26,343.95,90.78,211.69,1,-1,-1,-1
382,34,1113.36,154.42,252.13,760.15,1,-1,-1,-1
382,35,526.53,178.92,213.99,593.17,1,-1,-1,-1
383,1,774.61,217.76,184.26,552.51,1,-1,-1,-1
383,30,353.11,214.10,197.96,550.56,1,-1,-1,-1
383,33,983.06,343.45,92.47,212.68,1,-1,-1,-1
383,34,1106.89,158.22,253.93,758.43,1,-1,-1,-1
383,35,521.43,172.48,220.86,610.90,1,-1,-1,-1
384,1,770.09,213.09,185.69,557.40,1,-1,-1,-1
384,30,345.42,203.98,201.21,557.73,1,-1,-1,-1
384,33,983.42,342.76,91.65,213.81,1,-1,-1,-1
384,34,1104.90,153.99,254.47,756.03,1,-1,-1,-1
384,35,516.01,171.78,219.21,614.89,1,-1,-1,-1
385,1,768.70,217.77,185.84,555.72,1,-1,-1,-1
385,30,335.01,203.00,204.49,575.42,1,-1,-1,-1
385,33,982.13,344.82,92.39,210.86,1,-1,-1,-1
385,34,1096.77,154.87,260.16,760.98,1,-1,-1,-1
385,35,507.63,171.75,226.83,626.24,1,-1,-1,-1
386,1,768.44,224.37,188.40,543.18,1,-1,-1,-1
386,30,332.41,208.05,199.67,569.39,1,-1,-1,-1
386,33,980.67,344.80,90.65,209.84,1,-1,-1,-1
386,34,1090.87,161.93,267.82,746.64,1,-1,-1,-1
386,35,501.92,170.66,231.85,631.46,1,-1,-1,-1
387,1,767.78,221.47,189.31,539.48,1,-1,-1,-1
387,30,326.12,189.46,202.63,587.74,1,-1,-1,-1
387,33,977.80,344.64,91.31,211.49,1,-1,-1,-1
387,34,1088.79,157.27,270.54,763.69,1,-1,-1,-1
387,35,495.60,167.08,230.48,652.91,1,-1,-1,-1
387,36,723.20,316.40,79.20,215.90,1,-1,-1,-1
388,1,770.47,219.02,184.05,539.00,1,-1,-1,-1
388,30,312.81,183.30,210.52,594.78,1,-1,-1,-1
388,33,977.16,343.92,89.76,212.90,1,-1,-1,-1
388,34,1080.04,162.11,278.35,750.61,1,-1,-1,-1
388,35,492.31,174.63,229.10,651.08,1,-1,-1,-1
388,36,720.89,313.88,80.11,217.86,1,-1,-1,-1
389,1,768.53,221.07,185.21,540.54,1,-1,-1,-1
389,30,301.81,180.37,213.59,603.96,1,-1,-1,-1
389,33,976.31,343.06,90.00,213.67,1,-1,-1,-1
389,34,1075.07,166.29,280.56,743.95,1,-1,-1,-1
389,35,488.08,169.59,230.92,650.60,1,-1,-1,-1
389,36,718.98,314.07,79.96,216.98,1,-1,-1,-1
390,1,769.24,220.41,180.02,539.18,1,-1,-1,-1
390,30,285.31,176.60,221.86,607.28,1,-1,-1,-1
390,33,974.84,344.28,90.56,211.03,1,-1,-1,-1
390,34,1065.92,162.59,293.61,757.43,1,-1,-1,-1
390,35,483.50,157.52,231.61,657.67,1,-1,-1,-1
390,36,715.78,316.08,79.71,219.86,1,-1,-1,-1
391,1,766.54,217.19,179.24,539.40,1,-1,-1,-1
391,30,268.88,170.93,230.15,618.91,1,-1,-1,-1
391,33,976.13,343.60,88.63,209.61,1,-1,-1,-1
391,34,1061.03,154.83,295.63,764.55,1,-1,-1,-1
391,35,476.54,154.00,236.08,667.84,1,-1,-1,-1
391,36,710.41,317.65,81.87,220.52,1,-1,-1,-1
392,1,762.80,216.38,183.62,550.95,1,-1,-1,-1
392,30,252.29,173.25,234.38,630.59,1,-1,-1,-1
392,33,976.61,341.29,89.87,212.26,1,-1,-1,-1
392,34,1054.80,158.03,297.43,774.59,1,-1,-1,-1
392,35,471.94,153.84,235.39,679.57,1,-1,-1,-1
392,36,708.35,316.29,84.06,221.98,1,-1,-1,-1
393,1,758.70,220.90,183.12,549.10,1,-1,-1,-1
393,30,231.12,178.93,249.31,634.24,1,-1,-1,-1
393,33,974.10,341.98,89.82,214.95,1,-1,-1,-1
393,34,1050.40,160.39,299.51,770.12,1,-1,-1,-1
393,35,465.74,142.13,243.38,692.12,1,-1,-1,-1
393,36,707.14,315.09,83.18,224.37,1,-1,-1,-1
394,1,753.81,217.99,182.40,551.34,1,-1,-1,-1
394,30,217.71,172.53,257.21,647.09,1,-1,-1,-1
394,33,972.57,345.69,91.49,210.50,1,-1,-1,-1
394,34,1047.74,155.67,301.53,781.24,1,-1,-1,-1
394,35,462.45,131.63,244.02,710.45,1,-1,-1,-1
394,36,703.98,313.85,83.19,225.23,1,-1,-1,-1
395,1,755.50,216.00,176.59,545.78,1,-1,-1,-1
395,30,199.31,169.60,270.15,658.23,1,-1,-1,-1
395,33,971.73,341.83,93.95,217.22,1,-1,-1,-1
395,34,1044.99,155.21,302.91,794.72,1,-1,-1,-1
395,35,456.32,128.97,248.49,718.88,1,-1,-1,-1
395,36,703.52,312.45,82.08,223.88,1,-1,-1,-1
396,1,748.19,213.70,185.84,545.16,1,-1,-1,-1
396,30,185.52,166.13,271.73,668.08,1,-1,-1,-1
396,33,970.84,343.65,93.98,212.80,1,-1,-1,-1
396,34,1049.11,150.50,302.62,796.95,1,-1,-1,-1
396,35,450.14,122.16,249.20,724.01,1,-1,-1,-1
396,36,699.75,308.32,86.15,227.53,1,-1,-1,-1
397,1,742.73,218.61,187.63,537.91,1,-1,-1,-1
397,30,171.19,165.76,277.66,680.06,1,-1,-1,-1
397,33,969.41,341.64,94.49,212.87,1,-1,-1,-1
397,34,1050.00,155.09,306.74,786.55,1,-1,-1,-1
397,35,440.17,118.77,254.52,725.12,1,-1,-1,-1
397,36,695.26,306.71,87.24,232.55,1,-1,-1,-1
398,1,737.75,216.89,191.25,539.16,1,-1,-1,-1
398,30,157.79,171.81,281.33,693.11,1,-1,-1,-1
398,33,968.19,339.43,92.96,217.37,1,-1,-1,-1
398,34,1044.81,152.44,306.57,794.85,1,-1,-1,-1
398,35,429.04,115.15,262.00,731.62,1,-1,-1,-1
398,36,692.12,305.42,90.22,231.47,1,-1,-1,-1
399,1,739.82,215.65,183.58,540.31,1,-1,-1,-1
399,30,142.84,168.80,287.47,694.50,1,-1,-1,-1
399,33,967.19,339.84,93.34,213.75,1,-1,-1,-1
399,34,1040.35,147.34,311.07,797.26,1,-1,-1,-1
399,35,423.70,102.54,261.86,752.67,1,-1,-1,-1
399,36,690.48,302.98,86.08,228.34,1,-1,-1,-1
400,1,733.52,214.28,180.45,529.52,1,-1,-1,-1
400,30,129.99,156.02,295.26,713.12,1,-1,-1,-1
400,33,965.30,336.53,92.68,216.80,1,-1,-1,-1
400,34,1046.34,148.99,304.79,796.24,1,-1,-1,-1
400,35,418.78,90.66,263.78,775.30,1,-1,-1,-1
400,36,691.81,300.17,72.58,233.35,1,-1,-1,-1
401,1,726.55,211.82,179.85,520.97,1,-1,-1,-1
401,30,115.07,143.43,300.19,729.63,1,-1,-1,-1
401,33,962.71,337.23,91.71,218.06,1,-1,-1,-1
401,34,1044.68,152.86,305.92,796.70,1,-1,-1,-1
401,35,409.98,89.86,272.89,786.22,1,-1,-1,-1
401,36,688.16,300.02,72.58,233.35,1,-1,-1,-1
401,37,859.10,238.80,123.10,444.50,1,-1,-1,-1
402,1,720.68,212.83,183.81,528.62,1,-1,-1,-1
402,30,101.62,127.31,299.71,754.88,1,-1,-1,-1
402,33,962.73,337.15,91.14,219.07,1,-1,-1,-1
402,34,1044.46,146.65,309.48,792.78,1,-1,-1,-1
402,35,403.33,86.06,280.88,798.60,1,-1,-1,-1
402,36,684.51,299.87,72.58,233.35,1,-1,-1,-1
402,37,855.25,237.96,128.07,447.86,1,-1,-1,-1
403,1,717.56,214.03,185.62,537.01,1,-1,-1,-1
403,30,93.85,139.91,297.32,762.31,1,-1,-1,-1
403,33,964.68,334.86,92.93,221.61,1,-1,-1,-1
403,34,1054.84,143.63,299.62,792.44,1,-1,-1,-1
403,35,396.03,78.49,288.52,817.22,1,-1,-1,-1
403,36,680.86,299.72,72.58,233.35,1,-1,-1,-1
403,37,852.67,237.65,131.59,450.27,1,-1,-1,-1
404,1,720.85,214.56,182.60,531.26,1,-1,-1,-1
404,30,80.83,139.20,298.71,788.55,1,-1,-1,-1
404,33,966.85,338.00,98.58,222.86,1,-1,-1,-1
404,34,1059.50,154.95,296.25,778.27,1,-1,-1,-1
404,35,384.55,84.96,303.42,824.70,1,-1,-1,-1
404,37,853.05,240.04,130.83,445.18,1,-1,-1,-1
405,1,717.65,212.67,185.61,535.70,1,-1,-1,-1
405,30,68.40,134.47,304.09,796.22,1,-1,-1,-1
405,33,968.69,340.95,97.61,222.96,1,-1,-1,-1
405,34,1057.55,156.29,304.33,777.17,1,-1,-1,-1
405,35,376.33,88.33,310.41,832.89,1,-1,-1,-1
405,37,852.55,241.41,132.42,439.17,1,-1,-1,-1
406,1,711.45,216.60,188.68,537.03,1,-1,-1,-1
406,30,60.14,121.46,301.93,800.33,1,-1,-1,-1
406,33,970.50,339.62,95.92,221.66,1,-1,-1,-1
406,34,1060.88,146.66,301.51,791.75,1,-1,-1,-1
406,35,357.12,64.98,333.29,864.33,1,-1,-1,-1
406,37,854.58,239.40,130.94,438.28,1,-1,-1,-1
407,1,716.90,215.38,182.88,536.94,1,-1,-1,-1
407,30,51.84,118.38,304.08,804.37,1,-1,-1,-1
407,33,973.10,339.68,96.40,221.20,1,-1,-1,-1
407,34,1064.24,148.13,299.68,790.25,1,-1,-1,-1
407,35,353.02,54.20,339.11,891.26,1,-1,-1,-1
407,37,857.23,236.13,131.26,449.70,1,-1,-1,-1
408,1,722.82,214.97,179.61,536.00,1,-1,-1,-1
408,30,45.46,117.95,313.47,823.99,1,-1,-1,-1
408,33,975.46,340.02,99.69,223.09,1,-1,-1,-1
408,34,1064.81,149.79,296.19,799.66,1,-1,-1,-1
408,35,350.50,52.37,334.69,914.04,1,-1,-1,-1
408,37,856.95,236.91,132.34,454.04,1,-1,-1,-1
409,1,722.02,222.24,180.30,537.33,1,-1,-1,-1
409,30,40.36,113.41,321.33,838.42,1,-1,-1,-1
409,33,980.18,344.24,100.68,222.54,1,-1,-1,-1
409,34,1073.63,163.23,292.56,775.61,1,-1,-1,-1
409,35,342.09,65.63,333.58,908.48,1,-1,-1,-1
409,37,856.59,236.73,130.70,452.61,1,-1,-1,-1
410,1,721.26,228.19,182.54,538.29,1,-1,-1,-1
410,30,25.59,111.11,333.91,849.33,1,-1,-1,-1
410,33,987.29,346.20,98.59,221.88,1,-1,-1,-1
410,34,1085.69,154.91,290.63,793.10,1,-1,-1,-1
410,35,339.17,66.68,334.57,924.94,1,-1,-1,-1
410,37,862.88,239.35,129.30,443.36,1,-1,-1,-1
411,1,726.62,224.58,186.71,537.04,1,-1,-1,-1
411,30,14.97,100.69,334.46,863.73,1,-1,-1,-1
411,33,993.89,344.91,102.10,220.84,1,-1,-1,-1
411,34,1088.97,157.96,289.21,797.79,1,-1,-1,-1
411,35,337.54,66.16,341.38,935.48,1,-1,-1,-1
411,37,870.90,237.60,128.88,440.80,1,-1,-1,-1
412,1,738.38,218.19,177.18,547.51,1,-1,-1,-1
412,30,11.51,90.15,336.17,877.78,1,-1,-1,-1
412,33,1000.43,344.27,100.42,222.00,1,-1,-1,-1
412,34,1096.21,155.05,287.45,799.69,1,-1,-1,-1
412,35,330.76,62.61,348.74,950.89,1,-1,-1,-1
412,37,877.16,240.07,130.01,438.49,1,-1,-1,-1
413,1,738.40,228.25,176.64,527.62,1,-1,-1,-1
413,30,5.94,98.50,326.74,870.51,1,-1,-1,-1
413,33,1003.27,341.24,101.04,226.34,1,-1,-1,-1
413,34,1104.73,150.37,287.21,806.21,1,-1,-1,-1
413,35,323.94,50.59,349.48,975.96,1,-1,-1,-1
413,37,878.16,238.79,131.47,441.23,1,-1,-1,-1
413,38,649.50,343.50,77.70,206.10,1,-1,-1,-1
414,1,738.63,229.38,179.48,532.86,1,-1,-1,-1
414,30,-1.38,85.11,323.84,894.51,1,-1,-1,-1
414,33,1005.44,342.51,102.76,227.64,1,-1,-1,-1
414,34,1109.84,149.84,285.66,817.26,1,-1,-1,-1
414,35,319.71,37.96,347.19,991.88,1,-1,-1,-1
414,37,880.03,239.85,133.10,443.87,1,-1,-1,-1
414,38,647.61,343.22,77.63,208.34,1,-1,-1,-1
415,1,742.93,232.09,177.32,524.14,1,-1,-1,-1
415,30,0.15,77.18,314.99,921.03,1,-1,-1,-1
415,33,1011.91,347.02,103.21,223.97,1,-1,-1,-1
415,34,1113.96,152.22,284.22,816.94,1,-1,-1,-1
415,35,310.08,16.80,349.02,1021.85,1,-1,-1,-1
415,37,882.28,240.17,136.25,445.29,1,-1,-1,-1
415,38,647.76,343.71,79.43,210.48,1,-1,-1,-1
416,1,743.39,221.99,176.26,526.35,1,-1,-1,-1
416,30,-0.99,73.45,303.80,929.06,1,-1,-1,-1
416,33,1019.47,346.39,103.76,222.73,1,-1,-1,-1
416,34,1116.36,148.59,283.72,826.22,1,-1,-1,-1
416,35,298.92,5.10,352.78,1041.84,1,-1,-1,-1
416,37,883.57,237.76,137.20,445.30,1,-1,-1,-1
416,38,652.34,342.29,77.73,209.16,1,-1,-1,-1
417,1,744.65,221.13,174.47,524.64,1,-1,-1,-1
417,30,-1.70,60.54,290.92,953.87,1,-1,-1,-1
417,33,1025.88,342.06,104.91,226.49,1,-1,-1,-1
417,34,1118.55,149.18,282.30,825.16,1,-1,-1,-1
417,35,275.18,2.34,373.52,1066.31,1,-1,-1,-1
417,37,885.28,236.65,138.39,448.17,1,-1,-1,-1
417,38,651.15,340.91,78.97,208.21,1,-1,-1,-1
418,1,745.29,220.64,175.40,529.51,1,-1,-1,-1
418,30,-1.85,43.14,273.13,999.88,1,-1,-1,-1
418,33,1029.42,337.73,101.89,228.74,1,-1,-1,-1
418,34,1121.01,148.62,280.62,824.70,1,-1,-1,-1
418,35,253.84,5.42,389.53,1069.24,1,-1,-1,-1
418,37,889.19,239.97,141.62,438.81,1,-1,-1,-1
418,38,648.11,342.49,82.77,203.51,1,-1,-1,-1
419,1,747.07,219.15,177.08,531.32,1,-1,-1,-1
419,30,-2.84,19.10,254.56,1050.64,1,-1,-1,-1
419,33,1029.07,336.05,100.36,227.59,1,-1,-1,-1
419,34,1124.56,154.63,274.03,815.39,1,-1,-1,-1
419,35,230.49,1.17,409.39,1076.77,1,-1,-1,-1
419,37,891.21,238.68,142.09,443.56,1,-1,-1,-1
419,38,644.64,336.84,86.22,211.90,1,-1,-1,-1
420,1,743.58,217.65,182.27,531.73,1,-1,-1,-1
420,30,-2.99,22.73,227.78,1046.90,1,-1,-1,-1
420,33,1029.82,334.19,99.76,228.44,1,-1,-1,-1
420,34,1122.23,157.33,276.46,811.90,1,-1,-1,-1
420,35,214.04,2.48,423.68,1079.03,1,-1,-1,-1
420,37,890.33,241.07,140.84,445.48,1,-1,-1,-1
420,38,639.88,339.89,90.48,207.42,1,-1,-1,-1
421,1,743.24,212.63,178.37,535.49,1,-1,-1,-1
421,30,-4.74,7.77,210.08,1052.85,1,-1,-1,-1
421,33,1030.77,330.63,98.11,230.86,1,-1,-1,-1
421,34,1116.61,160.28,286.36,798.81,1,-1,-1,-1
421,35,195.78,1.44,437.62,1079.71,1,-1,-1,-1
421,37,891.49,239.49,139.48,447.52,1,-1,-1,-1
421,38,637.87,337.88,92.52,210.49,1,-1,-1,-1
422,1,742.67,210.94,175.94,536.90,1,-1,-1,-1
422,30,-2.79,11.46,197.98,1013.06,1,-1,-1,-1
422,33,1032.12,329.43,98.66,230.89,1,-1,-1,-1
422,34,1121.32,141.39,278.90,826.24,1,-1,-1,-1
422,35,182.62,1.13,445.80,1079.91,1,-1,-1,-1
422,37,891.98,242.31,141.10,438.34,1,-1,-1,-1
422,38,635.96,335.52,93.98,211.13,1,-1,-1,-1
423,1,740.30,209.89,175.84,536.55,1,-1,-1,-1
423,30,0.58,19.92,183.16,1005.25,1,-1,-1,-1
423,33,1033.31,328.38,96.66,231.60,1,-1,-1,-1
423,34,1109.74,134.23,289.19,828.24,1,-1,-1,-1
423,35,155.03,1.04,469.53,1079.97,1,-1,-1,-1
423,37,891.04,242.46,143.27,437.47,1,-1,-1,-1
423,38,635.93,333.83,93.36,218.25,1,-1,-1,-1
424,1,738.70,210.17,173.15,526.57,1,-1,-1,-1
424,30,8.22,64.33,163.03,780.02,1,-1,-1,-1
424,33,1034.43,335.67,93.26,229.01,1,-1,-1,-1
424,34,1099.64,145.05,303.34,803.01,1,-1,-1,-1
424,35,136.31,1.01,469.30,1079.99,1,-1,-1,-1
424,37,890.54,245.11,141.75,432.24,1,-1,-1,-1
424,38,630.62,330.05,94.93,225.14,1,-1,-1,-1
425,1,733.90,209.26,176.62,534.92,1,-1,-1,-1
425,30,6.52,-44.07,163.03,780.02,1,-1,-1,-1
425,33,1033.93,332.25,90.00,231.24,1,-1,-1,-1
425,34,1094.19,147.15,314.65,808.39,1,-1,-1,-1
425,35,106.64,1.00,495.90,1080.00,1,-1,-1,-1
425,37,889.79,244.66,140.53,432.07,1,-1,-1,-1
425,38,623.28,326.30,98.76,224.41,1,-1,-1,-1
426,1,725.36,210.59,183.18,541.70,1,-1,-1,-1
426,30,4.82,-152.47,163.03,780.02,1,-1,-1,-1
426,33,1031.39,326.98,89.02,234.57,1,-1,-1,-1
426,34,1085.43,134.63,320.50,824.43,1,-1,-1,-1
426,35,99.42,1.00,489.04,1080.00,1,-1,-1,-1
426,37,886.36,240.33,140.58,441.33,1,-1,-1,-1
426,38,622.16,327.25,93.19,218.38,1,-1,-1,-1
427,1,719.04,209.78,183.97,546.32,1,-1,-1,-1
427,30,3.12,-260.87,163.03,780.02,1,-1,-1,-1
427,33,1029.49,329.05,86.49,234.66,1,-1,-1,-1
427,34,1081.27,138.22,325.12,823.22,1,-1,-1,-1
427,35,71.46,1.00,506.30,1080.00,1,-1,-1,-1
427,37,885.53,237.36,141.01,447.89,1,-1,-1,-1
427,38,620.84,329.68,91.66,220.78,1,-1,-1,-1
428,1,714.96,212.92,184.55,539.10,1,-1,-1,-1
428,33,1025.49,327.30,86.49,234.66,1,-1,-1,-1
428,34,1071.08,141.76,335.19,823.63,1,-1,-1,-1
428,35,35.31,1.00,529.26,1080.00,1,-1,-1,-1
428,37,886.45,235.60,140.51,447.41,1,-1,-1,-1
428,38,615.85,331.03,94.63,222.26,1,-1,-1,-1
428,39,536.10,320.40,67.20,196.00,1,-1,-1,-1
429,1,711.68,207.55,179.89,546.38,1,-1,-1,-1
429,33,1021.49,325.55,86.49,234.66,1,-1,-1,-1
429,34,1068.63,131.12,333.80,832.01,1,-1,-1,-1
429,35,11.62,1.00,544.34,1080.00,1,-1,-1,-1
429,37,887.57,238.42,139.10,434.17,1,-1,-1,-1
429,38,609.53,329.81,96.71,221.80,1,-1,-1,-1
429,39,533.65,320.89,65.03,198.73,1,-1,-1,-1
430,1,705.13,202.80,183.89,550.38,1,-1,-1,-1
430,33,1017.49,323.80,86.49,234.66,1,-1,-1,-1
430,34,1067.84,130.50,332.61,834.87,1,-1,-1,-1
430,35,-1.44,1.00,541.58,1080.00,1,-1,-1,-1
430,37,886.54,236.97,138.82,436.99,1,-1,-1,-1
430,38,605.32,330.14,97.82,221.59,1,-1,-1,-1
430,39,531.33,320.01,62.21,197.10,1,-1,-1,-1
431,1,698.81,209.32,181.73,530.73,1,-1,-1,-1
431,34,1064.03,133.69,335.68,836.64,1,-1,-1,-1
431,35,-3.45,1.00,538.02,1080.00,1,-1,-1,-1
431,37,886.20,234.31,135.80,442.60,1,-1,-1,-1
431,38,600.70,324.69,98.79,232.87,1,-1,-1,-1
431,39,528.92,320.03,61.43,189.89,1,-1,-1,-1
432,1,691.35,207.46,179.33,538.97,1,-1,-1,-1
432,34,1062.54,133.71,337.72,842.63,1,-1,-1,-1
432,35,-0.92,1.00,515.61,1080.00,1,-1,-1,-1
432,37,883.80,234.91,136.85,438.26,1,-1,-1,-1
432,38,594.80,324.28,101.25,233.31,1,-1,-1,-1
432,39,523.06,321.83,63.58,186.47,1,-1,-1,-1
433,1,685.21,210.16,178.12,533.88,1,-1,-1,-1
433,34,1060.93,132.24,340.72,849.19,1,-1,-1,-1
433,35,-4.15,1.00,503.42,1080.00,1,-1,-1,-1
433,37,883.53,234.60,135.06,436.96,1,-1,-1,-1
433,38,593.10,324.23,99.25,231.76,1,-1,-1,-1
433,39,518.60,320.74,63.45,190.97,1,-1,-1,-1
434,1,681.64,206.79,176.43,528.64,1,-1,-1,-1
434,34,1062.68,128.64,340.15,850.74,1,-1,-1,-1
434,35,-1.72,1.00,483.88,1080.00,1,-1,-1,-1
434,37,884.86,229.22,134.25,440.14,1,-1,-1,-1
434,38,593.30,323.28,96.07,228.92,1,-1,-1,-1
434,39,515.77,318.31,62.37,193.72,1,-1,-1,-1
435,1,679.40,201.10,176.20,535.75,1,-1,-1,-1
435,34,1059.59,127.39,352.01,837.62,1,-1,-1,-1
435,35,-3.22,1.00,476.33,1080.00,1,-1,-1,-1
435,37,885.71,225.00,134.98,440.25,1,-1,-1,-1
435,38,593.29,323.25,94.83,232.90,1,-1,-1,-1
435,39,513.94,315.05,62.11,196.79,1,-1,-1,-1
436,1,675.65,196.95,174.87,531.94,1,-1,-1,-1
436,34,1063.17,126.97,350.32,840.76,1,-1,-1,-1
436,35,-0.63,1.00,449.29,1080.00,1,-1,-1,-1
436,37,884.34,223.23,135.56,443.93,1,-1,-1,-1
436,38,593.26,319.89,95.72,235.00,1,-1,-1,-1
436,39,512.27,312.36,63.43,199.60,1,-1,-1,-1
437,1,668.41,189.01,177.97,539.89,1,-1,-1,-1
437,34,1061.49,128.69,353.88,833.72,1,-1,-1,-1
437,35,-4.80,1.00,433.97,1080.00,1,-1,-1,-1
437,37,884.28,222.97,136.08,443.42,1,-1,-1,-1
437,38,590.78,313.94,96.55,239.41,1,-1,-1,-1
437,39,511.02,310.81,64.04,198.27,1,-1,-1,-1
438,1,669.20,195.89,172.95,529.26,1,-1,-1,-1
438,34,1063.68,121.52,356.90,827.90,1,-1,-1,-1
438,35,-2.28,1.00,405.08,1080.00,1,-1,-1,-1
438,37,885.35,220.52,134.90,442.43,1,-1,-1,-1
438,38,586.95,313.35,99.17,242.97,1,-1,-1,-1
438,39,508.98,309.53,65.06,198.71,1,-1,-1,-1
439,1,664.21,198.51,179.50,529.08,1,-1,-1,-1
439,34,1074.03,117.22,356.48,838.19,1,-1,-1,-1
439,35,-1.20,1.00,367.22,1080.00,1,-1,-1,-1
439,37,881.73,222.05,134.48,441.50,1,-1,-1,-1
439,38,582.76,310.21,100.73,247.82,1,-1,-1,-1
439,39,507.89,309.32,65.23,198.56,1,-1,-1,-1
440,1,664.50,198.88,175.37,526.50,1,-1,-1,-1
440,34,1091.50,131.64,337.31,825.46,1,-1,-1,-1
440,35,-4.21,1.00,339.98,1080.00,1,-1,-1,-1
440,37,879.23,222.25,137.29,442.83,1,-1,-1,-1
440,38,580.54,305.43,101.97,247.81,1,-1,-1,-1
440,39,508.45,305.95,62.62,201.18,1,-1,-1,-1
441,1,665.70,194.22,173.78,526.43,1,-1,-1,-1
441,34,1096.04,120.56,334.01,841.17,1,-1,-1,-1
441,35,-4.21,1.00,303.73,1080.00,1,-1,-1,-1
441,37,886.22,223.07,133.59,442.32,1,-1,-1,-1
441,38,576.03,306.95,106.19,245.42,1,-1,-1,-1
441,39,507.91,305.73,63.03,200.28,1,-1,-1,-1
442,1,667.18,196.58,173.44,525.01,1,-1,-1,-1
442,34,1096.83,114.07,338.97,837.69,1,-1,-1,-1
442,35,-5.95,1.00,285.93,1080.00,1,-1,-1,-1
442,37,889.55,220.59,135.70,448.19,1,-1,-1,-1
442,38,578.40,308.30,103.61,248.28,1,-1,-1,-1
442,39,508.30,309.10,64.20,200.65,1,-1,-1,-1
443,1,671.12,204.01,173.41,517.09,1,-1,-1,-1
443,34,1093.56,125.06,342.77,824.68,1,-1,-1,-1
443,35,-13.00,1.00,285.93,1080.00,1,-1,-1,-1
443,37,895.64,223.63,135.77,441.62,1,-1,-1,-1
443,38,578.95,307.72,106.47,252.21,1,-1,-1,-1
443,39,509.84,313.48,64.55,200.19,1,-1,-1,-1
444,1,671.06,207.09,180.89,523.05,1,-1,-1,-1
444,34,1103.95,119.00,338.03,832.18,1,-1,-1,-1
444,35,-20.05,1.00,285.93,1080.00,1,-1,-1,-1
444,37,901.32,222.95,137.26,445.31,1,-1,-1,-1
444,38,579.49,305.00,107.40,257.10,1,-1,-1,-1
444,39,514.45,311.48,63.46,202.23,1,-1,-1,-1
445,1,672.02,204.30,184.12,522.87,1,-1,-1,-1
445,34,1115.11,117.02,327.51,823.65,1,-1,-1,-1
445,35,-27.10,1.00,285.93,1080.00,1,-1,-1,-1
445,37,904.31,221.66,136.73,449.64,1,-1,-1,-1
445,38,580.88,301.12,107.89,261.51,1,-1,-1,-1
445,39,517.73,311.69,64.47,199.13,1,-1,-1,-1
446,1,675.34,202.67,183.90,524.08,1,-1,-1,-1
446,34,1117.02,115.99,325.75,829.71,1,-1,-1,-1
446,37,906.11,217.63,137.97,454.51,1,-1,-1,-1
446,38,579.39,299.49,109.72,265.28,1,-1,-1,-1
446,39,520.72,313.13,65.68,196.87,1,-1,-1,-1
447,1,679.43,205.48,184.74,527.17,1,-1,-1,-1
447,34,1122.64,127.33,328.59,831.31,1,-1,-1,-1
447,37,910.20,219.36,137.78,439.45,1,-1,-1,-1
447,38,580.83,300.71,110.76,263.62,1,-1,-1,-1
447,39,526.83,310.88,64.92,201.72,1,-1,-1,-1
448,1,688.32,203.89,180.23,523.90,1,-1,-1,-1
448,34,1130.65,141.83,329.79,827.73,1,-1,-1,-1
448,37,916.05,218.79,138.63,439.56,1,-1,-1,-1
448,38,586.98,305.57,109.81,260.80,1,-1,-1,-1
448,39,533.56,310.94,64.00,203.88,1,-1,-1,-1
449,1,694.40,203.01,182.38,525.44,1,-1,-1,-1
449,34,1143.60,138.89,323.78,828.90,1,-1,-1,-1
449,37,924.78,223.71,137.77,441.34,1,-1,-1,-1
449,38,592.25,308.33,111.76,260.52,1,-1,-1,-1
449,39,540.22,312.23,64.35,204.17,1,-1,-1,-1
449,40,1100.70,309.70,78.10,241.70,1,-1,-1,-1
450,1,703.18,200.57,178.19,532.06,1,-1,-1,-1
450,34,1157.10,132.14,318.82,840.94,1,-1,-1,-1
450,37,930.49,222.87,139.33,442.78,1,-1,-1,-1
450,38,596.83,307.44,109.90,261.49,1,-1,-1,-1
450,39,546.77,310.15,65.08,209.09,1,-1,-1,-1
450,40,1103.85,309.77,82.09,243.87,1,-1,-1,-1
451,1,708.65,200.54,178.20,530.62,1,-1,-1,-1
451,34,1158.11,143.86,325.04,825.37,1,-1,-1,-1
451,37,934.32,222.51,143.51,436.77,1,-1,-1,-1
451,38,598.95,308.73,111.65,260.80,1,-1,-1,-1
451,39,550.79,311.97,68.39,206.30,1,-1,-1,-1
451,40,1116.17,311.55,80.91,247.11,1,-1,-1,-1
452,1,715.16,203.12,175.26,525.08,1,-1,-1,-1
452,34,1162.01,146.67,320.88,820.42,1,-1,-1,-1
452,37,939.77,222.12,140.84,436.02,1,-1,-1,-1
452,38,600.43,308.83,112.80,262.48,1,-1,-1,-1
452,39,556.52,314.26,66.65,205.67,1,-1,-1,-1
452,40,1126.54,318.49,79.71,245.21,1,-1,-1,-1
453,1,725.37,204.16,169.97,522.08,1,-1,-1,-1
453,34,1169.28,148.61,324.39,827.48,1,-1,-1,-1
453,37,945.31,220.88,138.78,437.97,1,-1,-1,-1
453,38,600.88,304.16,113.43,269.49,1,-1,-1,-1
453,39,564.04,314.80,65.84,205.48,1,-1,-1,-1
453,40,1131.05,322.05,85.23,242.75,1,-1,-1,-1
454,1,732.07,198.76,173.21,527.55,1,-1,-1,-1
454,34,1179.27,147.83,322.09,820.14,1,-1,-1,-1
454,37,953.92,222.20,138.86,440.51,1,-1,-1,-1
454,38,605.11,302.10,111.87,272.02,1,-1,-1,-1
454,39,574.38,313.46,60.84,207.66,1,-1,-1,-1
454,40,1141.26,321.84,79.68,243.07,1,-1,-1,-1
455,1,741.91,201.54,169.91,532.07,1,-1,-1,-1
455,34,1191.48,139.72,318.81,837.68,1,-1,-1,-1
455,37,961.29,222.25,141.55,440.08,1,-1,-1,-1
455,38,609.51,301.26,112.52,272.99,1,-1,-1,-1
455,39,581.18,313.96,60.84,207.66,1,-1,-1,-1
455,40,1148.41,323.59,79.68,243.07,1,-1,-1,-1
456,1,748.43,207.80,169.13,522.92,1,-1,-1,-1
456,34,1193.85,145.88,320.48,835.73,1,-1,-1,-1
456,37,967.97,217.04,138.36,442.82,1,-1,-1,-1
456,38,615.26,297.35,111.11,276.36,1,-1,-1,-1
456,39,587.98,314.46,60.84,207.66,1,-1,-1,-1
456,40,1155.56,325.34,79.68,243.07,1,-1,-1,-1
457,1,753.57,204.89,172.33,525.57,1,-1,-1,-1
457,34,1193.52,142.92,322.03,831.16,1,-1,-1,-1
457,37,972.68,214.49,137.90,448.06,1,-1,-1,-1
457,38,620.10,296.51,112.08,276.74,1,-1,-1,-1
457,39,594.78,314.96,60.84,207.66,1,-1,-1,-1
457,40,1106.49,308.62,86.34,251.91,1,-1,-1,-1
458,1,762.60,205.12,169.93,526.57,1,-1,-1,-1
458,34,1198.79,139.80,324.46,824.96,1,-1,-1,-1
458,37,983.12,215.53,134.89,451.87,1,-1,-1,-1
458,38,625.01,293.19,112.16,281.12,1,-1,-1,-1
458,40,1087.74,304.73,95.41,249.59,1,-1,-1,-1
459,1,766.36,200.33,174.25,528.76,1,-1,-1,-1
459,34,1201.65,134.62,329.46,822.19,1,-1,-1,-1
459,37,989.42,215.80,138.05,455.39,1,-1,-1,-1
459,38,630.75,289.68,109.32,283.00,1,-1,-1,-1
459,40,1097.45,301.56,94.07,254.71,1,-1,-1,-1
460,1,770.47,199.64,178.13,525.43,1,-1,-1,-1
460,34,1205.15,129.15,331.38,830.39,1,-1,-1,-1
460,37,994.16,212.84,138.92,455.33,1,-1,-1,-1
460,38,633.76,287.81,106.51,283.84,1,-1,-1,-1
460,40,1104.13,300.72,94.16,253.86,1,-1,-1,-1
461,1,776.28,201.94,174.54,519.18,1,-1,-1,-1
461,34,1198.82,130.62,349.10,833.20,1,-1,-1,-1
461,37,994.09,208.03,141.29,460.56,1,-1,-1,-1
461,38,632.83,286.51,108.32,285.98,1,-1,-1,-1
461,40,1107.56,297.10,92.72,258.93,1,-1,-1,-1
462,1,780.87,198.62,169.26,514.43,1,-1,-1,-1
462,34,1206.44,128.34,348.68,839.43,1,-1,-1,-1
462,37,994.27,212.02,140.11,450.79,1,-1,-1,-1
462,38,634.99,286.72,105.93,286.83,1,-1,-1,-1
462,40,1107.38,293.21,94.11,264.30,1,-1,-1,-1
463,1,781.67,197.97,167.89,516.58,1,-1,-1,-1
463,34,1208.18,120.50,351.98,850.68,1,-1,-1,-1
463,37,993.11,208.11,144.02,456.75,1,-1,-1,-1
463,38,635.06,282.65,105.49,295.21,1,-1,-1,-1
463,40,1107.63,292.50,93.82,264.86,1,-1,-1,-1
464,1,775.44,194.84,170.98,518.69,1,-1,-1,-1
464,34,1206.68,110.95,350.18,857.06,1,-1,-1,-1
464,37,992.93,204.08,145.06,462.94,1,-1,-1,-1
464,38,633.78,282.80,104.52,290.58,1,-1,-1,-1
464,40,1106.94,289.41,93.74,264.68,1,-1,-1,-1
465,1,768.05,185.49,176.31,518.63,1,-1,-1,-1
465,34,1203.68,112.43,356.56,849.18,1,-1,-1,-1
465,37,991.30,202.75,148.80,461.79,1,-1,-1,-1
465,38,630.88,279.38,104.29,291.08,1,-1,-1,-1
465,40,1104.98,286.47,96.30,264.48,1,-1,-1,-1
466,1,771.70,180.90,171.12,522.18,1,-1,-1,-1
466,34,1191.25,101.80,366.88,864.66,1,-1,-1,-1
466,37,991.10,203.46,153.98,465.65,1,-1,-1,-1
466,38,625.31,277.22,106.82,295.44,1,-1,-1,-1
466,40,1100.58,281.19,97.98,266.88,1,-1,-1,-1
467,1,770.17,178.46,171.04,522.05,1,-1,-1,-1
467,34,1182.07,102.44,374.66,868.96,1,-1,-1,-1
467,37,995.68,203.63,151.40,459.10,1,-1,-1,-1
467,38,619.22,275.30,110.24,297.93,1,-1,-1,-1
467,40,1101.25,277.84,94.98,265.98,1,-1,-1,-1
468,1,769.01,176.76,168.49,520.41,1,-1,-1,-1
468,34,1180.67,109.13,378.19,874.66,1,-1,-1,-1
468,37,993.47,200.12,153.57,463.93,1,-1,-1,-1
468,38,612.63,271.62,112.45,302.18,1,-1,-1,-1
468,40,1096.50,278.82,97.94,265.78,1,-1,-1,-1
469,1,765.38,177.18,171.02,517.11,1,-1,-1,-1
469,34,1178.62,99.11,379.04,901.36,1,-1,-1,-1
469,37,989.97,205.58,156.18,460.69,1,-1,-1,-1
469,38,605.88,274.43,112.28,298.83,1,-1,-1,-1
469,40,1089.55,279.77,97.94,265.78,1,-1,-1,-1
470,1,759.06,171.21,174.93,526.55,1,-1,-1,-1
470,34,1178.26,97.13,375.02,907.20,1,-1,-1,-1
470,37,989.29,200.13,152.34,463.85,1,-1,-1,-1
470,38,598.56,272.38,114.18,303.22,1,-1,-1,-1
470,40,1082.60,280.72,97.94,265.78,1,-1,-1,-1
471,1,759.54,170.99,173.16,528.48,1,-1,-1,-1
471,34,1180.04,98.94,369.34,897.96,1,-1,-1,-1
471,37,986.57,195.73,150.00,464.37,1,-1,-1,-1
471,38,591.18,270.33,116.22,302.79,1,-1,-1,-1
471,40,1090.11,272.59,95.39,278.26,1,-1,-1,-1
472,1,760.35,170.71,173.33,531.15,1,-1,-1,-1
472,34,1174.35,97.67,373.16,903.17,1,-1,-1,-1
472,37,984.08,200.35,150.42,452.28,1,-1,-1,-1
472,38,584.34,265.01,120.27,310.36,1,-1,-1,-1
472,40,1091.80,266.14,96.87,284.24,1,-1,-1,-1
472,41,689.90,203.10,115.00,374.80,1,-1,-1,-1
473,1,759.35,167.85,175.55,538.33,1,-1,-1,-1
473,34,1173.86,102.28,371.23,893.04,1,-1,-1,-1
473,37,981.41,200.70,150.62,450.89,1,-1,-1,-1
473,38,576.82,261.99,124.63,311.23,1,-1,-1,-1
473,40,1089.60,262.74,96.87,284.24,1,-1,-1,-1
473,41,679.61,208.35,120.25,365.28,1,-1,-1,-1
474,1,758.03,170.55,177.33,533.34,1,-1,-1,-1
474,34,1177.71,105.03,363.44,881.04,1,-1,-1,-1
474,37,979.49,194.85,149.48,454.26,1,-1,-1,-1
474,38,567.89,261.45,128.25,308.20,1,-1,-1,-1
474,40,1090.34,265.68,91.50,278.82,1,-1,-1,-1
474,41,664.77,202.65,127.29,379.64,1,-1,-1,-1
475,1,757.14,171.34,178.08,528.62,1,-1,-1,-1
475,34,1176.78,106.47,361.31,878.91,1,-1,-1,-1
475,37,977.57,191.65,146.70,447.71,1,-1,-1,-1
475,38,561.03,258.24,131.36,313.17,1,-1,-1,-1
475,40,1087.03,267.73,91.57,275.45,1,-1,-1,-1
475,41,662.19,203.51,128.28,375.69,1,-1,-1,-1
476,1,754.06,171.26,183.76,530.36,1,-1,-1,-1
476,34,1179.51,101.74,357.03,883.10,1,-1,-1,-1
476,37,973.77,190.23,145.16,452.18,1,-1,-1,-1
476,38,558.42,254.96,133.07,317.95,1,-1,-1,-1
476,40,1081.63,270.36,97.40,271.21,1,-1,-1,-1
476,41,663.95,205.03,127.52,367.09,1,-1,-1,-1
477,1,755.51,173.14,185.96,530.11,1,-1,-1,-1
477,34,1183.17,92.57,356.03,877.15,1,-1,-1,-1
477,37,968.81,193.52,147.36,456.39,1,-1,-1,-1
477,38,557.18,251.88,132.74,331.85,1,-1,-1,-1
477,40,1080.76,269.40,102.51,272.74,1,-1,-1,-1
477,41,660.76,202.75,128.56,372.49,1,-1,-1,-1
478,1,759.60,176.44,185.57,532.48,1,-1,-1,-1
478,34,1189.03,89.81,350.90,872.85,1,-1,-1,-1
478,37,969.44,194.51,144.52,458.85,1,-1,-1,-1
478,38,549.42,259.71,133.90,333.56,1,-1,-1,-1
478,40,1082.34,270.55,103.34,273.27,1,-1,-1,-1
478,41,653.94,198.87,133.42,390.91,1,-1,-1,-1
479,1,762.70,180.41,184.12,530.81,1,-1,-1,-1
479,34,1179.64,91.26,369.66,868.89,1,-1,-1,-1
479,37,968.55,196.32,143.53,453.07,1,-1,-1,-1
479,38,542.33,268.10,134.53,327.64,1,-1,-1,-1
479,40,1082.82,273.60,104.08,272.59,1,-1,-1,-1
479,41,650.98,200.93,136.14,395.03,1,-1,-1,-1
480,1,767.79,179.18,182.92,527.02,1,-1,-1,-1
480,34,1185.81,94.09,363.11,873.59,1,-1,-1,-1
480,37,966.31,196.23,142.04,457.78,1,-1,-1,-1
480,38,538.73,267.99,141.23,337.20,1,-1,-1,-1
480,40,1082.58,273.60,104.44,275.61,1,-1,-1,-1
480,41,650.13,200.48,137.93,398.93,1,-1,-1,-1
481,1,774.92,177.75,177.02,523.30,1,-1,-1,-1
481,34,1182.87,95.76,373.53,866.11,1,-1,-1,-1
481,37,968.28,200.65,143.13,455.90,1,-1,-1,-1
481,38,534.15,262.84,143.31,343.43,1,-1,-1,-1
481,40,1084.28,273.34,103.15,282.53,1,-1,-1,-1
481,41,644.62,204.19,142.11,401.36,1,-1,-1,-1
482,1,782.00,180.92,173.44,517.07,1,-1,-1,-1
482,34,1186.27,92.84,369.24,873.66,1,-1,-1,-1
482,37,973.57,203.03,140.45,454.92,1,-1,-1,-1
482,38,528.35,268.07,143.23,333.89,1,-1,-1,-1
482,40,1084.14,277.88,105.22,281.88,1,-1,-1,-1
482,41,644.04,208.90,142.31,404.47,1,-1,-1,-1
483,1,782.91,183.49,178.38,514.99,1,-1,-1,-1
483,34,1193.75,108.21,366.76,868.51,1,-1,-1,-1
483,37,977.02,199.29,141.04,458.97,1,-1,-1,-1
483,38,526.30,269.89,144.12,346.08,1,-1,-1,-1
483,40,1086.72,272.86,104.43,284.20,1,-1,-1,-1
483,41,644.40,209.83,145.24,407.22,1,-1,-1,-1
484,1,788.64,186.66,181.26,515.77,1,-1,-1,-1
484,34,1198.93,111.98,361.68,875.43,1,-1,-1,-1
484,37,980.03,199.30,141.78,461.86,1,-1,-1,-1
484,38,525.25,270.00,146.00,351.34,1,-1,-1,-1
484,40,1090.17,271.54,105.25,284.97,1,-1,-1,-1
484,41,647.96,206.12,143.39,408.68,1,-1,-1,-1
485,1,796.19,187.23,184.09,514.53,1,-1,-1,-1
485,34,1204.84,113.33,356.16,889.13,1,-1,-1,-1
485,37,983.34,206.14,141.87,459.72,1,-1,-1,-1
485,38,522.53,268.24,155.87,350.19,1,-1,-1,-1
485,40,1093.83,280.24,105.22,280.86,1,-1,-1,-1
485,41,651.75,199.82,144.10,417.58,1,-1,-1,-1
486,1,807.67,186.58,174.37,522.21,1,-1,-1,-1
486,34,1203.29,113.48,358.71,894.01,1,-1,-1,-1
486,37,986.34,205.59,141.40,467.76,1,-1,-1,-1
486,38,526.68,266.52,152.39,351.32,1,-1,-1,-1
486,40,1096.12,281.66,107.44,285.51,1,-1,-1,-1
486,41,655.81,199.76,143.40,423.68,1,-1,-1,-1
487,1,818.04,200.04,172.50,516.32,1,-1,-1,-1
487,34,1203.60,113.11,361.71,911.22,1,-1,-1,-1
487,37,989.76,211.50,142.73,463.03,1,-1,-1,-1
487,38,529.24,266.64,152.68,353.41,1,-1,-1,-1
487,40,1104.17,286.56,109.37,283.05,1,-1,-1,-1
487,41,656.60,202.47,147.32,428.11,1,-1,-1,-1
488,1,825.76,202.81,172.29,520.86,1,-1,-1,-1
488,34,1213.87,128.29,361.35,907.36,1,-1,-1,-1
488,37,996.47,219.81,140.54,455.87,1,-1,-1,-1
488,38,530.45,264.72,154.02,363.76,1,-1,-1,-1
488,40,1111.04,289.95,111.63,282.18,1,-1,-1,-1
488,41,656.59,203.72,151.30,431.81,1,-1,-1,-1
489,1,832.34,201.81,171.53,519.28,1,-1,-1,-1
489,34,1218.89,132.55,360.20,905.01,1,-1,-1,-1
489,37,1000.32,225.33,138.20,450.92,1,-1,-1,-1
489,38,531.51,268.14,152.47,365.75,1,-1,-1,-1
489,40,1115.63,292.66,110.98,283.17,1,-1,-1,-1
489,41,659.48,206.63,154.38,435.93,1,-1,-1,-1
490,1,836.66,205.78,178.16,516.28,1,-1,-1,-1
490,34,1219.15,136.33,367.90,911.16,1,-1,-1,-1
490,37,1001.56,229.87,141.77,444.75,1,-1,-1,-1
490,38,530.68,272.43,154.66,364.59,1,-1,-1,-1
490,40,1123.67,295.27,109.24,284.45,1,-1,-1,-1
490,41,660.20,211.28,156.35,436.61,1,-1,-1,-1
491,1,841.85,216.17,181.83,512.79,1,-1,-1,-1
491,34,1217.35,141.21,367.48,894.81,1,-1,-1,-1
491,37,1005.28,229.95,139.90,450.31,1,-1,-1,-1
491,38,529.51,273.17,157.84,374.26,1,-1,-1,-1
491,40,1127.11,298.61,108.58,285.75,1,-1,-1,-1
491,41,656.67,213.46,154.92,434.92,1,-1,-1,-1
492,1,844.37,222.18,182.37,514.13,1,-1,-1,-1
492,34,1214.18,133.45,372.46,898.44,1,-1,-1,-1
492,37,1005.42,233.59,140.88,450.23,1,-1,-1,-1
492,38,528.58,272.98,157.74,380.94,1,-1,-1,-1
492,40,1129.01,304.73,108.73,289.84,1,-1,-1,-1
492,41,647.34,215.56,162.95,437.78,1,-1,-1,-1
493,1,849.41,226.74,177.77,507.67,1,-1,-1,-1
493,34,1216.58,134.62,368.15,898.06,1,-1,-1,-1
493,37,1003.86,235.58,138.65,451.26,1,-1,-1,-1
493,38,525.07,270.27,161.49,389.03,1,-1,-1,-1
493,40,1131.93,309.19,107.38,290.44,1,-1,-1,-1
493,41,642.99,213.94,165.72,445.00,1,-1,-1,-1
494,1,849.94,225.51,181.99,504.61,1,-1,-1,-1
494,34,1214.37,130.28,358.94,906.70,1,-1,-1,-1
494,37,1001.83,232.92,137.71,454.09,1,-1,-1,-1
494,38,516.83,273.96,166.89,391.81,1,-1,-1,-1
494,40,1132.98,311.92,105.78,287.19,1,-1,-1,-1
494,41,644.69,212.33,163.67,449.48,1,-1,-1,-1
495,1,852.99,226.46,181.72,508.80,1,-1,-1,-1
495,34,1211.77,128.77,357.86,907.75,1,-1,-1,-1
495,37,1001.35,232.92,138.75,457.74,1,-1,-1,-1
495,38,512.66,276.01,164.45,393.13,1,-1,-1,-1
495,40,1134.34,312.50,106.15,290.84,1,-1,-1,-1
495,41,642.72,212.84,164.74,452.08,1,-1,-1,-1
496,1,857.75,232.33,175.34,509.01,1,-1,-1,-1
496,34,1207.59,124.03,363.84,911.91,1,-1,-1,-1
496,37,1002.18,239.02,138.02,450.92,1,-1,-1,-1
496,38,509.97,275.45,167.77,400.53,1,-1,-1,-1
496,40,1135.88,311.77,107.30,295.36,1,-1,-1,-1
496,41,638.35,213.62,167.72,453.71,1,-1,-1,-1
497,1,853.21,232.90,180.35,503.33,1,-1,-1,-1
497,34,1200.00,112.66,364.86,918.06,1,-1,-1,-1
497,37,999.11,235.56,142.27,453.29,1,-1,-1,-1
497,38,509.75,277.15,163.80,394.91,1,-1,-1,-1
497,40,1134.53,308.82,111.71,299.80,1,-1,-1,-1
497,41,636.31,212.01,171.42,458.11,1,-1,-1,-1
498,1,850.92,231.93,185.08,497.22,1,-1,-1,-1
498,34,1196.21,106.84,361.95,917.53,1,-1,-1,-1
498,37,1000.24,234.35,143.90,456.59,1,-1,-1,-1
498,38,500.54,279.31,165.41,404.00,1,-1,-1,-1
498,40,1134.52,305.42,112.82,308.27,1,-1,-1,-1
498,41,634.31,212.95,172.81,459.22,1,-1,-1,-1
499,1,857.45,234.48,178.86,500.50,1,-1,-1,-1
499,34,1199.52,110.65,358.90,927.52,1,-1,-1,-1
499,37,997.96,237.11,144.46,455.20,1,-1,-1,-1
499,38,487.52,283.32,168.55,405.96,1,-1,-1,-1
499,40,1132.13,307.18,118.06,307.80,1,-1,-1,-1
499,41,631.51,215.56,171.54,463.34,1,-1,-1,-1
500,1,854.91,232.09,184.35,502.88,1,-1,-1,-1
500,34,1205.79,114.56,350.99,938.01,1,-1,-1,-1
500,37,997.44,238.01,144.49,453.31,1,-1,-1,-1
500,38,481.41,276.47,172.02,412.29,1,-1,-1,-1
500,40,1129.07,306.53,120.61,307.10,1,-1,-1,-1
500,41,624.18,211.71,172.84,483.68,1,-1,-1,-1
501,1,856.95,229.82,180.11,508.14,1,-1,-1,-1
501,34,1211.96,125.78,347.22,921.27,1,-1,-1,-1
501,37,1001.66,238.59,144.22,451.90,1,-1,-1,-1
501,38,474.45,280.37,169.83,410.27,1,-1,-1,-1
501,40,1128.78,308.67,115.28,304.44,1,-1,-1,-1
501,41,618.63,214.67,172.60,479.70,1,-1,-1,-1
502,1,859.53,235.05,176.81,502.23,1,-1,-1,-1
502,34,1202.18,123.63,368.77,909.88,1,-1,-1,-1
502,37,998.19,233.62,140.77,457.22,1,-1,-1,-1
502,38,468.77,280.18,167.92,418.20,1,-1,-1,-1
502,40,1128.24,315.74,115.99,292.58,1,-1,-1,-1
502,41,612.81,211.46,175.26,485.30,1,-1,-1,-1
503,1,857.84,224.04,180.79,512.99,1,-1,-1,-1
503,34,1204.11,113.29,354.51,935.72,1,-1,-1,-1
503,37,992.78,232.94,139.39,455.74,1,-1,-1,-1
503,38,459.40,275.35,171.76,427.02,1,-1,-1,-1
503,40,1125.90,313.20,115.93,295.25,1,-1,-1,-1
503,41,600.93,206.20,179.42,496.43,1,-1,-1,-1
504,1,862.08,223.86,171.84,511.74,1,-1,-1,-1
504,34,1201.89,113.87,355.06,949.22,1,-1,-1,-1
504,37,993.22,233.83,140.45,452.56,1,-1,-1,-1
504,38,448.68,266.95,178.44,429.67,1,-1,-1,-1
504,40,1121.91,311.88,115.91,295.43,1,-1,-1,-1
504,41,586.38,200.93,183.68,502.78,1,-1,-1,-1
505,1,862.80,222.52,172.44,512.20,1,-1,-1,-1
505,34,1204.12,112.69,357.75,950.33,1,-1,-1,-1
505,37,991.00,230.74,143.84,449.58,1,-1,-1,-1
505,38,441.41,258.62,175.19,442.15,1,-1,-1,-1
505,40,1121.83,304.01,116.18,295.48,1,-1,-1,-1
505,41,577.84,185.88,185.79,517.42,1,-1,-1,-1
506,1,862.02,220.17,173.39,513.88,1,-1,-1,-1
506,34,1203.09,112.84,362.82,949.68,1,-1,-1,-1
506,37,986.81,225.88,145.84,448.96,1,-1,-1,-1
506,38,426.55,256.15,180.52,448.06,1,-1,-1,-1
506,40,1118.07,303.28,117.10,295.49,1,-1,-1,-1
506,41,574.12,187.79,186.01,511.46,1,-1,-1,-1
507,1,858.12,226.33,175.85,505.91,1,-1,-1,-1
507,34,1201.64,113.02,364.91,940.87,1,-1,-1,-1
507,37,983.94,222.28,143.85,461.17,1,-1,-1,-1
507,38,415.95,258.76,178.13,444.73,1,-1,-1,-1
507,40,1116.11,308.56,115.70,292.42,1,-1,-1,-1
507,41,563.59,189.21,188.80,517.79,1,-1,-1,-1
508,1,857.36,229.40,177.14,500.44,1,-1,-1,-1
508,34,1201.58,110.97,366.93,943.55,1,-1,-1,-1
508,37,978.59,228.52,143.19,462.31,1,-1,-1,-1
508,38,406.62,257.72,177.62,447.09,1,-1,-1,-1
508,40,1114.82,300.77,116.26,296.33,1,-1,-1,-1
508,41,550.94,183.30,195.03,523.47,1,-1,-1,-1
509,1,859.67,228.59,179.21,497.75,1,-1,-1,-1
509,34,1203.57,118.69,362.71,929.38,1,-1,-1,-1
509,37,981.13,232.34,123.67,459.29,1,-1,-1,-1
509,38,397.70,253.76,180.41,456.41,1,-1,-1,-1
509,40,1109.36,298.68,118.81,291.69,1,-1,-1,-1
509,41,545.80,176.58,190.60,528.53,1,-1,-1,-1
510,1,859.74,228.87,180.11,492.96,1,-1,-1,-1
510,34,1203.30,118.22,358.22,921.06,1,-1,-1,-1
510,37,979.45,232.66,113.40,455.45,1,-1,-1,-1
510,38,381.57,255.72,187.89,460.60,1,-1,-1,-1
510,40,1105.85,290.44,117.61,299.89,1,-1,-1,-1
510,41,536.26,173.12,192.77,538.10,1,-1,-1,-1
511,1,855.93,225.90,178.49,495.16,1,-1,-1,-1
511,34,1208.20,107.73,350.65,908.21,1,-1,-1,-1
511,37,973.60,231.06,113.40,455.45,1,-1,-1,-1
511,38,374.35,255.05,187.06,465.36,1,-1,-1,-1
511,40,1100.32,288.21,120.61,306.27,1,-1,-1,-1
511,41,523.32,173.18,196.71,546.85,1,-1,-1,-1
512,1,855.68,217.61,173.67,497.57,1,-1,-1,-1
512,34,1213.39,91.52,346.34,914.43,1,-1,-1,-1
512,37,967.75,229.46,113.40,455.45,1,-1,-1,-1
512,38,363.64,243.02,194.09,486.95,1,-1,-1,-1
512,40,1100.87,282.04,117.59,311.75,1,-1,-1,-1
512,41,508.05,168.79,204.68,557.87,1,-1,-1,-1
513,1,853.19,212.61,177.05,497.38,1,-1,-1,-1
513,34,1207.16,85.14,353.59,917.21,1,-1,-1,-1
513,37,961.90,227.86,113.40,455.45,1,-1,-1,-1
513,38,348.57,242.82,197.88,486.56,1,-1,-1,-1
513,40,1100.93,281.20,115.78,302.33,1,-1,-1,-1
513,41,498.29,164.34,204.69,566.85,1,-1,-1,-1
514,1,855.35,209.40,171.00,498.23,1,-1,-1,-1
514,34,1203.82,71.16,361.93,924.27,1,-1,-1,-1
514,38,338.67,245.83,202.93,488.34,1,-1,-1,-1
514,40,1098.16,280.89,115.79,303.99,1,-1,-1,-1
514,41,496.40,153.18,198.12,589.01,1,-1,-1,-1
515,1,855.75,202.21,167.99,502.76,1,-1,-1,-1
515,34,1206.28,62.81,362.61,924.08,1,-1,-1,-1
515,38,330.66,239.65,204.66,498.60,1,-1,-1,-1
515,40,1097.91,274.97,116.71,305.82,1,-1,-1,-1
515,41,490.98,158.83,199.86,581.86,1,-1,-1,-1
516,1,856.58,200.51,167.93,500.90,1,-1,-1,-1
516,34,1204.68,59.46,359.52,928.99,1,-1,-1,-1
516,38,318.02,243.85,202.87,497.48,1,-1,-1,-1
516,40,1097.83,269.69,117.05,310.22,1,-1,-1,-1
516,41,482.60,152.68,203.74,587.63,1,-1,-1,-1
517,1,855.93,196.89,167.14,503.63,1,-1,-1,-1
517,34,1209.66,59.25,352.65,927.81,1,-1,-1,-1
517,38,303.88,243.59,210.52,500.22,1,-1,-1,-1
517,40,1097.26,272.22,116.74,309.01,1,-1,-1,-1
517,41,471.42,152.81,211.20,594.68,1,-1,-1,-1
518,1,854.91,194.65,165.71,505.71,1,-1,-1,-1
518,34,1205.49,60.90,361.64,926.54,1,-1,-1,-1
518,38,299.62,240.61,213.66,508.82,1,-1,-1,-1
518,40,1094.98,267.82,120.56,309.77,1,-1,-1,-1
518,41,464.01,147.92,214.14,607.08,1,-1,-1,-1
519,1,852.88,196.84,167.38,500.87,1,-1,-1,-1
519,34,1210.25,71.49,355.03,932.74,1,-1,-1,-1
519,38,291.26,242.11,216.14,512.52,1,-1,-1,-1
519,40,1094.40,264.47,117.58,312.24,1,-1,-1,-1
519,41,459.43,140.93,220.90,615.01,1,-1,-1,-1
520,1,851.79,193.36,171.95,499.35,1,-1,-1,-1
520,34,1209.87,66.14,357.53,933.69,1,-1,-1,-1
520,38,277.84,238.20,222.06,517.61,1,-1,-1,-1
520,40,1094.72,264.00,117.59,314.17,1,-1,-1,-1
520,41,455.87,145.43,225.73,622.07,1,-1,-1,-1
521,1,856.46,193.02,169.39,496.45,1,-1,-1,-1
521,34,1217.28,62.36,350.30,947.42,1,-1,-1,-1
521,38,267.55,233.70,226.92,524.95,1,-1,-1,-1
521,40,1097.63,264.59,115.85,313.56,1,-1,-1,-1
521,41,449.70,146.67,232.85,628.46,1,-1,-1,-1
522,1,858.85,194.22,166.53,496.06,1,-1,-1,-1
522,34,1228.98,60.31,342.95,943.63,1,-1,-1,-1
522,38,262.17,219.59,229.99,544.80,1,-1,-1,-1
522,40,1099.75,260.66,118.82,312.82,1,-1,-1,-1
522,41,442.20,140.40,239.74,637.87,1,-1,-1,-1
523,1,861.93,191.81,166.51,497.42,1,-1,-1,-1
523,34,1228.57,53.47,342.00,945.29,1,-1,-1,-1
523,38,253.40,211.81,230.49,566.29,1,-1,-1,-1
523,40,1101.37,255.11,122.03,312.74,1,-1,-1,-1
523,41,440.11,131.58,239.92,652.66,1,-1,-1,-1
524,1,866.69,191.26,164.05,498.95,1,-1,-1,-1
524,34,1225.33,65.08,340.81,941.17,1,-1,-1,-1
524,38,243.43,215.50,234.91,563.99,1,-1,-1,-1
524,40,1104.52,253.23,119.91,317.68,1,-1,-1,-1
524,41,438.22,121.94,238.93,672.64,1,-1,-1,-1
525,1,866.19,192.12,165.56,500.24,1,-1,-1,-1
525,34,1225.18,60.65,341.43,942.66,1,-1,-1,-1
525,38,241.76,216.39,234.62,564.56,1,-1,-1,-1
525,40,1109.85,250.85,119.41,322.66,1,-1,-1,-1
525,41,430.00,118.65,249.55,683.18,1,-1,-1,-1
526,1,865.47,193.94,165.24,502.17,1,-1,-1,-1
526,34,1226.03,52.41,347.15,960.96,1,-1,-1,-1
526,38,233.32,219.66,238.53,565.01,1,-1,-1,-1
526,40,1114.29,246.15,121.29,327.59,1,-1,-1,-1
526,41,425.84,117.72,257.56,688.58,1,-1,-1,-1
527,1,868.09,195.47,168.01,506.04,1,-1,-1,-1
527,34,1229.69,63.55,347.82,944.82,1,-1,-1,-1
527,38,228.71,213.85,237.46,571.51,1,-1,-1,-1
527,40,1117.52,253.26,122.21,316.89,1,-1,-1,-1
527,41,415.27,125.25,272.78,681.53,1,-1,-1,-1
528,1,872.07,198.09,169.33,504.75,1,-1,-1,-1
528,34,1234.38,60.94,343.11,942.29,1,-1,-1,-1
528,38,222.02,217.13,242.60,576.96,1,-1,-1,-1
528,40,1120.22,256.41,125.63,317.95,1,-1,-1,-1
528,41,411.49,117.03,273.84,702.16,1,-1,-1,-1
529,1,874.88,199.24,162.94,504.79,1,-1,-1,-1
529,34,1236.96,56.20,341.28,947.27,1,-1,-1,-1
529,38,212.08,215.33,243.09,591.69,1,-1,-1,-1
529,40,1125.04,257.11,125.96,316.79,1,-1,-1,-1
529,41,405.97,109.57,281.58,716.61,1,-1,-1,-1
530,1,877.05,200.07,160.74,497.17,1,-1,-1,-1
530,34,1241.30,64.19,343.54,939.24,1,-1,-1,-1
530,38,205.69,203.73,242.33,623.62,1,-1,-1,-1
530,40,1128.39,262.46,124.17,312.25,1,-1,-1,-1
530,41,396.80,112.92,294.40,723.53,1,-1,-1,-1
531,1,880.33,198.37,161.48,495.86,1,-1,-1,-1
531,34,1245.57,69.02,351.35,939.00,1,-1,-1,-1
531,38,200.56,214.88,246.79,619.55,1,-1,-1,-1
531,40,1131.13,267.83,123.70,310.25,1,-1,-1,-1
531,41,394.49,99.24,296.64,746.12,1,-1,-1,-1
532,1,882.88,204.82,166.04,488.96,1,-1,-1,-1
532,34,1250.41,72.88,352.65,943.27,1,-1,-1,-1
532,38,192.46,204.47,252.89,651.22,1,-1,-1,-1
532,40,1133.70,267.66,126.57,315.05,1,-1,-1,-1
532,41,388.02,100.73,301.86,753.18,1,-1,-1,-1
533,1,886.83,207.42,164.54,485.14,1,-1,-1,-1
533,34,1245.87,67.22,366.82,943.92,1,-1,-1,-1
533,38,183.70,201.82,258.71,668.78,1,-1,-1,-1
533,40,1135.46,272.41,129.95,317.81,1,-1,-1,-1
533,41,378.49,96.12,303.29,783.22,1,-1,-1,-1
534,1,889.34,206.21,164.79,488.19,1,-1,-1,-1
534,34,1247.22,53.81,368.63,967.43,1,-1,-1,-1
534,38,174.41,203.29,257.37,678.03,1,-1,-1,-1
534,40,1138.76,275.88,132.65,318.85,1,-1,-1,-1
534,41,370.21,82.74,308.13,789.37,1,-1,-1,-1
535,1,889.50,206.61,169.21,493.80,1,-1,-1,-1
535,34,1252.40,53.67,379.39,977.14,1,-1,-1,-1
535,38,163.01,197.73,263.62,686.55,1,-1,-1,-1
535,40,1143.56,271.01,132.05,320.29,1,-1,-1,-1
535,41,362.70,78.55,307.69,795.06,1,-1,-1,-1
536,1,890.03,205.40,169.90,499.61,1,-1,-1,-1
536,34,1249.53,43.87,386.61,998.32,1,-1,-1,-1
536,38,150.36,205.35,272.78,687.77,1,-1,-1,-1
536,40,1145.69,266.47,133.00,325.13,1,-1,-1,-1
536,41,339.06,72.74,322.54,811.54,1,-1,-1,-1
537,1,893.98,209.71,163.67,492.88,1,-1,-1,-1
537,34,1257.67,51.50,369.24,1003.42,1,-1,-1,-1
537,38,132.17,210.02,276.64,693.46,1,-1,-1,-1
537,40,1144.80,271.71,134.89,321.68,1,-1,-1,-1
537,41,329.08,71.84,323.91,821.73,1,-1,-1,-1
538,1,895.29,212.17,163.20,488.06,1,-1,-1,-1
538,34,1264.71,54.41,375.23,1017.19,1,-1,-1,-1
538,38,108.03,197.02,289.07,707.00,1,-1,-1,-1
538,40,1143.34,270.79,133.43,321.76,1,-1,-1,-1
538,41,327.35,64.46,317.32,847.68,1,-1,-1,-1
539,1,894.04,215.51,164.88,479.41,1,-1,-1,-1
539,34,1263.28,38.92,383.19,1025.67,1,-1,-1,-1
539,38,95.90,177.41,287.34,728.91,1,-1,-1,-1
539,40,1139.36,265.25,135.65,324.03,1,-1,-1,-1
539,41,316.56,53.83,320.88,869.39,1,-1,-1,-1
540,1,890.40,211.98,167.62,487.17,1,-1,-1,-1
540,34,1257.84,43.73,391.25,996.85,1,-1,-1,-1
540,38,76.70,181.16,292.70,727.22,1,-1,-1,-1
540,40,1135.57,266.05,132.18,327.93,1,-1,-1,-1
540,41,302.26,46.64,327.68,867.09,1,-1,-1,-1
540,42,582.00,295.90,77.90,249.60,1,-1,-1,-1
541,1,889.55,216.11,165.72,485.37,1,-1,-1,-1
541,34,1260.87,43.00,391.14,1004.38,1,-1,-1,-1
541,38,59.04,181.00,286.89,742.75,1,-1,-1,-1
541,40,1129.17,271.42,130.59,327.07,1,-1,-1,-1
541,41,285.03,40.99,335.11,887.12,1,-1,-1,-1
541,42,579.76,297.93,79.72,245.68,1,-1,-1,-1
542,1,887.64,211.17,167.46,494.84,1,-1,-1,-1
542,34,1269.86,49.91,386.14,1009.57,1,-1,-1,-1
542,38,39.96,170.41,294.88,757.97,1,-1,-1,-1
542,40,1122.58,268.75,132.07,331.50,1,-1,-1,-1
542,41,264.58,36.55,341.82,904.74,1,-1,-1,-1
542,42,578.66,294.30,81.32,249.89,1,-1,-1,-1
543,1,885.30,207.09,167.98,500.90,1,-1,-1,-1
543,34,1271.42,48.02,395.77,1022.05,1,-1,-1,-1
543,38,25.44,163.15,296.36,767.37,1,-1,-1,-1
543,40,1119.35,266.74,129.57,329.82,1,-1,-1,-1
543,41,239.25,19.41,358.33,930.89,1,-1,-1,-1
543,42,578.41,294.60,80.88,247.59,1,-1,-1,-1
544,1,883.72,207.83,164.98,499.29,1,-1,-1,-1
544,34,1266.69,58.62,391.03,997.59,1,-1,-1,-1
544,38,7.17,149.78,290.37,801.13,1,-1,-1,-1
544,40,1113.94,262.33,129.17,334.71,1,-1,-1,-1
544,41,214.89,14.09,358.45,955.47,1,-1,-1,-1
544,42,574.80,296.63,81.81,249.14,1,-1,-1,-1
545,1,880.50,208.46,161.35,494.96,1,-1,-1,-1
545,34,1257.34,45.87,395.21,1027.84,1,-1,-1,-1
545,38,-4.20,140.80,278.70,807.55,1,-1,-1,-1
545,40,1105.82,265.01,131.92,332.18,1,-1,-1,-1
545,41,197.13,12.84,360.16,985.87,1,-1,-1,-1
545,42,573.29,294.98,76.83,251.49,1,-1,-1,-1
546,1,877.42,208.16,159.99,488.69,1,-1,-1,-1
546,34,1266.87,42.18,388.06,1027.39,1,-1,-1,-1
546,38,-4.17,103.45,252.94,865.12,1,-1,-1,-1
546,40,1102.08,267.77,131.63,332.54,1,-1,-1,-1
546,41,181.37,9.22,360.19,1015.15,1,-1,-1,-1
546,42,566.99,291.07,79.54,256.19,1,-1,-1,-1
547,1,875.29,205.70,160.49,488.91,1,-1,-1,-1
547,34,1273.49,40.69,386.69,1000.73,1,-1,-1,-1
547,38,-5.32,140.20,224.84,804.63,1,-1,-1,-1
547,40,1096.59,270.28,133.29,330.06,1,-1,-1,-1
547,41,157.42,5.24,366.50,1022.96,1,-1,-1,-1
547,42,562.18,286.18,78.39,261.73,1,-1,-1,-1
548,1,872.30,204.00,162.81,492.68,1,-1,-1,-1
548,34,1275.29,52.43,373.26,986.01,1,-1,-1,-1
548,38,-0.99,137.15,202.06,814.27,1,-1,-1,-1
548,40,1090.85,268.28,130.08,341.43,1,-1,-1,-1
548,41,129.92,2.06,387.01,1038.46,1,-1,-1,-1
548,42,556.98,281.65,77.35,266.40,1,-1,-1,-1
549,1,865.64,203.91,163.01,497.87,1,-1,-1,-1
549,34,1263.34,63.37,387.99,982.22,1,-1,-1,-1
549,38,4.41,95.94,203.70,869.59,1,-1,-1,-1
549,40,1082.04,267.98,132.12,348.97,1,-1,-1,-1
549,41,103.50,4.14,403.80,1059.77,1,-1,-1,-1
549,42,551.59,285.39,77.80,264.30,1,-1,-1,-1
550,1,858.53,204.49,163.42,497.47,1,-1,-1,-1
550,34,1274.33,59.92,367.56,1002.79,1,-1,-1,-1
550,38,11.86,82.29,203.70,869.59,1,-1,-1,-1
550,40,1077.14,272.56,131.69,350.39,1,-1,-1,-1
550,41,82.86,5.51,409.96,1073.93,1,-1,-1,-1
550,42,544.21,283.56,77.45,268.29,1,-1,-1,-1
551,1,855.28,203.25,161.80,498.19,1,-1,-1,-1
551,34,1272.90,59.36,368.64,1005.11,1,-1,-1,-1
551,38,19.31,68.64,203.70,869.59,1,-1,-1,-1
551,40,1073.04,278.05,127.50,346.34,1,-1,-1,-1
551,41,51.15,4.02,434.63,1078.18,1,-1,-1,-1
551,42,536.28,282.59,78.40,267.95,1,-1,-1,-1
552,1,850.60,207.32,162.71,494.00,1,-1,-1,-1
552,34,1274.05,51.16,367.56,1007.90,1,-1,-1,-1
552,38,26.76,54.99,203.70,869.59,1,-1,-1,-1
552,40,1063.53,276.19,126.66,348.20,1,-1,-1,-1
552,41,27.59,1.91,435.17,1079.45,1,-1,-1,-1
552,42,532.56,282.39,77.77,272.95,1,-1,-1,-1
553,1,844.52,211.47,166.13,490.15,1,-1,-1,-1
553,34,1273.67,47.82,361.92,1017.77,1,-1,-1,-1
553,40,1036.54,278.38,120.11,347.71,1,-1,-1,-1
553,41,7.82,1.27,433.72,1079.84,1,-1,-1,-1
553,42,528.61,284.46,78.28,276.00,1,-1,-1,-1
554,1,840.12,215.89,163.59,489.90,1,-1,-1,-1
554,34,1268.55,50.78,363.94,1008.83,1,-1,-1,-1
554,40,1025.21,277.39,120.73,351.83,1,-1,-1,-1
554,41,-2.13,1.08,433.29,1079.95,1,-1,-1,-1
554,42,524.71,288.24,78.50,273.90,1,-1,-1,-1
555,1,837.22,216.71,162.55,492.28,1,-1,-1,-1
555,34,1275.33,45.91,351.80,1001.25,1,-1,-1,-1
555,40,1029.25,281.42,127.01,357.06,1,-1,-1,-1
555,41,-2.58,1.02,421.33,1079.99,1,-1,-1,-1
555,42,522.78,290.69,78.57,275.09,1,-1,-1,-1
556,1,834.03,217.12,162.51,490.40,1,-1,-1,-1
556,34,1279.88,53.29,343.75,1004.15,1,-1,-1,-1
556,40,1026.44,280.41,130.78,368.50,1,-1,-1,-1
556,41,-2.61,1.01,403.81,1080.00,1,-1,-1,-1
556,42,522.36,294.64,79.50,275.10,1,-1,-1,-1
557,1,828.85,220.59,161.87,482.98,1,-1,-1,-1
557,34,1281.52,65.22,336.51,998.17,1,-1,-1,-1
557,40,1032.62,273.53,131.56,381.10,1,-1,-1,-1
557,41,-3.07,1.00,392.18,1080.00,1,-1,-1,-1
557,42,522.03,295.89,78.66,275.59,1,-1,-1,-1
558,1,824.38,224.09,164.06,476.48,1,-1,-1,-1
558,34,1285.56,57.86,331.81,998.40,1,-1,-1,-1
558,40,1042.07,271.71,136.77,381.94,1,-1,-1,-1
558,41,-1.59,1.00,358.66,1080.00,1,-1,-1,-1
558,42,522.33,294.73,77.50,276.51,1,-1,-1,-1
558,43,1573.30,289.40,140.50,394.20,1,-1,-1,-1
559,1,824.46,221.02,163.81,479.79,1,-1,-1,-1
559,34,1287.91,53.82,328.79,996.86,1,-1,-1,-1
559,40,1052.82,272.44,140.29,375.19,1,-1,-1,-1
559,41,-3.69,1.00,331.04,1080.00,1,-1,-1,-1
559,42,522.44,294.60,80.02,279.51,1,-1,-1,-1
559,43,1580.16,290.66,135.67,399.03,1,-1,-1,-1
559,44,945.10,214.70,121.60,477.10,1,-1,-1,-1
560,1,823.70,218.85,163.80,479.73,1,-1,-1,-1
560,34,1287.23,58.05,325.16,995.98,1,-1,-1,-1
560,40,1057.97,274.04,151.50,380.87,1,-1,-1,-1
560,41,-0.92,1.00,290.13,1080.00,1,-1,-1,-1
560,42,524.54,299.60,80.78,278.17,1,-1,-1,-1
560,43,1588.46,294.92,138.21,400.34,1,-1,-1,-1
560,44,940.83,209.80,133.01,485.92,1,-1,-1,-1
561,1,818.78,219.09,163.17,486.50,1,-1,-1,-1
561,34,1288.23,58.02,327.64,997.25,1,-1,-1,-1
561,40,1065.89,276.79,160.67,377.46,1,-1,-1,-1
561,41,4.20,1.00,264.35,1080.00,1,-1,-1,-1
561,42,527.32,301.38,80.93,277.49,1,-1,-1,-1
561,43,1598.34,292.72,136.52,402.76,1,-1,-1,-1
561,44,942.40,210.22,135.45,475.13,1,-1,-1,-1
562,1,817.17,223.57,165.22,482.16,1,-1,-1,-1
562,34,1292.09,51.12,328.52,1002.26,1,-1,-1,-1
562,40,1079.94,275.32,163.28,377.77,1,-1,-1,-1
562,41,7.05,1.00,264.35,1080.00,1,-1,-1,-1
562,42,530.42,302.92,80.70,275.19,1,-1,-1,-1
562,43,1608.31,290.93,136.02,399.29,1,-1,-1,-1
562,44,943.64,207.81,142.00,474.62,1,-1,-1,-1
563,1,821.96,223.52,166.54,477.43,1,-1,-1,-1
563,34,1298.11,49.25,330.40,1006.56,1,-1,-1,-1
563,40,1086.64,270.77,168.61,387.73,1,-1,-1,-1
563,41,9.90,1.00,264.35,1080.00,1,-1,-1,-1
563,42,534.21,299.52,80.70,278.07,1,-1,-1,-1
563,43,1619.81,288.04,137.76,404.90,1,-1,-1,-1
563,44,947.72,219.12,145.85,469.78,1,-1,-1,-1
564,1,828.83,225.50,165.11,469.29,1,-1,-1,-1
564,34,1304.70,53.45,332.71,1003.44,1,-1,-1,-1
564,40,1093.50,268.99,175.95,394.92,1,-1,-1,-1
564,41,12.75,1.00,264.35,1080.00,1,-1,-1,-1
564,42,537.11,295.00,81.96,279.77,1,-1,-1,-1
564,43,1635.31,289.97,136.39,398.53,1,-1,-1,-1
564,44,951.61,223.84,143.99,470.49,1,-1,-1,-1
565,1,833.12,225.86,169.02,476.02,1,-1,-1,-1
565,34,1306.63,50.49,347.82,1013.14,1,-1,-1,-1
565,40,1115.86,275.07,173.89,399.88,1,-1,-1,-1
565,42,542.09,293.41,83.67,284.06,1,-1,-1,-1
565,43,1653.92,280.86,135.42,409.08,1,-1,-1,-1
565,44,955.82,222.82,146.59,471.27,1,-1,-1,-1
566,1,836.31,228.64,170.55,479.50,1,-1,-1,-1
566,34,1307.23,40.39,372.87,1035.58,1,-1,-1,-1
566,40,1125.18,275.12,187.06,408.01,1,-1,-1,-1
566,42,548.65,295.99,84.18,283.53,1,-1,-1,-1
566,43,1666.75,282.48,136.73,415.46,1,-1,-1,-1
566,44,963.49,221.95,144.29,472.20,1,-1,-1,-1
567,1,839.48,232.44,169.46,482.72,1,-1,-1,-1
567,34,1294.92,46.52,409.78,1033.49,1,-1,-1,-1
567,40,1137.30,270.96,188.07,412.69,1,-1,-1,-1
567,42,553.42,295.18,85.17,285.05,1,-1,-1,-1
567,43,1679.56,283.57,133.14,419.34,1,-1,-1,-1
567,44,969.25,222.33,143.67,471.36,1,-1,-1,-1
568,1,840.92,235.09,168.44,483.55,1,-1,-1,-1
568,34,1292.74,59.60,425.26,1023.00,1,-1,-1,-1
568,40,1150.58,271.92,188.93,411.93,1,-1,-1,-1
568,42,557.72,296.51,85.61,283.47,1,-1,-1,-1
568,43,1695.52,285.65,136.96,421.27,1,-1,-1,-1
568,44,982.40,225.07,138.09,470.27,1,-1,-1,-1
569,1,847.19,237.72,164.56,475.46,1,-1,-1,-1
569,34,1297.76,51.42,426.55,1032.17,1,-1,-1,-1
569,40,1160.94,278.03,191.57,412.05,1,-1,-1,-1
569,42,562.57,296.28,85.88,287.69,1,-1,-1,-1
569,43,1708.12,289.37,137.13,418.91,1,-1,-1,-1
569,44,989.97,228.04,136.63,468.54,1,-1,-1,-1
570,1,853.10,235.47,165.43,483.26,1,-1,-1,-1
570,34,1306.15,41.00,444.78,1038.14,1,-1,-1,-1
570,40,1173.24,283.87,188.86,406.06,1,-1,-1,-1
570,42,567.49,299.34,85.20,284.06,1,-1,-1,-1
570,43,1716.36,286.70,136.48,426.46,1,-1,-1,-1
570,44,992.36,235.86,140.53,458.01,1,-1,-1,-1
571,1,858.50,237.95,165.34,481.26,1,-1,-1,-1
571,34,1306.44,60.05,456.28,1019.70,1,-1,-1,-1
571,40,1191.55,278.10,175.31,417.01,1,-1,-1,-1
571,42,571.87,299.31,86.88,288.99,1,-1,-1,-1
571,43,1727.05,289.05,137.19,423.55,1,-1,-1,-1
571,44,998.99,242.73,142.40,457.93,1,-1,-1,-1
572,1,864.69,241.68,163.70,484.37,1,-1,-1,-1
572,34,1304.28,55.81,471.69,1029.15,1,-1,-1,-1
572,40,1143.71,272.64,148.91,404.54,1,-1,-1,-1
572,42,578.18,306.86,85.07,281.44,1,-1,-1,-1
572,43,1737.78,291.86,138.32,420.85,1,-1,-1,-1
572,44,1001.70,239.95,141.35,463.72,1,-1,-1,-1
573,1,867.87,244.05,167.27,478.44,1,-1,-1,-1
573,34,1317.39,44.40,477.02,1034.58,1,-1,-1,-1
573,40,1097.10,271.57,142.04,384.07,1,-1,-1,-1
573,42,581.35,305.91,85.79,286.10,1,-1,-1,-1
573,43,1746.35,291.41,139.01,426.49,1,-1,-1,-1
573,44,1000.90,238.23,143.97,466.72,1,-1,-1,-1
574,1,872.56,239.95,162.88,487.09,1,-1,-1,-1
574,34,1323.86,47.42,481.42,1032.42,1,-1,-1,-1
574,40,1111.78,274.96,139.21,380.73,1,-1,-1,-1
574,42,585.44,306.52,84.68,285.19,1,-1,-1,-1
574,43,1753.01,290.57,139.70,427.69,1,-1,-1,-1
574,44,1006.72,240.88,145.95,471.88,1,-1,-1,-1
575,1,875.19,244.22,160.79,475.97,1,-1,-1,-1
575,34,1333.40,43.94,474.19,1037.52,1,-1,-1,-1
575,40,1119.73,275.34,135.70,376.79,1,-1,-1,-1
575,42,588.98,306.39,83.64,286.18,1,-1,-1,-1
575,43,1760.90,288.51,139.84,430.29,1,-1,-1,-1
575,44,1015.29,241.53,141.37,463.64,1,-1,-1,-1
576,1,876.64,243.22,157.51,471.44,1,-1,-1,-1
576,34,1343.86,50.45,471.82,1029.46,1,-1,-1,-1
576,40,1125.69,278.61,139.48,377.29,1,-1,-1,-1
576,42,591.10,305.53,83.68,288.43,1,-1,-1,-1
576,43,1763.29,288.64,145.83,433.24,1,-1,-1,-1
576,44,1010.72,240.84,146.92,463.19,1,-1,-1,-1
577,1,875.96,245.47,156.10,468.19,1,-1,-1,-1
577,34,1355.36,65.70,463.13,1017.03,1,-1,-1,-1
577,40,1130.48,285.24,140.26,373.38,1,-1,-1,-1
577,42,593.49,302.04,82.50,293.38,1,-1,-1,-1
577,43,1769.38,292.27,143.64,440.84,1,-1,-1,-1
577,44,1007.02,242.55,150.83,464.74,1,-1,-1,-1
578,1,879.59,243.64,154.42,474.50,1,-1,-1,-1
578,34,1366.95,57.84,456.18,1025.83,1,-1,-1,-1
578,40,1129.78,283.64,142.95,377.66,1,-1,-1,-1
578,42,593.81,298.42,81.73,297.80,1,-1,-1,-1
578,43,1777.58,293.37,143.05,448.44,1,-1,-1,-1
578,44,1008.40,240.26,151.16,469.68,1,-1,-1,-1
579,1,885.01,247.79,151.82,480.66,1,-1,-1,-1
579,34,1372.04,62.90,460.11,1016.22,1,-1,-1,-1
579,40,1127.31,288.47,143.40,374.82,1,-1,-1,-1
579,42,590.61,298.07,81.99,302.49,1,-1,-1,-1
579,43,1787.82,301.27,135.46,444.91,1,-1,-1,-1
579,44,1009.17,241.07,147.48,471.58,1,-1,-1,-1
580,1,881.94,250.37,154.53,479.43,1,-1,-1,-1
580,34,1381.73,62.93,461.64,1020.13,1,-1,-1,-1
580,40,1124.50,291.76,146.97,371.17,1,-1,-1,-1
580,42,585.82,304.18,83.19,299.49,1,-1,-1,-1
580,43,1797.24,298.16,126.04,454.98,1,-1,-1,-1
580,44,1007.18,242.44,146.93,471.39,1,-1,-1,-1
581,1,878.78,248.40,155.28,477.38,1,-1,-1,-1
581,34,1399.15,61.81,455.24,1018.36,1,-1,-1,-1
581,40,1127.04,293.40,147.06,367.13,1,-1,-1,-1
581,42,582.94,307.18,85.09,298.59,1,-1,-1,-1
581,43,1802.34,295.21,126.04,454.98,1,-1,-1,-1
581,44,1006.12,239.80,146.56,473.85,1,-1,-1,-1
582,1,876.41,248.55,157.18,476.62,1,-1,-1,-1
582,34,1415.24,72.02,440.16,1009.36,1,-1,-1,-1
582,40,1129.31,290.86,148.00,372.57,1,-1,-1,-1
582,42,581.10,307.14,86.50,298.32,1,-1,-1,-1
582,43,1807.44,292.26,126.04,454.98,1,-1,-1,-1
582,44,1008.72,239.14,145.26,468.00,1,-1,-1,-1
583,1,873.44,249.62,154.40,475.91,1,-1,-1,-1
583,34,1425.41,76.76,438.30,1006.17,1,-1,-1,-1
583,40,1131.48,288.79,147.51,376.51,1,-1,-1,-1
583,42,579.13,304.83,86.36,302.43,1,-1,-1,-1
583,43,1812.54,289.31,126.04,454.98,1,-1,-1,-1
583,44,1008.40,237.03,146.13,472.41,1,-1,-1,-1
584,1,868.22,251.66,153.49,474.78,1,-1,-1,-1
584,34,1434.87,79.62,436.97,1002.06,1,-1,-1,-1
584,40,1136.86,293.58,143.58,370.13,1,-1,-1,-1
584,42,576.27,302.39,84.71,305.84,1,-1,-1,-1
584,44,1005.26,241.91,142.96,472.96,1,-1,-1,-1
585,1,864.88,253.61,153.15,474.58,1,-1,-1,-1
585,34,1444.49,82.94,429.78,998.94,1,-1,-1,-1
585,40,1139.75,294.20,141.00,371.93,1,-1,-1,-1
585,42,570.93,299.52,84.28,308.19,1,-1,-1,-1
585,44,1000.21,239.08,144.81,479.99,1,-1,-1,-1
586,1,861.95,251.04,152.41,478.31,1,-1,-1,-1
586,34,1446.67,78.56,430.07,1003.11,1,-1,-1,-1
586,40,1139.10,291.93,140.30,375.48,1,-1,-1,-1
586,42,564.82,299.57,83.52,305.68,1,-1,-1,-1
586,44,998.91,239.39,143.89,476.71,1,-1,-1,-1
587,1,856.31,249.80,151.63,476.55,1,-1,-1,-1
587,34,1442.61,76.86,440.94,1003.24,1,-1,-1,-1
587,40,1139.86,287.64,140.23,382.98,1,-1,-1,-1
587,42,560.14,298.54,83.79,309.05,1,-1,-1,-1
587,44,996.23,241.11,141.73,476.49,1,-1,-1,-1
588,1,847.83,254.86,152.03,475.96,1,-1,-1,-1
588,34,1450.75,70.13,429.01,1010.84,1,-1,-1,-1
588,40,1140.49,283.77,140.28,389.51,1,-1,-1,-1
588,42,555.08,304.01,84.78,305.59,1,-1,-1,-1
588,44,991.06,238.15,140.59,478.53,1,-1,-1,-1
589,1,843.52,251.13,151.66,479.14,1,-1,-1,-1
589,34,1456.10,68.00,424.24,1011.37,1,-1,-1,-1
589,40,1140.02,287.35,142.18,389.01,1,-1,-1,-1
589,42,549.46,306.20,84.93,305.88,1,-1,-1,-1
589,44,988.48,241.09,141.58,478.16,1,-1,-1,-1
590,1,839.28,244.94,152.32,480.51,1,-1,-1,-1
590,34,1447.53,65.36,446.26,1015.52,1,-1,-1,-1
590,40,1141.48,284.41,141.99,396.77,1,-1,-1,-1
590,42,546.02,308.41,84.84,303.93,1,-1,-1,-1
590,44,984.94,241.91,142.85,484.77,1,-1,-1,-1
591,1,832.81,246.27,152.31,479.24,1,-1,-1,-1
591,34,1459.22,61.87,431.52,1018.24,1,-1,-1,-1
591,40,1143.44,279.20,141.23,400.43,1,-1,-1,-1
591,42,542.70,306.27,85.16,306.71,1,-1,-1,-1
591,44,983.73,242.24,143.31,480.24,1,-1,-1,-1
592,1,824.74,246.84,153.91,476.90,1,-1,-1,-1
592,34,1464.82,64.52,426.96,1015.90,1,-1,-1,-1
592,40,1145.75,275.70,140.86,403.70,1,-1,-1,-1
592,42,538.70,305.61,85.12,306.28,1,-1,-1,-1
592,44,982.83,240.11,146.10,481.47,1,-1,-1,-1
593,1,819.32,246.26,152.71,474.03,1,-1,-1,-1
593,34,1472.13,65.88,420.48,1015.62,1,-1,-1,-1
593,40,1149.28,274.96,140.40,406.64,1,-1,-1,-1
593,42,535.58,305.82,84.13,309.16,1,-1,-1,-1
593,44,985.14,239.59,144.49,485.90,1,-1,-1,-1
594,1,815.29,246.95,155.64,473.94,1,-1,-1,-1
594,34,1463.90,61.81,441.77,1019.25,1,-1,-1,-1
594,40,1154.74,278.58,138.93,406.96,1,-1,-1,-1
594,42,533.34,303.77,86.42,315.35,1,-1,-1,-1
594,44,986.01,240.45,146.25,488.84,1,-1,-1,-1
595,1,811.59,247.72,158.97,474.26,1,-1,-1,-1
595,34,1469.87,61.71,421.49,1018.51,1,-1,-1,-1
595,40,1157.43,281.31,140.38,408.81,1,-1,-1,-1
595,42,532.44,308.30,86.83,311.04,1,-1,-1,-1
595,44,988.47,240.93,146.91,492.80,1,-1,-1,-1
596,1,804.43,240.46,164.52,479.82,1,-1,-1,-1
596,34,1472.36,58.24,415.48,1022.91,1,-1,-1,-1
596,40,1159.41,277.02,143.54,415.24,1,-1,-1,-1
596,42,531.10,312.80,87.93,306.95,1,-1,-1,-1
596,44,990.52,239.25,153.41,497.07,1,-1,-1,-1
597,1,804.48,239.67,163.04,478.41,1,-1,-1,-1
597,34,1469.47,55.40,425.08,1024.65,1,-1,-1,-1
597,40,1164.61,276.48,142.88,416.05,1,-1,-1,-1
597,42,530.34,312.06,89.03,308.74,1,-1,-1,-1
597,44,992.30,247.88,151.09,484.49,1,-1,-1,-1
598,1,804.55,252.56,160.91,471.82,1,-1,-1,-1
598,34,1483.16,56.15,408.36,1024.48,1,-1,-1,-1
598,40,1166.33,274.54,143.87,420.22,1,-1,-1,-1
598,42,530.96,313.72,88.94,310.88,1,-1,-1,-1
598,44,993.59,246.67,151.52,495.77,1,-1,-1,-1
599,1,802.18,261.47,161.18,472.16,1,-1,-1,-1
599,34,1491.93,57.74,411.68,1023.30,1,-1,-1,-1
599,40,1170.32,275.80,144.17,419.99,1,-1,-1,-1
599,42,531.81,315.35,89.19,313.69,1,-1,-1,-1
599,44,995.11,246.29,151.93,491.73,1,-1,-1,-1
600,1,805.82,259.11,158.32,474.85,1,-1,-1,-1
600,34,1490.41,50.53,416.94,1030.72,1,-1,-1,-1
600,40,1177.03,276.94,142.93,421.33,1,-1,-1,-1
600,42,534.09,308.45,91.51,326.72,1,-1,-1,-1
600,44,999.67,249.77,146.94,486.04,1,-1,-1,-1
601,1,808.81,256.48,158.94,477.96,1,-1,-1,-1
601,34,1498.47,52.27,417.40,1027.14,1,-1,-1,-1
601,40,1181.79,277.10,143.33,425.58,1,-1,-1,-1
601,42,536.94,312.99,90.17,322.09,1,-1,-1,-1
601,44,1003.81,253.64,145.51,487.97,1,-1,-1,-1
602,1,812.64,262.33,159.54,470.50,1,-1,-1,-1
602,34,1496.95,57.04,427.55,1024.73,1,-1,-1,-1
602,40,1190.20,280.03,143.59,428.04,1,-1,-1,-1
602,42,537.26,311.54,91.87,329.66,1,-1,-1,-1
602,44,1002.32,249.87,150.19,492.40,1,-1,-1,-1
603,1,816.98,271.40,159.51,469.38,1,-1,-1,-1
603,34,1494.91,58.35,425.00,1023.17,1,-1,-1,-1
603,40,1201.71,282.32,140.59,431.30,1,-1,-1,-1
603,42,541.10,319.29,92.80,324.30,1,-1,-1,-1
603,44,1004.46,250.64,148.94,483.51,1,-1,-1,-1
604,1,824.49,279.51,156.77,464.56,1,-1,-1,-1
604,34,1517.24,64.86,404.63,1016.47,1,-1,-1,-1
604,40,1209.74,286.68,141.02,432.63,1,-1,-1,-1
604,42,546.24,329.25,91.40,321.15,1,-1,-1,-1
604,44,1007.38,255.82,147.02,479.72,1,-1,-1,-1
605,1,830.77,276.30,154.41,465.92,1,-1,-1,-1
605,34,1530.65,65.73,394.81,1016.70,1,-1,-1,-1
605,40,1223.47,290.35,136.87,432.19,1,-1,-1,-1
605,42,550.39,331.37,92.10,322.23,1,-1,-1,-1
605,44,1016.21,262.35,144.49,468.02,1,-1,-1,-1
606,1,832.31,273.81,158.53,471.86,1,-1,-1,-1
606,34,1540.16,59.35,382.97,1021.60,1,-1,-1,-1
606,40,1236.32,290.22,135.56,433.88,1,-1,-1,-1
606,42,556.85,326.19,90.77,326.97,1,-1,-1,-1
606,44,1020.02,263.22,145.06,468.64,1,-1,-1,-1
607,1,839.58,274.12,154.52,472.45,1,-1,-1,-1
607,34,1550.42,58.49,373.12,1021.46,1,-1,-1,-1
607,40,1246.77,291.79,133.63,437.11,1,-1,-1,-1
607,42,562.95,322.42,91.84,331.33,1,-1,-1,-1
607,44,1021.03,268.06,148.45,462.94,1,-1,-1,-1
608,1,847.36,276.27,155.35,468.21,1,-1,-1,-1
608,34,1554.91,57.09,368.21,1023.94,1,-1,-1,-1
608,40,1255.37,292.61,135.99,439.55,1,-1,-1,-1
608,42,568.00,327.61,92.93,328.23,1,-1,-1,-1
608,44,1027.06,267.05,145.47,473.34,1,-1,-1,-1
608,45,1149.90,355.30,73.00,242.30,1,-1,-1,-1
609,1,854.40,282.20,157.20,465.96,1,-1,-1,-1
609,34,1562.67,62.58,359.38,1017.89,1,-1,-1,-1
609,40,1267.59,289.84,133.13,445.54,1,-1,-1,-1
609,42,573.13,329.77,92.28,330.52,1,-1,-1,-1
609,44,1028.87,268.20,146.40,479.19,1,-1,-1,-1
609,45,1153.26,354.46,74.61,243.00,1,-1,-1,-1
610,1,864.33,278.09,151.46,474.81,1,-1,-1,-1
610,34,1570.57,68.88,352.32,1013.42,1,-1,-1,-1
610,40,1276.02,293.00,132.13,446.49,1,-1,-1,-1
610,42,577.58,330.81,92.08,329.39,1,-1,-1,-1
610,44,1034.45,264.72,146.61,482.35,1,-1,-1,-1
610,45,1158.57,354.49,75.79,239.85,1,-1,-1,-1
611,1,869.13,275.41,151.70,480.68,1,-1,-1,-1
611,34,1580.98,66.17,341.53,1015.79,1,-1,-1,-1
611,40,1284.69,293.42,130.50,451.96,1,-1,-1,-1
611,42,580.29,325.41,92.94,338.71,1,-1,-1,-1
611,44,1036.60,267.94,143.80,474.89,1,-1,-1,-1
611,45,1165.42,357.77,77.34,236.39,1,-1,-1,-1
612,1,870.45,275.85,151.14,477.40,1,-1,-1,-1
612,34,1599.80,67.36,323.52,1013.14,1,-1,-1,-1
612,40,1292.27,297.90,132.95,447.86,1,-1,-1,-1
612,42,582.19,329.16,94.03,334.29,1,-1,-1,-1
612,44,1036.12,268.45,143.45,476.93,1,-1,-1,-1
612,45,1170.53,361.58,77.66,234.51,1,-1,-1,-1
613,1,871.38,273.84,153.07,479.92,1,-1,-1,-1
613,34,1611.43,76.72,313.43,1004.85,1,-1,-1,-1
613,40,1298.87,297.57,132.77,450.20,1,-1,-1,-1
613,42,584.66,326.03,93.45,342.00,1,-1,-1,-1
613,44,1035.26,269.88,145.59,482.44,1,-1,-1,-1
613,45,1174.50,360.37,74.96,234.64,1,-1,-1,-1
614,1,875.12,283.26,152.25,481.45,1,-1,-1,-1
614,34,1635.94,78.31,287.23,1004.47,1,-1,-1,-1
614,40,1305.38,297.56,133.21,454.40,1,-1,-1,-1
614,42,586.55,331.67,94.53,334.37,1,-1,-1,-1
614,44,1033.41,273.54,147.14,485.49,1,-1,-1,-1
614,45,1178.44,361.68,76.81,235.73,1,-1,-1,-1
615,1,878.66,286.21,150.68,479.87,1,-1,-1,-1
615,34,1644.38,79.88,282.24,1001.20,1,-1,-1,-1
615,40,1315.72,301.69,130.54,452.65,1,-1,-1,-1
615,42,588.38,336.13,94.65,333.55,1,-1,-1,-1
615,44,1032.54,276.58,148.72,489.49,1,-1,-1,-1
615,45,1179.78,365.09,81.91,235.92,1,-1,-1,-1
616,1,882.36,282.60,147.19,485.07,1,-1,-1,-1
616,34,1652.46,83.09,269.61,998.61,1,-1,-1,-1
616,40,1323.28,302.04,132.12,457.16,1,-1,-1,-1
616,42,588.34,336.10,95.18,339.05,1,-1,-1,-1
616,44,1032.95,278.33,148.08,490.34,1,-1,-1,-1
616,45,1177.09,365.94,85.12,240.74,1,-1,-1,-1
617,1,882.48,286.56,147.06,483.13,1,-1,-1,-1
617,34,1666.77,87.57,256.93,993.98,1,-1,-1,-1
617,40,1325.07,307.69,130.29,454.81,1,-1,-1,-1
617,42,587.98,335.29,95.26,340.97,1,-1,-1,-1
617,44,1034.16,282.15,145.22,486.81,1,-1,-1,-1
617,45,1177.30,369.85,80.35,239.87,1,-1,-1,-1
618,1,878.69,292.53,147.16,481.85,1,-1,-1,-1
618,34,1671.50,101.30,252.22,980.69,1,-1,-1,-1
618,40,1326.54,310.98,127.22,454.73,1,-1,-1,-1
618,42,585.00,340.78,94.03,337.14,1,-1,-1,-1
618,44,1034.05,286.92,143.67,485.96,1,-1,-1,-1
618,45,1178.81,372.52,77.44,240.59,1,-1,-1,-1
619,1,874.33,295.69,149.57,476.84,1,-1,-1,-1
619,34,1673.23,105.39,248.78,978.46,1,-1,-1,-1
619,40,1330.31,310.73,125.80,455.97,1,-1,-1,-1
619,42,578.46,341.98,98.42,338.51,1,-1,-1,-1
619,44,1031.49,287.81,145.02,486.76,1,-1,-1,-1
619,45,1173.68,373.02,76.92,252.50,1,-1,-1,-1
620,1,870.84,300.64,153.86,469.53,1,-1,-1,-1
620,34,1681.00,104.60,240.74,976.88,1,-1,-1,-1
620,40,1332.82,307.83,124.05,461.59,1,-1,-1,-1
620,42,577.39,347.21,95.40,332.34,1,-1,-1,-1
620,44,1026.12,288.49,148.93,483.29,1,-1,-1,-1
620,45,1173.05,375.53,73.97,248.37,1,-1,-1,-1
621,1,867.95,306.70,154.03,464.40,1,-1,-1,-1
621,34,1679.42,116.14,243.30,965.20,1,-1,-1,-1
621,40,1332.48,307.90,124.37,465.45,1,-1,-1,-1
621,42,573.80,344.90,96.10,335.53,1,-1,-1,-1
621,44,1019.21,283.91,152.48,489.81,1,-1,-1,-1
621,45,1175.65,371.93,73.97,248.37,1,-1,-1,-1
622,1,864.92,306.54,154.50,457.19,1,-1,-1,-1
622,34,1679.53,122.22,240.92,961.28,1,-1,-1,-1
622,40,1330.34,309.78,128.24,467.23,1,-1,-1,-1
622,42,570.41,339.75,95.47,343.21,1,-1,-1,-1
622,44,1011.28,284.14,153.96,488.89,1,-1,-1,-1
622,45,1126.06,350.18,106.89,357.80,1,-1,-1,-1
623,1,859.28,305.99,155.41,455.59,1,-1,-1,-1
623,34,1683.19,108.72,238.32,973.12,1,-1,-1,-1
623,40,1329.34,312.89,128.42,465.95,1,-1,-1,-1
623,42,566.21,341.72,96.19,342.01,1,-1,-1,-1
623,44,1005.21,288.72,149.30,479.73,1,-1,-1,-1
623,45,1107.86,351.37,119.99,388.60,1,-1,-1,-1
624,1,848.83,306.15,156.24,461.83,1,-1,-1,-1
624,34,1685.21,113.96,236.34,964.50,1,-1,-1,-1
624,40,1329.67,309.06,125.96,472.50,1,-1,-1,-1
624,42,562.84,340.19,93.54,345.85,1,-1,-1,-1
624,44,998.98,288.13,146.57,473.90,1,-1,-1,-1
624,45,1102.26,346.02,136.66,395.95,1,-1,-1,-1
625,1,840.36,305.99,158.87,464.68,1,-1,-1,-1
625,34,1687.00,121.57,234.42,961.28,1,-1,-1,-1
625,40,1330.39,302.73,123.96,480.55,1,-1,-1,-1
625,42,555.70,339.40,96.38,350.65,1,-1,-1,-1
625,44,994.70,283.29,143.30,479.99,1,-1,-1,-1
625,45,1095.31,341.35,140.40,404.39,1,-1,-1,-1
626,1,835.64,299.44,164.49,469.59,1,-1,-1,-1
626,34,1686.93,125.09,234.48,956.60,1,-1,-1,-1
626,40,1330.54,303.58,122.31,480.79,1,-1,-1,-1
626,42,551.15,339.96,94.36,351.80,1,-1,-1,-1
626,44,988.42,288.63,146.38,478.04,1,-1,-1,-1
626,45,1093.56,335.08,139.91,409.16,1,-1,-1,-1
627,1,831.12,303.33,168.63,457.21,1,-1,-1,-1
627,34,1686.64,120.64,234.35,961.36,1,-1,-1,-1
627,40,1329.37,296.76,122.44,491.58,1,-1,-1,-1
627,42,545.27,340.72,93.90,354.67,1,-1,-1,-1
627,44,976.99,289.17,154.44,481.23,1,-1,-1,-1
627,45,1092.23,331.47,141.72,415.00,1,-1,-1,-1
628,1,825.11,302.17,174.84,459.16,1,-1,-1,-1
628,34,1682.72,117.12,238.31,962.86,1,-1,-1,-1
628,40,1327.72,299.09,123.32,491.80,1,-1,-1,-1
628,42,539.35,341.75,93.90,355.39,1,-1,-1,-1
628,44,974.72,289.05,152.87,480.93,1,-1,-1,-1
628,45,1097.56,333.46,138.00,418.71,1,-1,-1,-1
629,1,820.38,300.96,178.66,461.01,1,-1,-1,-1
629,34,1676.39,110.37,243.76,970.31,1,-1,-1,-1
629,40,1326.53,301.41,123.87,494.11,1,-1,-1,-1
629,42,533.81,342.34,95.09,355.26,1,-1,-1,-1
629,44,973.71,288.65,151.98,481.26,1,-1,-1,-1
629,45,1099.84,335.00,139.26,418.35,1,-1,-1,-1
630,1,812.89,299.88,182.68,468.49,1,-1,-1,-1
630,34,1674.29,101.61,245.54,977.79,1,-1,-1,-1
630,40,1325.86,300.13,126.34,495.01,1,-1,-1,-1
630,42,531.03,341.66,93.91,359.00,1,-1,-1,-1
630,44,970.34,286.70,146.11,485.00,1,-1,-1,-1
630,45,1098.26,333.32,138.73,419.72,1,-1,-1,-1
631,1,808.29,307.25,187.52,464.16,1,-1,-1,-1
631,34,1676.79,100.83,243.83,978.57,1,-1,-1,-1
631,40,1327.45,300.15,127.85,491.08,1,-1,-1,-1
631,42,527.51,341.48,95.58,361.80,1,-1,-1,-1
631,44,966.62,283.96,149.53,487.52,1,-1,-1,-1
631,45,1097.13,330.82,138.01,422.01,1,-1,-1,-1
632,1,807.19,305.69,183.87,468.04,1,-1,-1,-1
632,34,1675.74,103.78,245.63,977.05,1,-1,-1,-1
632,40,1331.28,298.71,125.93,491.59,1,-1,-1,-1
632,42,523.84,339.41,97.20,364.81,1,-1,-1,-1
632,44,966.98,283.61,150.07,488.42,1,-1,-1,-1
632,45,1098.68,329.85,138.00,424.80,1,-1,-1,-1
632,46,1247.00,321.30,140.20,440.90,1,-1,-1,-1
633,1,804.93,303.31,184.66,468.43,1,-1,-1,-1
633,34,1676.13,105.43,244.49,975.90,1,-1,-1,-1
633,40,1333.50,301.51,127.52,488.59,1,-1,-1,-1
633,42,521.39,342.98,97.55,360.60,1,-1,-1,-1
633,44,964.05,283.83,150.09,490.29,1,-1,-1,-1
633,45,1100.62,331.45,137.93,427.95,1,-1,-1,-1
633,46,1241.82,312.13,147.76,459.45,1,-1,-1,-1
634,1,809.54,309.34,185.88,465.89,1,-1,-1,-1
634,34,1685.50,96.25,235.75,985.00,1,-1,-1,-1
634,40,1337.51,296.47,124.50,494.62,1,-1,-1,-1
634,42,519.80,347.89,96.96,361.79,1,-1,-1,-1
634,44,962.91,286.41,150.52,483.09,1,-1,-1,-1
634,45,1099.75,332.37,144.91,432.26,1,-1,-1,-1
634,46,1239.60,315.79,148.35,457.25,1,-1,-1,-1
635,1,811.85,317.24,189.39,460.58,1,-1,-1,-1
635,34,1691.22,95.10,231.65,983.95,1,-1,-1,-1
635,40,1336.76,295.05,132.13,498.03,1,-1,-1,-1
635,42,519.65,351.39,96.15,360.19,1,-1,-1,-1
635,44,966.41,286.00,150.37,481.07,1,-1,-1,-1
635,45,1105.41,329.78,140.28,434.95,1,-1,-1,-1
635,46,1240.61,315.25,151.67,458.61,1,-1,-1,-1
636,1,812.15,316.12,191.01,460.45,1,-1,-1,-1
636,34,1692.57,95.21,229.31,986.01,1,-1,-1,-1
636,40,1341.65,294.03,135.47,504.59,1,-1,-1,-1
636,42,520.48,355.01,94.71,361.39,1,-1,-1,-1
636,44,970.20,290.14,149.76,482.14,1,-1,-1,-1
636,45,1104.10,327.66,144.63,441.14,1,-1,-1,-1
636,46,1243.94,312.41,156.80,458.81,1,-1,-1,-1
637,1,815.60,312.98,193.94,461.68,1,-1,-1,-1
637,34,1693.18,96.37,228.32,984.18,1,-1,-1,-1
637,40,1349.52,293.63,136.82,509.92,1,-1,-1,-1
637,42,519.34,360.71,96.24,365.67,1,-1,-1,-1
637,44,969.54,297.81,150.70,488.06,1,-1,-1,-1
637,45,1100.22,329.45,150.00,446.92,1,-1,-1,-1
637,46,1243.62,311.97,166.25,466.22,1,-1,-1,-1
638,1,816.42,316.12,192.37,461.20,1,-1,-1,-1
638,34,1695.14,109.73,226.07,971.67,1,-1,-1,-1
638,40,1353.02,293.22,139.12,516.21,1,-1,-1,-1
638,42,518.11,362.92,97.05,367.02,1,-1,-1,-1
638,44,965.53,299.23,150.98,484.66,1,-1,-1,-1
638,45,1098.01,326.74,150.21,456.64,1,-1,-1,-1
638,46,1246.91,313.56,164.19,464.67,1,-1,-1,-1
639,1,818.75,320.46,188.82,460.15,1,-1,-1,-1
639,34,1698.26,106.25,223.22,977.43,1,-1,-1,-1
639,40,1355.75,293.78,138.26,516.97,1,-1,-1,-1
639,42,518.80,356.86,96.95,374.15,1,-1,-1,-1
639,44,969.54,296.27,151.20,485.25,1,-1,-1,-1
639,45,1101.40,329.54,149.15,451.78,1,-1,-1,-1
639,46,1254.40,315.43,161.68,458.11,1,-1,-1,-1
640,1,824.63,318.56,186.92,457.95,1,-1,-1,-1
640,34,1699.59,101.52,222.02,978.25,1,-1,-1,-1
640,40,1360.66,289.36,138.15,524.41,1,-1,-1,-1
640,42,520.42,358.37,96.84,373.97,1,-1,-1,-1
640,44,970.56,299.96,155.12,491.23,1,-1,-1,-1
640,45,1105.46,327.94,153.04,455.85,1,-1,-1,-1
640,46,1255.53,317.56,164.49,460.41,1,-1,-1,-1
641,1,834.01,314.81,179.34,457.56,1,-1,-1,-1
641,34,1699.84,102.17,222.02,978.25,1,-1,-1,-1
641,40,1364.43,287.61,143.99,526.36,1,-1,-1,-1
641,42,522.65,361.83,96.25,374.41,1,-1,-1,-1
641,44,973.08,304.86,150.14,483.79,1,-1,-1,-1
641,45,1110.12,328.90,149.51,452.53,1,-1,-1,-1
641,46,1255.69,308.16,168.00,476.57,1,-1,-1,-1
642,1,842.14,315.65,179.52,454.44,1,-1,-1,-1
642,34,1700.09,102.82,222.02,978.25,1,-1,-1,-1
642,40,1373.36,290.53,144.07,527.09,1,-1,-1,-1
642,42,525.69,364.92,97.55,374.96,1,-1,-1,-1
642,44,977.58,305.15,160.19,482.33,1,-1,-1,-1
642,45,1108.47,327.55,159.30,460.91,1,-1,-1,-1
642,46,1263.09,314.50,162.54,469.17,1,-1,-1,-1
643,1,849.33,317.17,176.99,457.14,1,-1,-1,-1
643,34,1700.34,103.47,222.02,978.25,1,-1,-1,-1
643,40,1382.78,290.85,143.74,531.86,1,-1,-1,-1
643,42,528.46,359.51,99.12,383.32,1,-1,-1,-1
643,44,981.23,306.93,164.33,482.94,1,-1,-1,-1
643,45,1110.79,329.70,166.44,467.27,1,-1,-1,-1
643,46,1265.06,321.25,163.35,462.40,1,-1,-1,-1
644,1,855.06,325.04,172.73,453.05,1,-1,-1,-1
644,40,1388.50,294.51,145.53,530.14,1,-1,-1,-1
644,42,532.07,361.07,99.67,382.33,1,-1,-1,-1
644,44,988.13,309.91,158.43,482.63,1,-1,-1,-1
644,45,1117.84,329.96,166.41,469.11,1,-1,-1,-1
644,46,1273.07,317.73,161.99,466.60,1,-1,-1,-1
645,1,860.51,322.90,164.10,458.90,1,-1,-1,-1
645,40,1394.61,294.72,144.04,528.99,1,-1,-1,-1
645,42,534.06,366.61,100.81,379.09,1,-1,-1,-1
645,44,991.97,309.74,153.72,476.94,1,-1,-1,-1
645,45,1120.37,329.78,167.87,476.80,1,-1,-1,-1
645,46,1279.48,319.56,163.19,475.77,1,-1,-1,-1
646,1,859.09,327.18,173.13,457.15,1,-1,-1,-1
646,40,1403.72,290.41,141.35,530.12,1,-1,-1,-1
646,42,533.99,365.58,100.80,380.64,1,-1,-1,-1
646,44,995.54,309.30,158.05,481.60,1,-1,-1,-1
646,45,1121.59,330.51,171.53,484.15,1,-1,-1,-1
646,46,1285.74,320.76,162.01,470.05,1,-1,-1,-1
647,1,862.34,333.15,176.82,455.43,1,-1,-1,-1
647,40,1410.12,288.52,141.39,536.97,1,-1,-1,-1
647,42,534.39,363.03,100.31,388.03,1,-1,-1,-1
647,44,1004.09,312.48,154.44,488.04,1,-1,-1,-1
647,45,1123.02,332.14,176.27,485.66,1,-1,-1,-1
647,46,1290.18,314.07,162.07,471.56,1,-1,-1,-1
648,1,868.13,330.52,167.22,460.10,1,-1,-1,-1
648,40,1413.59,289.87,142.52,547.70,1,-1,-1,-1
648,42,534.69,362.72,100.58,394.45,1,-1,-1,-1
648,44,1006.11,310.67,152.31,491.37,1,-1,-1,-1
648,45,1122.08,334.40,176.99,486.74,1,-1,-1,-1
648,46,1292.47,315.74,162.79,483.14,1,-1,-1,-1
648,47,818.40,409.40,80.50,212.70,1,-1,-1,-1
649,1,868.24,328.98,169.37,465.35,1,-1,-1,-1
649,40,1415.24,298.16,149.71,542.38,1,-1,-1,-1
649,42,534.65,363.05,100.52,396.86,1,-1,-1,-1
649,44,1009.12,309.87,146.91,491.81,1,-1,-1,-1
649,45,1123.94,333.49,180.08,489.30,1,-1,-1,-1
649,46,1295.24,312.67,165.95,487.73,1,-1,-1,-1
649,47,817.21,408.14,83.09,215.29,1,-1,-1,-1
650,1,870.47,328.78,177.86,461.47,1,-1,-1,-1
650,40,1422.11,293.11,149.98,539.24,1,-1,-1,-1
650,42,533.95,363.77,101.49,392.62,1,-1,-1,-1
650,44,1010.27,309.59,146.83,491.24,1,-1,-1,-1
650,45,1127.69,332.68,181.70,495.39,1,-1,-1,-1
650,46,1297.92,309.12,166.26,499.19,1,-1,-1,-1
650,47,817.25,408.48,83.59,218.17,1,-1,-1,-1
651,1,876.04,326.40,171.87,466.46,1,-1,-1,-1
651,40,1428.36,286.52,152.03,538.65,1,-1,-1,-1
651,42,534.10,361.52,101.50,396.60,1,-1,-1,-1
651,44,1007.79,305.31,155.56,492.96,1,-1,-1,-1
651,45,1127.27,332.02,182.05,504.85,1,-1,-1,-1
651,46,1299.30,311.88,167.20,506.69,1,-1,-1,-1
651,47,816.04,408.40,85.00,221.55,1,-1,-1,-1
652,1,873.71,330.88,171.89,464.46,1,-1,-1,-1
652,40,1432.02,293.15,153.20,543.24,1,-1,-1,-1
652,42,533.77,366.15,101.64,389.74,1,-1,-1,-1
652,44,1007.33,302.79,159.79,493.06,1,-1,-1,-1
652,45,1124.95,331.11,186.85,511.39,1,-1,-1,-1
652,46,1302.67,309.16,168.74,512.86,1,-1,-1,-1
652,47,814.48,407.15,85.21,225.65,1,-1,-1,-1
653,1,873.43,331.99,170.71,464.63,1,-1,-1,-1
653,40,1437.44,293.24,151.80,554.41,1,-1,-1,-1
653,42,531.16,367.47,104.76,392.72,1,-1,-1,-1
653,44,1008.10,299.87,160.50,502.12,1,-1,-1,-1
653,45,1124.15,331.43,188.70,516.23,1,-1,-1,-1
653,46,1304.34,307.56,171.16,518.28,1,-1,-1,-1
653,47,812.48,408.35,85.48,227.36,1,-1,-1,-1
654,1,872.92,332.04,169.44,464.19,1,-1,-1,-1
654,40,1438.94,291.34,155.51,559.37,1,-1,-1,-1
654,42,530.40,367.02,102.83,395.23,1,-1,-1,-1
654,44,1007.96,298.15,157.42,501.48,1,-1,-1,-1
654,45,1116.46,327.59,190.17,525.10,1,-1,-1,-1
654,46,1307.18,307.62,171.82,517.24,1,-1,-1,-1
654,47,811.94,407.17,82.34,230.61,1,-1,-1,-1
655,1,869.78,324.52,166.54,465.81,1,-1,-1,-1
655,40,1435.88,286.87,161.31,563.31,1,-1,-1,-1
655,42,527.39,361.46,102.04,405.22,1,-1,-1,-1
655,44,1008.65,300.05,152.44,492.11,1,-1,-1,-1
655,45,1108.12,327.18,197.05,524.68,1,-1,-1,-1
655,46,1310.65,297.96,171.32,528.20,1,-1,-1,-1
655,47,808.65,405.32,81.75,234.66,1,-1,-1,-1
656,1,861.14,325.68,169.10,460.20,1,-1,-1,-1
656,40,1438.52,284.55,159.76,552.94,1,-1,-1,-1
656,42,520.67,360.28,103.69,407.24,1,-1,-1,-1
656,44,1009.76,303.74,152.06,492.31,1,-1,-1,-1
656,45,1111.58,319.78,199.33,538.97,1,-1,-1,-1
656,46,1309.89,292.68,174.52,537.44,1,-1,-1,-1
656,47,801.49,405.20,83.89,241.41,1,-1,-1,-1
657,1,855.49,332.70,170.92,454.67,1,-1,-1,-1
657,40,1441.79,285.33,159.23,554.94,1,-1,-1,-1
657,42,515.35,362.90,102.09,406.86,1,-1,-1,-1
657,44,1009.42,309.15,152.44,491.11,1,-1,-1,-1
657,45,1112.22,319.20,198.26,541.65,1,-1,-1,-1
657,46,1306.73,304.49,173.74,535.10,1,-1,-1,-1
657,47,795.14,408.29,83.90,237.69,1,-1,-1,-1
658,1,856.26,330.71,172.24,452.52,1,-1,-1,-1
658,40,1443.17,285.78,161.17,556.66,1,-1,-1,-1
658,42,508.36,362.92,106.23,406.75,1,-1,-1,-1
658,44,1006.89,307.50,152.48,495.09,1,-1,-1,-1
658,45,1108.81,310.24,203.19,557.02,1,-1,-1,-1
658,46,1301.52,309.35,175.67,537.27,1,-1,-1,-1
658,47,788.48,409.21,86.07,234.97,1,-1,-1,-1
659,1,854.92,327.87,174.24,449.92,1,-1,-1,-1
659,40,1443.73,282.20,161.68,570.83,1,-1,-1,-1
659,42,504.92,365.71,107.33,405.24,1,-1,-1,-1
659,44,1001.90,302.70,155.99,494.89,1,-1,-1,-1
659,45,1108.78,310.89,206.14,562.53,1,-1,-1,-1
659,46,1300.81,306.52,178.56,541.14,1,-1,-1,-1
659,47,784.45,404.11,85.95,236.67,1,-1,-1,-1
660,1,851.77,326.68,174.35,452.98,1,-1,-1,-1
660,40,1441.27,281.62,167.36,576.55,1,-1,-1,-1
660,42,502.92,366.63,108.01,405.70,1,-1,-1,-1
660,44,998.68,304.35,157.47,488.60,1,-1,-1,-1
660,45,1101.82,307.53,210.38,568.32,1,-1,-1,-1
660,46,1299.42,305.44,184.05,547.62,1,-1,-1,-1
660,47,782.75,399.98,85.01,234.94,1,-1,-1,-1
661,1,851.55,323.98,172.92,460.00,1,-1,-1,-1
661,40,1447.20,279.55,165.15,580.92,1,-1,-1,-1
661,42,499.85,364.03,106.60,407.87,1,-1,-1,-1
661,44,993.55,304.61,156.93,495.60,1,-1,-1,-1
661,45,1102.10,302.43,210.88,571.60,1,-1,-1,-1
661,46,1297.37,301.37,182.47,556.57,1,-1,-1,-1
661,47,780.64,398.42,83.32,233.65,1,-1,-1,-1
662,1,848.21,325.59,172.55,461.12,1,-1,-1,-1
662,40,1447.66,282.95,169.03,581.61,1,-1,-1,-1
662,42,493.52,361.67,105.83,414.40,1,-1,-1,-1
662,44,990.85,303.86,152.92,499.24,1,-1,-1,-1
662,45,1101.80,297.90,212.51,584.90,1,-1,-1,-1
662,46,1294.41,293.96,180.60,566.88,1,-1,-1,-1
662,47,775.41,397.69,87.72,237.82,1,-1,-1,-1
663,1,843.75,328.42,170.70,455.93,1,-1,-1,-1
663,40,1443.33,280.66,172.79,576.91,1,-1,-1,-1
663,42,485.96,358.90,105.81,420.14,1,-1,-1,-1
663,44,986.48,304.71,153.33,497.53,1,-1,-1,-1
663,45,1096.84,295.43,211.80,593.09,1,-1,-1,-1
663,46,1289.94,286.45,181.86,578.72,1,-1,-1,-1
663,47,769.99,396.61,87.98,243.47,1,-1,-1,-1
664,1,839.75,327.89,169.23,453.11,1,-1,-1,-1
664,40,1442.98,278.99,174.20,585.44,1,-1,-1,-1
664,42,477.60,354.92,107.20,425.64,1,-1,-1,-1
664,44,979.55,305.85,155.62,499.33,1,-1,-1,-1
664,45,1091.16,286.76,215.16,602.83,1,-1,-1,-1
664,46,1284.29,282.29,187.63,585.99,1,-1,-1,-1
664,47,761.08,396.48,88.49,241.88,1,-1,-1,-1
665,1,837.17,328.32,166.27,450.79,1,-1,-1,-1
665,40,1440.49,284.08,180.78,589.26,1,-1,-1,-1
665,42,469.83,354.63,108.88,425.33,1,-1,-1,-1
665,44,981.51,301.93,152.04,497.84,1,-1,-1,-1
665,45,1083.00,285.95,218.06,607.71,1,-1,-1,-1
665,46,1276.51,276.06,190.76,595.59,1,-1,-1,-1
665,47,755.34,397.90,87.73,240.91,1,-1,-1,-1
666,1,836.46,326.26,164.82,451.50,1,-1,-1,-1
666,40,1438.67,279.53,183.10,593.91,1,-1,-1,-1
666,42,463.51,354.14,108.89,428.88,1,-1,-1,-1
666,44,980.20,298.03,149.42,489.34,1,-1,-1,-1
666,45,1081.69,292.93,217.88,610.22,1,-1,-1,-1
666,46,1275.20,278.02,189.04,596.86,1,-1,-1,-1
666,47,749.92,398.67,89.81,243.42,1,-1,-1,-1
667,1,827.99,327.90,174.75,452.27,1,-1,-1,-1
667,40,1431.96,274.50,189.75,596.70,1,-1,-1,-1
667,42,457.52,353.76,109.11,431.90,1,-1,-1,-1
667,44,975.49,299.72,148.29,482.45,1,-1,-1,-1
667,45,1076.76,284.90,224.54,627.64,1,-1,-1,-1
667,46,1277.02,280.25,188.45,598.15,1,-1,-1,-1
667,47,746.58,400.71,87.91,240.75,1,-1,-1,-1
668,1,827.37,327.97,173.03,452.29,1,-1,-1,-1
668,40,1427.93,276.09,195.74,593.41,1,-1,-1,-1
668,42,449.19,351.28,110.71,435.68,1,-1,-1,-1
668,44,966.34,300.14,152.92,494.81,1,-1,-1,-1
668,45,1070.37,279.70,229.83,639.09,1,-1,-1,-1
668,46,1273.76,274.71,189.82,603.43,1,-1,-1,-1
668,47,743.53,400.61,88.95,240.36,1,-1,-1,-1
669,1,828.38,326.40,174.27,449.50,1,-1,-1,-1
669,40,1426.51,271.95,203.97,596.55,1,-1,-1,-1
669,42,442.18,350.20,111.26,436.60,1,-1,-1,-1
669,44,958.53,303.27,154.30,498.30,1,-1,-1,-1
669,45,1073.16,281.92,227.57,646.24,1,-1,-1,-1
669,46,1268.27,268.87,192.60,609.29,1,-1,-1,-1
669,47,738.61,396.30,89.90,241.86,1,-1,-1,-1
670,1,827.54,327.50,172.75,446.00,1,-1,-1,-1
670,40,1426.81,268.03,206.44,602.61,1,-1,-1,-1
670,42,436.55,350.36,112.41,436.18,1,-1,-1,-1
670,44,956.53,299.37,153.25,495.78,1,-1,-1,-1
670,45,1073.81,281.00,231.23,656.85,1,-1,-1,-1
670,46,1262.85,261.40,197.08,618.61,1,-1,-1,-1
670,47,731.43,392.61,92.98,249.87,1,-1,-1,-1
671,1,827.30,327.57,173.07,444.32,1,-1,-1,-1
671,40,1427.16,271.74,208.23,604.98,1,-1,-1,-1
671,42,432.29,346.54,112.54,440.25,1,-1,-1,-1
671,44,954.27,297.27,154.76,493.13,1,-1,-1,-1
671,45,1068.26,275.67,240.31,666.48,1,-1,-1,-1
671,46,1263.89,256.67,199.68,630.08,1,-1,-1,-1
671,47,727.37,392.68,91.80,252.90,1,-1,-1,-1
672,1,829.02,327.17,172.32,446.97,1,-1,-1,-1
672,40,1425.25,270.11,210.38,604.29,1,-1,-1,-1
672,42,429.58,343.95,112.37,448.13,1,-1,-1,-1
672,44,951.62,298.73,156.96,491.36,1,-1,-1,-1
672,45,1064.14,267.53,245.20,687.77,1,-1,-1,-1
672,46,1270.90,250.01,197.81,637.37,1,-1,-1,-1
672,47,724.34,388.56,94.46,260.67,1,-1,-1,-1
673,1,828.61,327.22,172.17,447.62,1,-1,-1,-1
673,40,1427.07,261.94,207.59,611.58,1,-1,-1,-1
673,42,425.68,346.22,114.70,449.30,1,-1,-1,-1
673,44,948.95,298.38,161.96,495.59,1,-1,-1,-1
673,45,1070.41,266.51,242.82,699.27,1,-1,-1,-1
673,46,1269.93,246.45,201.58,645.58,1,-1,-1,-1
673,47,724.49,388.31,95.40,260.97,1,-1,-1,-1
674,1,827.47,326.98,172.19,444.60,1,-1,-1,-1
674,40,1430.64,261.52,212.50,611.45,1,-1,-1,-1
674,42,423.31,343.64,115.05,458.61,1,-1,-1,-1
674,44,952.96,299.35,159.54,500.29,1,-1,-1,-1
674,45,1063.77,258.16,256.53,718.61,1,-1,-1,-1
674,46,1267.46,246.77,202.85,659.24,1,-1,-1,-1
674,47,724.13,387.69,95.12,260.43,1,-1,-1,-1
675,1,827.14,328.92,171.36,440.61,1,-1,-1,-1
675,40,1432.90,263.68,217.75,612.26,1,-1,-1,-1
675,42,418.81,347.82,116.00,456.64,1,-1,-1,-1
675,44,953.36,295.38,160.56,504.01,1,-1,-1,-1
675,45,1060.19,251.08,259.31,735.40,1,-1,-1,-1
675,46,1276.37,245.41,203.03,671.11,1,-1,-1,-1
675,47,723.11,389.78,96.86,259.22,1,-1,-1,-1
676,1,828.36,327.43,173.42,448.16,1,-1,-1,-1
676,40,1432.25,268.14,222.89,607.60,1,-1,-1,-1
676,42,414.47,351.26,116.00,453.39,1,-1,-1,-1
676,44,950.27,297.88,159.96,491.96,1,-1,-1,-1
676,45,1065.54,253.18,259.72,743.45,1,-1,-1,-1
676,46,1283.69,235.28,212.11,679.99,1,-1,-1,-1
676,47,723.19,387.58,98.01,267.68,1,-1,-1,-1
677,1,827.92,329.83,178.10,445.25,1,-1,-1,-1
677,40,1433.37,264.07,222.06,614.04,1,-1,-1,-1
677,42,412.55,347.74,117.26,456.20,1,-1,-1,-1
677,44,954.30,294.72,156.77,494.65,1,-1,-1,-1
677,45,1069.38,254.68,268.81,746.15,1,-1,-1,-1
677,46,1287.56,234.45,210.84,686.44,1,-1,-1,-1
677,47,722.07,384.02,98.14,272.03,1,-1,-1,-1
678,1,828.50,326.53,176.70,444.44,1,-1,-1,-1
678,40,1434.36,262.38,223.21,619.54,1,-1,-1,-1
678,42,410.18,342.15,119.88,462.08,1,-1,-1,-1
678,44,954.19,297.64,159.59,489.29,1,-1,-1,-1
678,45,1071.62,249.63,273.84,752.76,1,-1,-1,-1
678,46,1297.46,243.81,214.03,689.63,1,-1,-1,-1
678,47,722.52,382.74,96.01,267.81,1,-1,-1,-1
679,1,825.75,324.34,178.24,448.40,1,-1,-1,-1
679,40,1439.18,262.75,227.75,616.71,1,-1,-1,-1
679,42,408.40,342.74,120.87,462.79,1,-1,-1,-1
679,44,956.95,292.76,159.04,500.64,1,-1,-1,-1
679,45,1067.27,243.19,284.66,763.99,1,-1,-1,-1
679,46,1310.76,238.80,213.17,702.70,1,-1,-1,-1
679,47,723.79,381.81,97.89,268.78,1,-1,-1,-1
680,1,831.70,323.66,175.13,448.26,1,-1,-1,-1
680,40,1459.60,245.62,210.78,654.64,1,-1,-1,-1
680,42,407.66,346.32,123.13,462.31,1,-1,-1,-1
680,44,962.06,294.70,156.00,493.05,1,-1,-1,-1
680,45,1071.35,226.97,294.56,791.58,1,-1,-1,-1
680,46,1313.47,237.00,221.17,722.30,1,-1,-1,-1
680,47,725.99,383.44,99.93,272.57,1,-1,-1,-1
681,1,838.40,323.99,173.29,445.70,1,-1,-1,-1
681,40,1470.04,240.89,204.70,664.62,1,-1,-1,-1
681,42,408.99,349.68,123.46,464.54,1,-1,-1,-1
681,44,963.97,298.56,158.52,484.76,1,-1,-1,-1
681,45,1075.39,213.93,302.85,817.14,1,-1,-1,-1
681,46,1322.15,235.85,222.38,736.93,1,-1,-1,-1
681,47,728.04,387.35,100.89,270.21,1,-1,-1,-1
682,1,834.21,327.88,178.83,451.86,1,-1,-1,-1
682,40,1464.70,239.78,198.05,669.86,1,-1,-1,-1
682,42,411.50,345.49,123.98,469.55,1,-1,-1,-1
682,44,968.33,298.27,160.68,484.79,1,-1,-1,-1
682,45,1066.35,213.85,311.35,825.30,1,-1,-1,-1
682,46,1332.86,220.24,224.63,742.51,1,-1,-1,-1
682,47,729.19,385.48,103.42,275.17,1,-1,-1,-1
683,1,840.63,335.27,181.33,438.59,1,-1,-1,-1
683,40,1452.45,245.98,198.05,669.86,1,-1,-1,-1
683,42,413.80,341.37,125.04,475.96,1,-1,-1,-1
683,44,970.26,299.48,160.55,478.15,1,-1,-1,-1
683,45,1066.52,203.62,313.84,862.33,1,-1,-1,-1
683,46,1346.48,217.87,231.96,749.29,1,-1,-1,-1
683,47,732.60,385.40,103.40,277.92,1,-1,-1,-1
684,1,849.42,332.07,184.67,435.73,1,-1,-1,-1
684,40,1440.20,252.18,198.05,669.86,1,-1,-1,-1
684,42,415.99,344.23,126.34,476.83,1,-1,-1,-1
684,44,978.32,299.61,157.51,489.31,1,-1,-1,-1
684,45,1074.48,201.27,319.34,877.92,1,-1,-1,-1
684,46,1353.93,221.07,237.66,766.66,1,-1,-1,-1
684,47,738.35,386.68,102.49,279.66,1,-1,-1,-1
685,1,851.63,330.47,186.44,443.06,1,-1,-1,-1
685,40,1427.95,258.38,198.05,669.86,1,-1,-1,-1
685,42,420.81,340.61,126.66,476.60,1,-1,-1,-1
685,44,984.04,303.16,154.28,498.89,1,-1,-1,-1
685,45,1083.90,203.46,329.60,877.63,1,-1,-1,-1
685,46,1358.11,210.13,254.98,783.49,1,-1,-1,-1
685,47,741.58,386.78,103.13,283.40,1,-1,-1,-1
686,1,861.06,331.68,181.30,437.63,1,-1,-1,-1
686,42,424.54,336.65,127.18,480.59,1,-1,-1,-1
686,44,988.71,301.50,152.61,499.39,1,-1,-1,-1
686,45,1088.16,197.62,327.29,884.47,1,-1,-1,-1
686,46,1375.27,200.53,256.46,802.96,1,-1,-1,-1
686,47,745.65,387.72,106.33,276.47,1,-1,-1,-1
687,1,862.55,325.97,186.83,443.28,1,-1,-1,-1
687,42,429.21,336.09,125.65,484.03,1,-1,-1,-1
687,44,997.61,299.37,153.44,492.12,1,-1,-1,-1
687,45,1079.95,187.44,338.64,892.40,1,-1,-1,-1
687,46,1381.73,200.69,274.69,802.29,1,-1,-1,-1
687,47,751.45,388.95,107.64,276.84,1,-1,-1,-1
688,1,869.34,328.20,177.22,432.23,1,-1,-1,-1
688,42,433.04,329.81,128.63,486.67,1,-1,-1,-1
688,44,1004.15,292.70,152.99,504.77,1,-1,-1,-1
688,45,1086.96,182.23,340.15,897.16,1,-1,-1,-1
688,46,1391.11,195.36,291.57,813.85,1,-1,-1,-1
688,47,754.03,385.57,112.65,282.90,1,-1,-1,-1
689,1,876.47,319.72,179.45,436.27,1,-1,-1,-1
689,42,435.10,322.93,130.01,489.28,1,-1,-1,-1
689,44,1014.29,291.33,145.93,502.83,1,-1,-1,-1
689,45,1091.77,173.86,347.12,906.15,1,-1,-1,-1
689,46,1393.72,202.23,317.70,809.82,1,-1,-1,-1
689,47,759.33,378.60,112.34,286.61,1,-1,-1,-1
690,1,885.13,316.40,178.71,433.00,1,-1,-1,-1
690,42,436.81,321.02,129.09,490.48,1,-1,-1,-1
690,44,1019.86,285.83,143.95,492.24,1,-1,-1,-1
690,45,1089.76,170.52,357.60,908.56,1,-1,-1,-1
690,46,1400.97,182.72,335.76,829.62,1,-1,-1,-1
690,47,766.66,376.11,107.55,280.79,1,-1,-1,-1
691,1,891.50,306.56,175.34,439.02,1,-1,-1,-1
691,42,436.90,325.49,129.31,481.75,1,-1,-1,-1
691,44,1022.26,274.88,143.95,492.24,1,-1,-1,-1
691,45,1090.65,168.26,367.33,912.23,1,-1,-1,-1
691,46,1415.47,172.86,347.76,836.26,1,-1,-1,-1
691,47,769.88,369.88,108.71,284.58,1,-1,-1,-1
692,1,894.21,307.08,171.60,435.23,1,-1,-1,-1
692,42,436.44,317.37,130.98,490.46,1,-1,-1,-1
692,44,1024.66,263.93,143.95,492.24,1,-1,-1,-1
692,45,1098.49,154.29,382.71,925.93,1,-1,-1,-1
692,46,1420.60,179.80,362.98,848.12,1,-1,-1,-1
692,47,771.95,365.50,108.91,285.71,1,-1,-1,-1
693,1,895.61,305.79,170.83,437.03,1,-1,-1,-1
693,42,436.92,309.23,133.37,490.49,1,-1,-1,-1
693,44,1027.06,252.98,143.95,492.24,1,-1,-1,-1
693,45,1092.07,141.80,400.55,936.27,1,-1,-1,-1
693,46,1424.75,164.50,381.75,868.40,1,-1,-1,-1
693,47,773.03,359.34,110.02,288.64,1,-1,-1,-1
694,1,899.65,301.11,169.69,433.65,1,-1,-1,-1
694,42,433.42,304.82,134.93,497.01,1,-1,-1,-1
694,45,1084.59,128.77,411.58,950.01,1,-1,-1,-1
694,46,1429.50,144.09,411.68,906.62,1,-1,-1,-1
694,47,773.63,356.08,106.79,288.05,1,-1,-1,-1
695,1,902.40,301.90,176.28,423.95,1,-1,-1,-1
695,42,430.63,301.04,135.96,500.22,1,-1,-1,-1
695,45,1091.21,130.22,419.57,947.83,1,-1,-1,-1
695,46,1441.74,140.94,412.46,922.71,1,-1,-1,-1
695,47,770.34,347.77,110.30,300.48,1,-1,-1,-1
696,1,903.12,301.10,174.82,428.61,1,-1,-1,-1
696,42,428.73,295.77,138.09,498.25,1,-1,-1,-1
696,45,1103.11,114.76,407.55,966.71,1,-1,-1,-1
696,46,1447.58,120.31,419.63,953.71,1,-1,-1,-1
696,47,768.62,345.58,114.92,301.40,1,-1,-1,-1
697,1,903.99,297.07,173.55,427.62,1,-1,-1,-1
697,42,424.49,295.59,138.31,498.21,1,-1,-1,-1
697,45,1091.74,93.31,430.55,983.64,1,-1,-1,-1
697,46,1453.85,105.72,428.43,972.88,1,-1,-1,-1
697,47,766.54,337.08,117.15,308.40,1,-1,-1,-1
698,1,908.02,290.26,174.21,426.98,1,-1,-1,-1
698,42,420.48,285.58,140.40,509.47,1,-1,-1,-1
698,45,1095.66,62.05,437.65,1015.32,1,-1,-1,-1
698,46,1467.25,110.10,438.14,968.07,1,-1,-1,-1
698,47,766.73,331.79,116.48,310.64,1,-1,-1,-1
699,1,908.26,289.53,171.19,427.90,1,-1,-1,-1
699,42,419.02,278.88,143.20,513.06,1,-1,-1,-1
699,45,1104.79,39.02,442.66,1035.19,1,-1,-1,-1
699,46,1478.44,85.84,440.91,996.58,1,-1,-1,-1
699,47,769.65,328.74,114.54,309.98,1,-1,-1,-1
700,1,911.04,287.71,164.76,430.00,1,-1,-1,-1
700,42,417.55,275.86,140.96,514.07,1,-1,-1,-1
700,45,1113.30,29.37,443.88,1047.38,1,-1,-1,-1
700,46,1475.89,70.22,446.29,1004.78,1,-1,-1,-1
700,47,772.97,331.58,111.29,301.24,1,-1,-1,-1
701,1,914.68,284.54,160.94,430.63,1,-1,-1,-1
701,42,413.68,271.75,141.76,517.17,1,-1,-1,-1
701,45,1108.60,32.19,468.60,1046.20,1,-1,-1,-1
701,46,1485.77,78.96,436.08,1000.32,1,-1,-1,-1
701,47,768.49,330.08,116.97,303.66,1,-1,-1,-1
702,1,914.64,279.28,161.54,430.33,1,-1,-1,-1
702,42,407.65,265.27,144.31,530.49,1,-1,-1,-1
702,45,1108.58,18.67,472.17,1062.58,1,-1,-1,-1
702,46,1485.11,70.32,438.68,1011.64,1,-1,-1,-1
702,47,763.71,325.94,118.53,307.47,1,-1,-1,-1
703,1,916.34,277.96,154.58,423.87,1,-1,-1,-1
703,42,401.09,262.33,146.33,526.79,1,-1,-1,-1
703,45,1117.20,8.25,476.81,1069.24,1,-1,-1,-1
703,46,1478.71,57.65,441.92,1020.92,1,-1,-1,-1
703,47,759.92,321.09,120.68,311.48,1,-1,-1,-1
704,1,918.46,266.75,147.52,430.75,1,-1,-1,-1
704,42,394.86,257.15,145.89,526.31,1,-1,-1,-1
704,45,1135.66,2.80,474.00,1076.77,1,-1,-1,-1
704,46,1493.37,41.10,426.99,1037.92,1,-1,-1,-1
704,47,757.37,313.59,121.81,316.11,1,-1,-1,-1
704,48,1014.40,165.40,213.30,770.70,1,-1,-1,-1
705,1,924.53,254.00,137.36,445.56,1,-1,-1,-1
705,42,390.92,252.43,145.76,529.59,1,-1,-1,-1
705,45,1149.52,0.35,467.56,1079.03,1,-1,-1,-1
705,46,1506.04,45.33,418.18,1032.03,1,-1,-1,-1
705,47,754.67,309.43,122.71,320.72,1,-1,-1,-1
705,48,1006.21,161.06,235.21,787.15,1,-1,-1,-1
706,1,925.58,253.30,137.36,445.56,1,-1,-1,-1
706,42,386.53,243.88,149.29,536.88,1,-1,-1,-1
706,45,1174.39,0.81,454.22,1079.71,1,-1,-1,-1
706,46,1514.78,23.45,408.11,1058.82,1,-1,-1,-1
706,47,754.47,304.92,124.10,320.64,1,-1,-1,-1
706,48,999.55,147.00,241.36,820.43,1,-1,-1,-1
707,1,926.63,252.60,137.36,445.56,1,-1,-1,-1
707,42,383.51,239.67,150.42,536.26,1,-1,-1,-1
707,45,1179.72,0.94,482.91,1079.91,1,-1,-1,-1
707,46,1536.12,2.24,387.03,1073.02,1,-1,-1,-1
707,47,755.37,295.17,127.53,320.19,1,-1,-1,-1
707,48,985.98,137.45,248.74,827.83,1,-1,-1,-1
708,1,927.68,251.90,137.36,445.56,1,-1,-1,-1
708,42,381.22,229.67,149.35,540.14,1,-1,-1,-1
708,45,1184.97,0.98,518.25,1079.97,1,-1,-1,-1
708,46,1548.87,1.17,376.65,1076.78,1,-1,-1,-1
708,47,757.33,286.64,126.81,321.81,1,-1,-1,-1
708,48,971.79,123.64,256.41,849.79,1,-1,-1,-1
709,42,377.21,219.27,150.86,544.73,1,-1,-1,-1
709,45,1203.62,0.99,539.78,1079.99,1,-1,-1,-1
709,46,1587.42,1.16,335.81,1079.04,1,-1,-1,-1
709,47,758.41,280.89,125.96,323.83,1,-1,-1,-1
709,48,959.25,107.41,271.59,866.74,1,-1,-1,-1
710,42,373.23,211.68,153.27,549.19,1,-1,-1,-1
710,45,1225.70,1.00,538.32,1080.00,1,-1,-1,-1
710,46,1618.94,6.06,310.81,1074.46,1,-1,-1,-1
710,47,758.51,276.90,125.50,324.02,1,-1,-1,-1
710,48,949.54,91.76,285.25,899.68,1,-1,-1,-1
711,42,368.15,201.81,156.93,559.91,1,-1,-1,-1
711,45,1231.75,1.00,557.07,1080.00,1,-1,-1,-1
711,46,1628.04,9.81,310.81,1074.46,1,-1,-1,-1
711,47,757.58,272.38,126.55,325.97,1,-1,-1,-1
711,48,938.72,90.55,293.12,912.29,1,-1,-1,-1
712,42,365.58,198.25,158.45,561.93,1,-1,-1,-1
712,45,1226.78,1.00,621.77,1080.00,1,-1,-1,-1
712,46,1637.14,13.56,310.81,1074.46,1,-1,-1,-1
712,47,756.02,268.05,127.42,331.45,1,-1,-1,-1
712,48,924.86,57.49,304.87,982.58,1,-1,-1,-1
713,42,357.67,196.51,162.26,562.12,1,-1,-1,-1
713,45,1249.75,1.00,648.74,1080.00,1,-1,-1,-1
713,46,1646.24,17.31,310.81,1074.46,1,-1,-1,-1
713,47,754.43,262.45,129.16,343.17,1,-1,-1,-1
713,48,900.77,71.61,321.34,971.04,1,-1,-1,-1
714,42,352.08,192.81,162.78,567.92,1,-1,-1,-1
714,45,1260.89,1.00,663.41,1080.00,1,-1,-1,-1
714,47,754.71,261.21,131.43,343.19,1,-1,-1,-1
714,48,885.25,74.49,325.72,970.87,1,-1,-1,-1
715,42,352.33,190.46,162.02,567.90,1,-1,-1,-1
715,45,1277.00,1.00,648.14,1080.00,1,-1,-1,-1
715,47,753.58,254.79,132.53,348.80,1,-1,-1,-1
715,48,879.48,51.35,333.69,1010.58,1,-1,-1,-1
716,42,348.95,187.35,160.61,569.44,1,-1,-1,-1
716,45,1284.50,1.00,622.07,1080.00,1,-1,-1,-1
716,47,749.96,251.71,135.59,346.77,1,-1,-1,-1
716,48,869.57,30.80,341.89,1043.49,1,-1,-1,-1
717,42,344.92,182.34,164.80,575.43,1,-1,-1,-1
717,45,1296.48,1.00,616.28,1080.00,1,-1,-1,-1
717,47,749.63,248.39,138.61,351.20,1,-1,-1,-1
717,48,846.40,25.55,355.20,1052.60,1,-1,-1,-1
718,42,340.70,180.55,166.97,577.93,1,-1,-1,-1
718,45,1305.49,1.00,621.12,1080.00,1,-1,-1,-1
718,47,747.62,247.64,143.43,352.32,1,-1,-1,-1
718,48,828.13,19.24,354.29,1061.07,1,-1,-1,-1
719,42,333.58,182.01,170.14,582.25,1,-1,-1,-1
719,45,1316.90,8.91,604.38,1072.09,1,-1,-1,-1
719,47,748.37,241.07,134.17,357.56,1,-1,-1,-1
719,48,802.80,12.17,364.03,1067.39,1,-1,-1,-1
720,42,332.34,176.51,169.76,592.50,1,-1,-1,-1
720,45,1379.04,18.09,545.94,1064.61,1,-1,-1,-1
720,47,744.02,236.47,134.17,357.56,1,-1,-1,-1
720,48,778.17,3.54,371.29,1076.22,1,-1,-1,-1
721,42,329.96,173.38,170.00,587.60,1,-1,-1,-1
721,45,1417.19,21.74,545.94,1064.61,1,-1,-1,-1
721,47,739.67,231.87,134.17,357.56,1,-1,-1,-1
721,48,757.17,0.28,376.62,1078.87,1,-1,-1,-1
721,49,1239.10,310.70,78.60,209.10,1,-1,-1,-1
722,42,323.51,169.60,173.08,593.48,1,-1,-1,-1
722,45,1455.34,25.39,545.94,1064.61,1,-1,-1,-1
722,47,735.32,227.27,134.17,357.56,1,-1,-1,-1
722,48,731.45,0.78,385.14,1079.66,1,-1,-1,-1
722,49,1243.93,307.34,73.42,216.24,1,-1,-1,-1
722,50,1057.20,166.10,156.20,498.20,1,-1,-1,-1
723,42,316.93,164.67,173.51,608.26,1,-1,-1,-1
723,45,1493.49,29.04,545.94,1064.61,1,-1,-1,-1
723,48,697.56,0.93,403.59,1079.90,1,-1,-1,-1
723,49,1238.22,180.63,223.77,733.23,1,-1,-1,-1
723,50,1056.92,159.31,160.68,513.95,1,-1,-1,-1
724,42,314.32,159.91,175.81,611.44,1,-1,-1,-1
724,48,651.93,0.98,436.08,1079.97,1,-1,-1,-1
724,49,1267.21,179.55,253.96,730.13,1,-1,-1,-1
724,50,1055.30,155.29,164.26,515.60,1,-1,-1,-1
725,42,311.58,153.34,176.29,622.19,1,-1,-1,-1
725,48,613.16,0.99,453.24,1079.99,1,-1,-1,-1
725,49,1236.70,87.82,253.64,736.27,1,-1,-1,-1
725,50,1054.55,155.62,165.97,512.31,1,-1,-1,-1
726,42,302.25,156.20,177.70,620.94,1,-1,-1,-1
726,48,582.22,1.00,466.23,1080.00,1,-1,-1,-1
726,49,1221.37,100.18,259.56,723.41,1,-1,-1,-1
726,50,1054.01,154.84,165.29,512.30,1,-1,-1,-1
727,42,293.77,150.23,178.05,625.67,1,-1,-1,-1
727,48,555.88,1.28,474.82,1079.72,1,-1,-1,-1
727,49,1193.90,96.10,291.79,730.19,1,-1,-1,-1
727,50,1052.14,153.44,162.22,514.68,1,-1,-1,-1
728,42,282.27,149.19,180.60,623.73,1,-1,-1,-1
728,48,509.90,1.14,501.97,1079.92,1,-1,-1,-1
728,49,1172.57,107.90,303.35,732.37,1,-1,-1,-1
728,50,1048.82,150.22,158.57,518.75,1,-1,-1,-1
729,42,268.89,141.55,182.56,629.94,1,-1,-1,-1
729,48,459.24,0.98,515.64,1079.97,1,-1,-1,-1
729,49,1155.42,105.59,317.52,726.23,1,-1,-1,-1
729,50,1044.58,141.62,156.56,536.57,1,-1,-1,-1
730,42,256.85,135.44,184.13,635.86,1,-1,-1,-1
730,48,407.21,0.99,537.38,1079.99,1,-1,-1,-1
730,49,1121.05,97.90,342.92,728.52,1,-1,-1,-1
730,50,1043.50,138.23,159.39,538.55,1,-1,-1,-1
730,51,898.70,181.10,161.00,437.50,1,-1,-1,-1
731,42,244.55,110.45,182.22,656.47,1,-1,-1,-1
731,48,346.09,1.00,561.40,1080.00,1,-1,-1,-1
731,49,1105.18,95.50,346.55,725.01,1,-1,-1,-1
731,50,1042.59,130.21,159.54,561.33,1,-1,-1,-1
731,51,894.15,184.32,168.91,443.66,1,-1,-1,-1
732,42,243.76,98.92,183.61,716.83,1,-1,-1,-1
732,48,280.47,2.54,590.80,1078.46,1,-1,-1,-1
732,49,1085.51,91.56,353.09,729.83,1,-1,-1,-1
732,50,1041.24,128.81,159.86,563.48,1,-1,-1,-1
732,51,882.66,186.10,179.12,444.11,1,-1,-1,-1
733,42,250.86,142.72,183.61,716.83,1,-1,-1,-1
733,48,202.17,10.05,641.48,1071.28,1,-1,-1,-1
733,49,1070.57,84.22,341.90,729.25,1,-1,-1,-1
733,50,1042.14,119.16,159.86,563.48,1,-1,-1,-1
733,51,873.42,181.49,183.38,440.60,1,-1,-1,-1
734,42,257.96,186.52,183.61,716.83,1,-1,-1,-1
734,48,117.63,20.49,683.77,1062.05,1,-1,-1,-1
734,49,1057.88,76.93,327.90,737.47,1,-1,-1,-1
734,50,1043.04,109.51,159.86,563.48,1,-1,-1,-1
734,51,877.41,182.04,173.10,436.96,1,-1,-1,-1
735,42,265.06,230.32,183.61,716.83,1,-1,-1,-1
735,48,41.94,30.27,724.67,1052.71,1,-1,-1,-1
735,49,1037.12,82.70,310.47,736.37,1,-1,-1,-1
735,50,1043.94,99.86,159.86,563.48,1,-1,-1,-1
735,51,873.70,182.74,169.81,439.58,1,-1,-1,-1
736,48,1.07,17.70,751.57,1065.30,1,-1,-1,-1
736,49,1022.00,77.60,287.46,744.44,1,-1,-1,-1
736,51,867.36,179.29,163.99,443.23,1,-1,-1,-1
737,48,-5.17,33.79,736.61,1044.51,1,-1,-1,-1
737,49,1007.02,72.13,278.46,729.71,1,-1,-1,-1
737,51,860.49,173.62,160.71,453.22,1,-1,-1,-1
737,52,667.50,179.20,160.40,432.00,1,-1,-1,-1
738,48,-25.62,51.34,736.61,1044.51,1,-1,-1,-1
738,49,992.43,53.67,267.36,740.69,1,-1,-1,-1
738,51,846.66,179.64,162.66,446.42,1,-1,-1,-1
738,52,648.04,174.30,167.96,443.55,1,-1,-1,-1
739,48,-46.07,68.89,736.61,1044.51,1,-1,-1,-1
739,49,973.14,61.66,254.93,757.22,1,-1,-1,-1
739,51,829.09,176.67,165.35,442.76,1,-1,-1,-1
739,52,622.67,169.07,171.49,450.94,1,-1,-1,-1
740,48,-66.52,86.44,736.61,1044.51,1,-1,-1,-1
740,49,960.90,69.36,236.92,779.68,1,-1,-1,-1
740,51,815.24,178.63,162.72,441.81,1,-1,-1,-1
740,52,605.92,165.78,173.53,454.48,1,-1,-1,-1
740,53,1149.20,295.60,73.30,212.90,1,-1,-1,-1
741,49,946.26,69.66,225.15,769.54,1,-1,-1,-1
741,51,805.93,174.61,162.15,448.52,1,-1,-1,-1
741,52,589.45,168.28,179.18,458.06,1,-1,-1,-1
741,53,1144.65,291.89,78.34,223.75,1,-1,-1,-1
742,49,915.46,57.56,233.37,782.11,1,-1,-1,-1
742,51,799.24,175.53,159.38,441.58,1,-1,-1,-1
742,52,573.24,166.17,185.07,462.85,1,-1,-1,-1
742,53,1131.42,286.47,81.46,240.44,1,-1,-1,-1
743,49,885.86,58.68,248.30,794.07,1,-1,-1,-1
743,51,786.30,180.31,162.55,441.03,1,-1,-1,-1
743,52,555.43,161.21,193.00,470.09,1,-1,-1,-1
743,53,1117.80,277.62,78.90,256.72,1,-1,-1,-1
744,49,854.00,69.45,262.51,789.54,1,-1,-1,-1
744,51,778.78,176.07,161.11,443.11,1,-1,-1,-1
744,52,539.40,159.07,194.96,479.41,1,-1,-1,-1
744,53,1087.46,257.47,100.88,275.82,1,-1,-1,-1
745,49,814.46,68.39,284.20,791.96,1,-1,-1,-1
745,51,772.58,170.47,161.11,443.11,1,-1,-1,-1
745,52,522.90,159.17,199.82,486.75,1,-1,-1,-1
745,53,1064.87,242.23,107.82,293.52,1,-1,-1,-1
746,49,778.59,63.48,304.92,803.47,1,-1,-1,-1
746,51,766.38,164.87,161.11,443.11,1,-1,-1,-1
746,52,508.53,159.28,199.18,495.33,1,-1,-1,-1
746,53,1047.91,231.69,116.49,308.83,1,-1,-1,-1
747,49,747.24,63.04,317.09,809.86,1,-1,-1,-1
747,51,760.18,159.27,161.11,443.11,1,-1,-1,-1
747,52,492.32,157.73,201.57,504.41,1,-1,-1,-1
747,53,1033.49,225.86,117.48,312.52,1,-1,-1,-1
748,49,720.81,59.91,333.69,819.97,1,-1,-1,-1
748,52,476.65,154.51,206.07,515.04,1,-1,-1,-1
748,53,1025.57,228.71,126.03,311.74,1,-1,-1,-1
749,49,689.91,57.33,356.59,822.30,1,-1,-1,-1
749,52,462.45,155.64,211.13,513.26,1,-1,-1,-1
749,53,1025.07,230.92,121.25,313.95,1,-1,-1,-1
750,49,660.91,53.43,377.04,821.60,1,-1,-1,-1
750,52,447.56,151.66,215.38,525.47,1,-1,-1,-1
750,53,982.36,229.26,119.53,326.31,1,-1,-1,-1
751,49,638.04,54.49,377.22,825.03,1,-1,-1,-1
751,52,432.98,151.70,221.69,534.66,1,-1,-1,-1
751,53,952.10,233.33,116.36,332.25,1,-1,-1,-1
752,49,610.45,52.69,377.70,829.21,1,-1,-1,-1
752,52,424.37,149.84,222.89,547.15,1,-1,-1,-1
752,53,958.14,243.38,111.63,329.00,1,-1,-1,-1
752,54,1024.50,232.20,126.30,330.10,1,-1,-1,-1
753,49,586.69,31.54,366.43,882.05,1,-1,-1,-1
753,52,410.92,147.97,230.95,554.60,1,-1,-1,-1
753,53,960.40,244.36,109.23,335.44,1,-1,-1,-1
753,54,1026.18,225.27,126.09,338.99,1,-1,-1,-1
754,49,554.18,43.52,369.00,874.46,1,-1,-1,-1
754,52,401.53,144.31,232.52,567.55,1,-1,-1,-1
754,53,958.92,250.79,113.48,335.83,1,-1,-1,-1
754,54,1026.94,226.19,128.55,340.96,1,-1,-1,-1
754,55,837.20,150.50,144.00,537.80,1,-1,-1,-1
755,49,521.35,37.58,378.10,886.46,1,-1,-1,-1
755,52,394.88,143.66,235.03,578.02,1,-1,-1,-1
755,53,957.79,247.99,116.50,341.41,1,-1,-1,-1
755,54,1027.27,222.96,130.05,345.68,1,-1,-1,-1
755,55,832.65,151.48,149.53,529.82,1,-1,-1,-1
756,49,484.84,43.38,388.18,868.71,1,-1,-1,-1
756,52,390.14,142.29,227.59,589.34,1,-1,-1,-1
756,53,957.04,248.06,117.48,341.33,1,-1,-1,-1
756,54,1027.71,217.17,130.58,349.68,1,-1,-1,-1
756,55,829.33,153.00,151.75,526.94,1,-1,-1,-1
757,49,454.01,41.66,401.00,854.49,1,-1,-1,-1
757,52,380.90,138.05,220.53,607.51,1,-1,-1,-1
757,53,955.08,249.58,122.46,349.85,1,-1,-1,-1
757,54,1031.79,219.78,130.66,348.57,1,-1,-1,-1
757,55,825.77,165.46,157.10,528.94,1,-1,-1,-1
758,49,422.69,41.80,412.97,859.54,1,-1,-1,-1
758,52,368.55,142.60,220.53,607.51,1,-1,-1,-1
758,53,960.26,251.13,118.99,347.15,1,-1,-1,-1
758,54,1036.63,226.53,130.20,345.93,1,-1,-1,-1
758,55,827.64,170.13,155.14,526.39,1,-1,-1,-1
759,49,411.41,30.18,376.73,879.74,1,-1,-1,-1
759,52,356.20,147.15,220.53,607.51,1,-1,-1,-1
759,53,966.77,250.53,120.33,349.57,1,-1,-1,-1
759,54,1037.79,228.82,129.43,354.87,1,-1,-1,-1
759,55,829.03,166.38,158.89,525.91,1,-1,-1,-1
760,49,385.30,18.66,383.22,897.77,1,-1,-1,-1
760,52,343.85,151.70,220.53,607.51,1,-1,-1,-1
760,53,967.41,250.57,129.97,355.05,1,-1,-1,-1
760,54,1039.43,228.22,117.93,356.57,1,-1,-1,-1
760,55,827.97,168.10,165.06,525.34,1,-1,-1,-1
761,49,353.26,22.82,404.63,888.41,1,-1,-1,-1
761,53,968.52,252.78,134.05,353.61,1,-1,-1,-1
761,54,1047.53,234.32,118.47,350.36,1,-1,-1,-1
761,55,825.54,166.91,165.09,530.91,1,-1,-1,-1
762,49,341.15,42.45,398.10,901.49,1,-1,-1,-1
762,53,970.54,247.98,138.99,366.97,1,-1,-1,-1
762,54,1063.78,242.02,118.47,350.36,1,-1,-1,-1
762,55,825.81,168.20,163.42,525.72,1,-1,-1,-1
763,49,327.52,56.28,405.10,899.96,1,-1,-1,-1
763,53,971.93,243.58,144.81,382.53,1,-1,-1,-1
763,54,1066.36,257.82,109.88,338.56,1,-1,-1,-1
763,55,829.52,170.31,164.66,521.86,1,-1,-1,-1
763,56,700.40,208.00,163.30,443.30,1,-1,-1,-1
764,49,314.92,37.17,403.91,914.97,1,-1,-1,-1
764,53,966.58,244.14,156.77,380.41,1,-1,-1,-1
764,54,1066.84,265.92,109.88,338.56,1,-1,-1,-1
764,55,833.44,170.60,162.87,523.43,1,-1,-1,-1
764,56,706.35,203.80,161.69,451.35,1,-1,-1,-1
765,49,304.88,28.15,402.43,937.39,1,-1,-1,-1
765,53,966.68,239.54,160.22,386.63,1,-1,-1,-1
765,54,1067.31,274.02,109.88,338.56,1,-1,-1,-1
765,55,834.76,169.26,160.16,513.54,1,-1,-1,-1
765,56,710.27,210.44,161.77,449.50,1,-1,-1,-1
766,49,283.90,15.23,419.07,975.90,1,-1,-1,-1
766,53,969.89,234.78,162.66,396.90,1,-1,-1,-1
766,54,1067.79,282.12,109.88,338.56,1,-1,-1,-1
766,55,835.72,166.29,158.86,516.03,1,-1,-1,-1
766,56,707.79,205.22,168.72,455.03,1,-1,-1,-1
767,49,264.58,19.03,426.37,980.10,1,-1,-1,-1
767,53,971.19,233.90,171.44,402.64,1,-1,-1,-1
767,55,833.11,165.26,159.87,512.09,1,-1,-1,-1
767,56,709.18,201.82,166.82,452.91,1,-1,-1,-1
768,49,241.15,17.20,438.64,974.57,1,-1,-1,-1
768,53,972.57,233.56,175.47,408.07,1,-1,-1,-1
768,55,833.81,162.75,160.31,508.18,1,-1,-1,-1
768,56,711.11,204.70,168.27,446.25,1,-1,-1,-1
769,49,228.34,4.86,435.88,1004.76,1,-1,-1,-1
769,53,976.03,237.76,177.24,406.27,1,-1,-1,-1
769,55,835.51,160.77,160.23,516.45,1,-1,-1,-1
769,56,713.91,202.55,165.49,446.29,1,-1,-1,-1
770,49,220.16,12.41,436.80,998.21,1,-1,-1,-1
770,53,973.63,241.06,187.22,404.26,1,-1,-1,-1
770,55,837.66,162.15,157.41,519.78,1,-1,-1,-1
770,56,712.13,199.46,164.73,451.27,1,-1,-1,-1
771,49,203.13,14.26,444.85,997.36,1,-1,-1,-1
771,53,972.36,245.02,188.19,401.84,1,-1,-1,-1
771,55,840.07,167.00,152.85,513.84,1,-1,-1,-1
771,56,708.45,193.98,166.53,452.34,1,-1,-1,-1
772,49,186.09,10.47,443.14,1004.88,1,-1,-1,-1
772,53,970.67,241.85,187.43,407.27,1,-1,-1,-1
772,55,833.70,160.10,158.42,521.79,1,-1,-1,-1
772,56,711.65,188.98,166.72,457.21,1,-1,-1,-1
772,57,618.40,262.00,120.10,349.90,1,-1,-1,-1
773,49,158.18,6.21,434.08,998.66,1,-1,-1,-1
773,53,966.54,237.64,186.71,411.70,1,-1,-1,-1
773,55,827.57,151.38,161.06,533.07,1,-1,-1,-1
773,56,710.16,197.18,164.61,448.24,1,-1,-1,-1
773,57,612.73,260.25,119.89,354.52,1,-1,-1,-1
774,49,127.91,0.51,421.00,1001.98,1,-1,-1,-1
774,53,960.24,234.88,190.55,417.16,1,-1,-1,-1
774,55,822.58,154.84,159.97,528.82,1,-1,-1,-1
774,56,703.19,197.56,162.15,446.32,1,-1,-1,-1
774,57,598.40,256.12,129.21,356.05,1,-1,-1,-1
775,49,111.59,0.49,401.47,1007.87,1,-1,-1,-1
775,53,960.70,228.80,184.85,423.21,1,-1,-1,-1
775,55,814.96,150.73,161.95,537.07,1,-1,-1,-1
775,56,699.91,193.03,165.55,447.15,1,-1,-1,-1
775,57,594.87,249.30,127.66,360.28,1,-1,-1,-1
776,49,93.21,1.90,390.01,999.84,1,-1,-1,-1
776,53,961.36,223.15,182.50,424.95,1,-1,-1,-1
776,55,808.91,146.76,162.62,541.50,1,-1,-1,-1
776,56,699.92,184.63,162.36,448.37,1,-1,-1,-1
776,57,591.22,239.91,122.16,369.75,1,-1,-1,-1
777,49,75.55,-0.83,372.99,994.49,1,-1,-1,-1
777,53,961.24,217.47,179.84,433.53,1,-1,-1,-1
777,55,806.14,143.07,158.47,547.66,1,-1,-1,-1
777,56,685.86,181.01,171.98,457.56,1,-1,-1,-1
777,57,580.25,234.79,123.66,368.03,1,-1,-1,-1
777,58,357.80,53.00,250.70,820.10,1,-1,-1,-1
778,49,51.47,-0.18,371.46,1000.52,1,-1,-1,-1
778,53,958.02,212.84,180.65,442.68,1,-1,-1,-1
778,55,796.48,148.76,164.02,540.69,1,-1,-1,-1
778,56,674.22,185.96,177.10,457.87,1,-1,-1,-1
778,57,582.31,234.44,110.74,372.42,1,-1,-1,-1
778,58,323.78,36.69,293.96,850.20,1,-1,-1,-1
779,49,26.42,2.28,369.67,1015.21,1,-1,-1,-1
779,53,951.66,205.15,182.44,453.47,1,-1,-1,-1
779,55,788.90,151.58,164.29,537.34,1,-1,-1,-1
779,56,675.82,180.93,166.46,456.84,1,-1,-1,-1
779,57,568.65,240.99,110.15,362.61,1,-1,-1,-1
779,58,291.74,24.33,318.98,881.28,1,-1,-1,-1
779,59,1083.20,198.70,127.20,427.80,1,-1,-1,-1
780,49,0.21,4.14,364.79,1032.35,1,-1,-1,-1
780,53,948.01,203.54,181.29,462.10,1,-1,-1,-1
780,55,782.70,152.36,161.99,539.83,1,-1,-1,-1
780,56,670.11,183.96,164.53,451.98,1,-1,-1,-1
780,57,553.50,239.05,112.43,362.11,1,-1,-1,-1
780,58,278.39,34.25,319.55,885.77,1,-1,-1,-1
780,59,1074.24,187.01,140.71,447.47,1,-1,-1,-1
781,49,-7.58,4.67,348.42,1040.23,1,-1,-1,-1
781,53,943.88,196.48,176.89,473.16,1,-1,-1,-1
781,55,777.09,150.79,162.98,541.35,1,-1,-1,-1
781,56,667.74,188.13,154.64,449.05,1,-1,-1,-1
781,57,546.40,235.21,113.67,380.37,1,-1,-1,-1
781,58,269.92,29.64,321.97,905.95,1,-1,-1,-1
781,59,1067.74,184.39,153.86,454.35,1,-1,-1,-1
782,49,-4.77,2.69,316.70,1054.49,1,-1,-1,-1
782,53,945.35,196.11,171.37,473.19,1,-1,-1,-1
782,55,775.02,148.74,163.27,537.81,1,-1,-1,-1
782,56,664.92,180.64,161.05,459.17,1,-1,-1,-1
782,57,514.36,368.58,103.05,259.64,1,-1,-1,-1
782,58,254.37,35.81,337.04,884.08,1,-1,-1,-1
782,59,1065.07,183.65,160.54,460.48,1,-1,-1,-1
783,49,-6.48,4.06,289.82,1055.69,1,-1,-1,-1
783,53,950.98,203.56,165.44,470.05,1,-1,-1,-1
783,55,773.19,148.01,163.15,538.92,1,-1,-1,-1
783,56,661.34,184.00,165.01,460.73,1,-1,-1,-1
783,57,465.21,467.13,103.05,259.64,1,-1,-1,-1
783,58,242.90,25.22,342.19,908.59,1,-1,-1,-1
783,59,1056.05,181.66,166.60,465.81,1,-1,-1,-1
784,49,-0.76,2.31,264.54,1039.32,1,-1,-1,-1
784,53,951.52,203.22,163.24,475.75,1,-1,-1,-1
784,55,772.89,147.13,161.65,537.37,1,-1,-1,-1
784,56,656.71,188.39,168.85,451.33,1,-1,-1,-1
784,57,416.06,565.68,103.05,259.64,1,-1,-1,-1
784,58,240.66,22.05,333.80,933.38,1,-1,-1,-1
784,59,1054.76,178.87,168.49,483.79,1,-1,-1,-1
785,49,-1.42,-1.74,241.27,1042.45,1,-1,-1,-1
785,53,950.91,202.36,163.77,480.06,1,-1,-1,-1
785,55,773.32,143.22,161.54,542.92,1,-1,-1,-1
785,56,647.04,192.17,182.40,446.97,1,-1,-1,-1
785,57,366.91,664.23,103.05,259.64,1,-1,-1,-1
785,58,227.34,18.32,349.69,946.20,1,-1,-1,-1
785,59,1056.01,180.89,174.87,479.67,1,-1,-1,-1
786,49,-2.16,15.59,202.86,1027.02,1,-1,-1,-1
786,53,947.74,197.71,164.91,492.76,1,-1,-1,-1
786,55,771.64,142.20,162.84,535.21,1,-1,-1,-1
786,56,643.62,193.79,181.42,447.62,1,-1,-1,-1
786,58,215.38,9.11,357.89,978.47,1,-1,-1,-1
786,59,1057.07,174.19,179.02,484.10,1,-1,-1,-1
787,49,-4.32,54.55,189.66,991.93,1,-1,-1,-1
787,53,945.98,200.14,168.40,494.19,1,-1,-1,-1
787,55,771.76,138.02,161.62,534.43,1,-1,-1,-1
787,56,658.35,178.87,166.08,457.34,1,-1,-1,-1
787,58,200.00,7.30,376.66,998.37,1,-1,-1,-1
787,59,1059.66,172.90,182.02,485.08,1,-1,-1,-1
788,49,-7.72,79.20,189.66,991.93,1,-1,-1,-1
788,53,949.58,200.25,170.99,499.31,1,-1,-1,-1
788,55,772.37,141.02,162.45,533.64,1,-1,-1,-1
788,56,668.13,176.53,159.30,462.21,1,-1,-1,-1
788,58,180.51,7.24,408.40,1015.61,1,-1,-1,-1
788,59,1060.93,166.07,191.17,499.86,1,-1,-1,-1
789,49,-11.12,103.85,189.66,991.93,1,-1,-1,-1
789,53,951.70,200.49,174.08,506.30,1,-1,-1,-1
789,55,774.27,146.02,161.64,531.65,1,-1,-1,-1
789,56,672.54,183.29,158.74,463.25,1,-1,-1,-1
789,58,165.42,6.82,418.48,1054.24,1,-1,-1,-1
789,59,1068.76,161.54,183.49,518.30,1,-1,-1,-1
790,49,-14.52,128.50,189.66,991.93,1,-1,-1,-1
790,53,956.52,198.68,172.62,511.76,1,-1,-1,-1
790,55,773.60,152.65,162.87,525.74,1,-1,-1,-1
790,56,671.63,185.08,164.94,468.05,1,-1,-1,-1
790,58,148.93,8.39,430.18,1072.27,1,-1,-1,-1
790,59,1067.07,159.54,195.61,523.41,1,-1,-1,-1
791,53,965.33,194.08,180.94,525.51,1,-1,-1,-1
791,55,780.81,149.45,160.72,534.95,1,-1,-1,-1
791,56,676.68,190.00,159.38,459.89,1,-1,-1,-1
791,58,128.66,4.60,457.50,1077.68,1,-1,-1,-1
791,59,1072.67,159.68,203.93,527.60,1,-1,-1,-1
792,53,973.28,191.17,192.46,537.96,1,-1,-1,-1
792,55,788.42,151.93,165.40,533.03,1,-1,-1,-1
792,56,684.08,185.61,154.70,466.41,1,-1,-1,-1
792,58,108.02,2.08,492.43,1079.30,1,-1,-1,-1
792,59,1087.02,167.74,199.43,528.86,1,-1,-1,-1
792,60,606.50,263.20,113.40,374.70,1,-1,-1,-1
793,53,977.76,188.59,204.25,544.85,1,-1,-1,-1
793,55,793.81,153.15,166.03,530.35,1,-1,-1,-1
793,56,700.92,186.20,145.25,462.83,1,-1,-1,-1
793,58,107.18,1.32,494.51,1079.79,1,-1,-1,-1
793,59,1101.36,164.95,185.20,531.62,1,-1,-1,-1
793,60,611.05,262.78,115.78,383.45,1,-1,-1,-1
794,53,982.03,183.44,213.66,551.67,1,-1,-1,-1
794,55,803.99,149.22,167.34,542.70,1,-1,-1,-1
794,56,722.41,186.85,133.88,456.02,1,-1,-1,-1
794,58,88.37,1.10,523.55,1079.94,1,-1,-1,-1
794,59,1120.70,161.00,168.05,534.27,1,-1,-1,-1
794,60,616.62,261.83,121.60,393.36,1,-1,-1,-1
795,53,988.45,180.92,223.91,557.15,1,-1,-1,-1
795,55,814.69,154.54,169.06,543.33,1,-1,-1,-1
795,56,731.36,182.97,154.47,471.27,1,-1,-1,-1
795,58,78.21,1.03,533.60,1079.98,1,-1,-1,-1
795,59,1136.10,163.80,168.05,534.27,1,-1,-1,-1
795,60,619.99,257.32,125.52,404.80,1,-1,-1,-1
796,53,990.08,184.01,240.70,567.27,1,-1,-1,-1
796,55,826.27,157.77,167.69,544.57,1,-1,-1,-1
796,56,736.54,195.21,170.17,465.34,1,-1,-1,-1
796,58,71.00,1.01,541.30,1079.99,1,-1,-1,-1
796,59,1151.50,166.60,168.05,534.27,1,-1,-1,-1
796,60,630.41,260.56,123.13,410.40,1,-1,-1,-1
797,53,992.64,180.44,244.48,585.63,1,-1,-1,-1
797,55,832.14,164.25,169.73,541.79,1,-1,-1,-1
797,56,749.80,201.32,142.40,457.26,1,-1,-1,-1
797,58,50.24,1.00,565.59,1080.00,1,-1,-1,-1
797,59,1166.90,169.40,168.05,534.27,1,-1,-1,-1
797,60,633.56,262.09,126.82,414.39,1,-1,-1,-1
798,53,992.80,176.68,255.55,601.57,1,-1,-1,-1
798,55,838.80,175.77,170.06,533.75,1,-1,-1,-1
798,56,748.05,201.00,151.85,462.82,1,-1,-1,-1
798,58,30.20,2.96,579.25,1078.04,1,-1,-1,-1
798,60,632.50,259.64,129.54,421.61,1,-1,-1,-1
799,53,998.06,181.05,262.38,616.29,1,-1,-1,-1
799,55,849.31,177.64,166.03,527.97,1,-1,-1,-1
799,56,750.94,204.10,157.28,468.27,1,-1,-1,-1
799,58,12.98,5.16,605.81,1076.26,1,-1,-1,-1
799,60,634.33,260.72,133.99,422.30,1,-1,-1,-1
800,53,1005.57,184.20,270.37,623.72,1,-1,-1,-1
800,55,857.01,186.63,165.38,524.70,1,-1,-1,-1
800,56,752.37,207.62,158.55,464.09,1,-1,-1,-1
800,58,4.97,2.85,616.58,1078.53,1,-1,-1,-1
800,60,637.13,266.89,134.35,424.89,1,-1,-1,-1
801,53,1011.40,185.04,280.54,630.50,1,-1,-1,-1
801,55,856.09,194.29,171.48,533.45,1,-1,-1,-1
801,56,778.78,214.06,140.88,453.88,1,-1,-1,-1
801,58,-0.24,0.96,616.60,1079.56,1,-1,-1,-1
801,60,638.59,275.87,133.54,424.76,1,-1,-1,-1
802,53,1008.20,188.66,287.02,644.29,1,-1,-1,-1
802,55,857.61,194.08,166.88,531.81,1,-1,-1,-1
802,56,788.63,221.17,134.59,444.93,1,-1,-1,-1
802,58,-0.06,0.91,607.22,1079.87,1,-1,-1,-1
802,60,639.56,271.56,135.54,435.36,1,-1,-1,-1
803,53,1007.64,186.48,288.20,662.08,1,-1,-1,-1
803,55,864.09,190.76,162.76,533.34,1,-1,-1,-1
803,56,778.90,219.46,140.20,444.84,1,-1,-1,-1
803,58,-1.33,0.97,604.34,1079.96,1,-1,-1,-1
803,60,640.51,268.37,137.96,438.47,1,-1,-1,-1
804,53,1013.89,191.95,297.86,663.84,1,-1,-1,-1
804,55,871.04,188.59,164.12,528.13,1,-1,-1,-1
804,56,777.68,215.27,148.39,450.55,1,-1,-1,-1
804,58,0.29,0.99,591.22,1079.99,1,-1,-1,-1
804,60,636.60,271.40,146.46,435.69,1,-1,-1,-1
805,53,1012.80,193.51,311.54,679.77,1,-1,-1,-1
805,55,876.55,190.60,166.91,530.49,1,-1,-1,-1
805,56,780.63,216.67,148.39,450.55,1,-1,-1,-1
805,58,-1.84,1.00,579.03,1080.00,1,-1,-1,-1
805,60,639.11,270.74,145.09,442.21,1,-1,-1,-1
806,53,1013.14,176.37,314.45,714.37,1,-1,-1,-1
806,55,877.54,197.92,168.09,529.03,1,-1,-1,-1
806,56,784.37,224.39,160.02,446.18,1,-1,-1,-1
806,58,-1.62,12.55,561.58,1068.45,1,-1,-1,-1
806,60,641.04,269.08,144.47,447.24,1,-1,-1,-1
807,53,1017.83,175.77,320.93,721.32,1,-1,-1,-1
807,55,884.09,188.78,160.82,531.46,1,-1,-1,-1
807,56,791.74,228.27,160.02,446.18,1,-1,-1,-1
807,58,-2.74,10.79,526.59,1072.68,1,-1,-1,-1
807,60,641.62,267.27,144.77,454.63,1,-1,-1,-1
808,53,1029.58,182.17,321.61,721.03,1,-1,-1,-1
808,55,882.40,182.22,166.69,532.05,1,-1,-1,-1
808,56,790.28,215.66,168.20,461.66,1,-1,-1,-1
808,58,2.60,2.29,467.03,1077.81,1,-1,-1,-1
808,60,643.15,268.27,145.49,460.42,1,-1,-1,-1
808,61,506.30,251.60,169.90,478.80,1,-1,-1,-1
809,53,1034.76,156.29,315.37,754.61,1,-1,-1,-1
809,55,880.37,193.77,168.31,514.44,1,-1,-1,-1
809,56,787.29,212.96,171.56,454.48,1,-1,-1,-1
809,58,-19.45,-0.46,467.03,1077.81,1,-1,-1,-1
809,60,643.92,262.98,145.64,469.93,1,-1,-1,-1
809,61,501.05,249.29,177.25,487.55,1,-1,-1,-1
810,53,1043.79,140.07,309.37,775.39,1,-1,-1,-1
810,55,888.26,183.19,162.49,517.84,1,-1,-1,-1
810,56,787.01,205.88,167.74,460.51,1,-1,-1,-1
810,58,7.71,20.88,373.77,1058.20,1,-1,-1,-1
810,60,643.10,262.38,149.67,471.87,1,-1,-1,-1
810,61,501.04,234.08,175.68,513.13,1,-1,-1,-1
811,53,1061.78,142.47,305.05,788.00,1,-1,-1,-1
811,55,893.21,179.32,161.17,516.76,1,-1,-1,-1
811,56,786.69,213.30,162.60,452.03,1,-1,-1,-1
811,58,-11.81,28.43,373.77,1058.20,1,-1,-1,-1
811,60,646.00,262.73,149.55,477.63,1,-1,-1,-1
811,61,499.34,236.33,178.77,510.52,1,-1,-1,-1
812,53,1070.52,134.96,301.31,813.55,1,-1,-1,-1
812,55,893.30,180.79,159.02,521.62,1,-1,-1,-1
812,56,789.18,207.50,160.64,464.26,1,-1,-1,-1
812,58,-31.34,35.98,373.77,1058.20,1,-1,-1,-1
812,60,646.08,260.62,150.71,479.22,1,-1,-1,-1
812,61,498.09,240.30,177.81,511.14,1,-1,-1,-1
812,62,238.80,71.40,275.80,851.90,1,-1,-1,-1
813,53,1079.11,132.51,302.84,822.89,1,-1,-1,-1
813,55,892.64,178.71,162.79,531.83,1,-1,-1,-1
813,56,790.48,202.60,157.74,468.28,1,-1,-1,-1
813,58,-50.86,43.53,373.77,1058.20,1,-1,-1,-1
813,60,641.56,259.94,154.06,482.71,1,-1,-1,-1
813,61,498.41,237.01,174.51,513.98,1,-1,-1,-1
813,62,251.68,72.17,263.34,827.89,1,-1,-1,-1
814,53,1084.56,122.31,303.30,850.06,1,-1,-1,-1
814,55,894.43,177.35,160.77,537.48,1,-1,-1,-1
814,56,785.15,211.43,161.98,459.96,1,-1,-1,-1
814,60,637.93,255.42,158.29,492.08,1,-1,-1,-1
814,61,493.46,229.13,173.94,524.84,1,-1,-1,-1
814,62,237.46,63.25,274.86,831.61,1,-1,-1,-1
815,53,1088.45,113.36,302.81,881.52,1,-1,-1,-1
815,55,894.73,175.32,159.04,540.01,1,-1,-1,-1
815,56,783.85,217.14,162.62,456.07,1,-1,-1,-1
815,60,637.49,251.63,161.66,499.65,1,-1,-1,-1
815,61,490.32,225.03,167.96,534.19,1,-1,-1,-1
815,62,225.70,51.02,274.61,847.21,1,-1,-1,-1
816,53,1096.46,120.51,310.99,890.19,1,-1,-1,-1
816,55,895.23,175.74,159.22,539.30,1,-1,-1,-1
816,56,779.42,214.19,165.34,457.42,1,-1,-1,-1
816,60,636.74,254.39,164.84,502.56,1,-1,-1,-1
816,61,479.87,224.43,168.76,545.61,1,-1,-1,-1
816,62,210.37,54.05,290.56,845.52,1,-1,-1,-1
817,53,1101.93,118.94,313.66,911.06,1,-1,-1,-1
817,55,891.84,181.55,162.22,535.17,1,-1,-1,-1
817,56,768.68,212.17,169.23,457.27,1,-1,-1,-1
817,60,631.65,252.26,171.18,512.18,1,-1,-1,-1
817,61,466.68,224.59,177.12,552.04,1,-1,-1,-1
817,62,200.18,45.78,295.56,873.72,1,-1,-1,-1
818,53,1111.07,111.65,313.55,935.66,1,-1,-1,-1
818,55,889.04,185.40,165.42,534.84,1,-1,-1,-1
818,56,762.06,212.42,169.00,461.35,1,-1,-1,-1
818,60,627.39,249.85,175.39,520.24,1,-1,-1,-1
818,61,458.13,222.61,184.81,557.26,1,-1,-1,-1
818,62,194.61,45.00,290.27,888.76,1,-1,-1,-1
819,53,1118.72,105.59,322.89,951.58,1,-1,-1,-1
819,55,888.07,181.75,167.86,542.16,1,-1,-1,-1
819,56,756.75,213.98,172.08,462.50,1,-1,-1,-1
819,60,625.47,248.87,174.77,519.44,1,-1,-1,-1
819,61,440.10,223.49,197.61,565.41,1,-1,-1,-1
819,62,174.72,35.32,299.46,918.54,1,-1,-1,-1
819,63,1053.50,301.30,102.60,270.10,1,-1,-1,-1
820,53,1125.74,97.72,326.19,976.58,1,-1,-1,-1
820,55,889.01,183.28,163.55,533.65,1,-1,-1,-1
820,56,759.95,213.74,166.35,462.78,1,-1,-1,-1
820,60,615.37,246.80,181.30,524.73,1,-1,-1,-1
820,61,433.75,218.24,195.64,568.76,1,-1,-1,-1
820,62,167.01,24.86,298.65,950.64,1,-1,-1,-1
820,63,1052.73,299.90,102.81,270.87,1,-1,-1,-1
821,53,1119.40,81.47,358.40,999.69,1,-1,-1,-1
821,55,885.40,184.91,163.79,534.45,1,-1,-1,-1
821,56,755.96,214.71,171.57,461.39,1,-1,-1,-1
821,60,613.48,240.75,179.90,530.45,1,-1,-1,-1
821,61,431.93,210.65,195.61,576.84,1,-1,-1,-1
821,62,160.67,26.07,302.74,969.86,1,-1,-1,-1
821,63,1053.05,298.35,103.01,272.50,1,-1,-1,-1
822,53,1129.14,64.29,359.03,1013.42,1,-1,-1,-1
822,55,885.39,187.57,164.50,526.44,1,-1,-1,-1
822,56,753.60,221.06,171.52,460.98,1,-1,-1,-1
822,60,613.84,237.44,180.46,538.81,1,-1,-1,-1
822,61,422.50,214.46,197.14,589.62,1,-1,-1,-1
822,62,144.68,20.56,312.93,998.73,1,-1,-1,-1
822,63,1054.39,296.35,102.51,276.98,1,-1,-1,-1
823,53,1139.36,51.08,369.16,1027.48,1,-1,-1,-1
823,55,884.35,185.04,166.53,533.06,1,-1,-1,-1
823,56,753.01,214.02,173.33,465.12,1,-1,-1,-1
823,60,604.53,235.03,187.70,556.51,1,-1,-1,-1
823,61,410.30,214.41,199.28,591.92,1,-1,-1,-1
823,62,126.36,9.84,322.29,1026.08,1,-1,-1,-1
823,63,1054.45,295.00,104.53,278.67,1,-1,-1,-1
824,53,1135.84,52.67,398.17,1025.46,1,-1,-1,-1
824,55,888.26,185.33,162.03,532.67,1,-1,-1,-1
824,56,748.98,206.03,174.99,461.96,1,-1,-1,-1
824,60,594.93,240.82,194.56,554.26,1,-1,-1,-1
824,61,404.61,200.77,199.71,608.14,1,-1,-1,-1
824,62,112.37,10.04,336.86,1034.35,1,-1,-1,-1
824,63,1057.79,292.65,104.37,279.39,1,-1,-1,-1
825,53,1125.05,25.82,434.17,1055.66,1,-1,-1,-1
825,55,890.78,183.25,166.28,522.75,1,-1,-1,-1
825,56,745.11,204.53,179.97,461.64,1,-1,-1,-1
825,60,597.70,237.53,192.00,564.93,1,-1,-1,-1
825,61,395.46,209.32,213.49,604.12,1,-1,-1,-1
825,62,99.15,6.90,342.77,1065.96,1,-1,-1,-1
825,63,1062.07,290.75,103.20,281.71,1,-1,-1,-1
826,53,1124.82,14.31,460.30,1060.24,1,-1,-1,-1
826,55,891.93,174.95,166.92,535.88,1,-1,-1,-1
826,56,745.40,204.01,179.57,458.32,1,-1,-1,-1
826,60,593.88,238.00,195.43,568.55,1,-1,-1,-1
826,61,392.24,204.85,208.18,612.93,1,-1,-1,-1
826,62,77.94,6.34,356.44,1075.79,1,-1,-1,-1
826,63,1065.97,291.88,102.29,285.06,1,-1,-1,-1
827,53,1122.07,7.14,498.73,1072.88,1,-1,-1,-1
827,55,890.89,172.56,172.16,538.55,1,-1,-1,-1
827,56,743.09,203.13,183.09,454.39,1,-1,-1,-1
827,60,591.02,233.85,196.11,580.20,1,-1,-1,-1
827,61,389.25,196.46,204.83,629.29,1,-1,-1,-1
827,62,64.72,2.53,362.43,1078.74,1,-1,-1,-1
827,63,1069.55,292.51,102.44,287.82,1,-1,-1,-1
828,53,1122.38,6.45,544.70,1071.84,1,-1,-1,-1
828,55,894.05,171.24,172.89,540.62,1,-1,-1,-1
828,56,742.80,204.47,184.78,454.12,1,-1,-1,-1
828,60,592.75,231.44,197.85,586.15,1,-1,-1,-1
828,61,386.55,194.84,203.20,641.97,1,-1,-1,-1
828,62,48.15,1.46,374.73,1079.62,1,-1,-1,-1
828,63,1072.57,289.21,106.89,295.37,1,-1,-1,-1
829,53,1115.60,4.51,608.61,1076.71,1,-1,-1,-1
829,55,899.41,174.00,172.55,536.75,1,-1,-1,-1
829,56,742.53,203.57,189.76,464.25,1,-1,-1,-1
829,60,592.95,238.15,195.44,589.27,1,-1,-1,-1
829,61,377.80,194.49,209.64,654.59,1,-1,-1,-1
829,62,33.20,1.14,385.70,1079.89,1,-1,-1,-1
829,63,1078.60,289.78,110.54,301.55,1,-1,-1,-1
830,53,1140.57,14.17,610.07,1065.78,1,-1,-1,-1
830,55,907.09,174.81,171.67,531.89,1,-1,-1,-1
830,56,745.57,207.56,191.19,467.86,1,-1,-1,-1
830,60,588.26,237.36,201.22,604.83,1,-1,-1,-1
830,61,368.13,197.15,217.10,663.21,1,-1,-1,-1
830,62,16.45,1.04,402.22,1079.97,1,-1,-1,-1
830,63,1082.78,292.49,119.26,306.27,1,-1,-1,-1
831,53,1143.41,7.61,655.31,1075.74,1,-1,-1,-1
831,55,911.98,178.05,169.94,530.29,1,-1,-1,-1
831,56,750.54,205.88,187.14,469.43,1,-1,-1,-1
831,60,582.32,231.00,206.95,628.05,1,-1,-1,-1
831,61,364.10,195.41,216.26,675.24,1,-1,-1,-1
831,62,7.75,1.01,411.73,1079.99,1,-1,-1,-1
831,63,1090.83,296.54,119.26,306.27,1,-1,-1,-1
832,53,1152.40,9.74,682.32,1069.13,1,-1,-1,-1
832,55,916.45,184.93,167.11,524.28,1,-1,-1,-1
832,56,753.87,202.87,189.21,469.62,1,-1,-1,-1
832,60,578.51,229.68,211.60,638.23,1,-1,-1,-1
832,61,363.64,199.94,216.78,680.11,1,-1,-1,-1
832,62,2.47,1.00,417.59,1080.00,1,-1,-1,-1
832,63,1098.88,300.59,119.26,306.27,1,-1,-1,-1
833,53,1128.21,20.03,761.76,1062.39,1,-1,-1,-1
833,55,920.86,182.66,170.81,527.23,1,-1,-1,-1
833,56,758.11,211.56,189.13,465.76,1,-1,-1,-1
833,60,583.82,228.67,209.99,634.64,1,-1,-1,-1
833,61,354.93,198.11,228.62,694.94,1,-1,-1,-1
833,62,0.23,1.00,412.70,1080.00,1,-1,-1,-1
833,63,1106.93,304.64,119.26,306.27,1,-1,-1,-1
834,53,1135.90,20.96,779.71,1061.49,1,-1,-1,-1
834,55,924.73,176.73,171.15,538.69,1,-1,-1,-1
834,56,765.04,212.39,189.11,459.21,1,-1,-1,-1
834,60,578.99,222.29,221.34,650.78,1,-1,-1,-1
834,61,350.58,193.71,229.59,716.61,1,-1,-1,-1
834,62,-0.57,1.00,415.08,1080.00,1,-1,-1,-1
835,53,1157.10,23.97,768.64,1057.23,1,-1,-1,-1
835,55,930.36,179.08,171.75,536.53,1,-1,-1,-1
835,56,769.37,210.03,194.42,459.20,1,-1,-1,-1
835,60,577.53,235.88,226.21,635.81,1,-1,-1,-1
835,61,350.49,199.49,230.09,722.27,1,-1,-1,-1
835,62,1.26,1.00,410.61,1080.00,1,-1,-1,-1
836,53,1216.83,13.23,709.11,1068.69,1,-1,-1,-1
836,55,940.11,180.13,167.16,534.90,1,-1,-1,-1
836,56,776.99,217.78,194.69,460.25,1,-1,-1,-1
836,60,582.63,225.27,225.57,652.53,1,-1,-1,-1
836,61,349.52,202.57,233.74,727.40,1,-1,-1,-1
836,62,-0.03,1.00,404.65,1080.00,1,-1,-1,-1
836,64,1113.50,294.80,106.30,287.70,1,-1,-1,-1
837,53,1276.46,11.95,658.07,1066.60,1,-1,-1,-1
837,55,948.77,186.24,163.55,531.33,1,-1,-1,-1
837,56,785.63,221.11,194.49,459.66,1,-1,-1,-1
837,60,582.54,218.96,228.74,663.08,1,-1,-1,-1
837,61,349.60,201.76,235.11,737.13,1,-1,-1,-1
837,62,-0.30,1.00,419.53,1080.00,1,-1,-1,-1
837,64,1119.03,295.50,105.74,289.87,1,-1,-1,-1
838,53,1309.36,26.40,622.81,1055.05,1,-1,-1,-1
838,55,954.43,191.17,164.49,527.95,1,-1,-1,-1
838,56,791.53,218.29,193.80,459.20,1,-1,-1,-1
838,60,580.95,213.19,233.26,679.05,1,-1,-1,-1
838,61,345.96,190.22,241.05,772.46,1,-1,-1,-1
838,62,4.18,1.00,432.04,1080.00,1,-1,-1,-1
838,64,1127.14,297.11,107.32,290.59,1,-1,-1,-1
839,53,1359.86,39.66,568.76,1043.81,1,-1,-1,-1
839,55,961.45,189.22,164.36,527.56,1,-1,-1,-1
839,56,797.17,216.02,195.97,457.45,1,-1,-1,-1
839,60,580.01,214.48,241.34,682.94,1,-1,-1,-1
839,61,343.17,194.71,250.12,773.54,1,-1,-1,-1
839,62,3.68,1.00,430.33,1080.00,1,-1,-1,-1
839,64,1134.40,296.41,108.15,291.58,1,-1,-1,-1
840,53,1385.58,39.74,547.02,1043.66,1,-1,-1,-1
840,55,964.99,187.94,167.19,529.55,1,-1,-1,-1
840,56,798.05,220.36,209.36,455.59,1,-1,-1,-1
840,60,583.53,216.00,238.93,686.62,1,-1,-1,-1
840,61,342.41,192.03,252.97,784.64,1,-1,-1,-1
840,62,0.63,1.00,419.32,1080.00,1,-1,-1,-1
840,64,1140.77,293.12,108.11,294.67,1,-1,-1,-1
840,65,1330.00,359.20,25.90,83.80,1,-1,-1,-1
841,53,1374.74,164.88,319.86,797.85,1,-1,-1,-1
841,55,968.66,187.64,168.04,530.70,1,-1,-1,-1
841,56,804.51,216.85,202.39,458.68,1,-1,-1,-1
841,60,586.23,204.99,243.46,709.57,1,-1,-1,-1
841,61,335.22,171.09,269.51,805.26,1,-1,-1,-1
841,62,5.71,1.00,412.66,1080.00,1,-1,-1,-1
841,64,1149.18,291.52,105.93,296.65,1,-1,-1,-1
841,65,1335.74,359.41,26.18,83.31,1,-1,-1,-1
842,53,1329.96,197.80,262.35,732.01,1,-1,-1,-1
842,55,972.86,185.79,169.27,531.33,1,-1,-1,-1
842,56,806.19,218.99,196.80,456.24,1,-1,-1,-1
842,60,583.11,199.07,255.74,724.50,1,-1,-1,-1
842,61,326.45,161.60,279.02,804.87,1,-1,-1,-1
842,62,6.96,1.42,394.70,1079.58,1,-1,-1,-1
842,64,1155.90,290.31,106.12,299.14,1,-1,-1,-1
842,65,1352.16,359.88,26.05,86.80,1,-1,-1,-1
843,53,1381.82,214.92,259.30,704.14,1,-1,-1,-1
843,55,974.46,182.76,174.26,536.00,1,-1,-1,-1
843,56,807.22,221.40,197.15,462.09,1,-1,-1,-1
843,60,583.96,196.21,252.63,735.35,1,-1,-1,-1
843,61,323.05,156.43,284.33,807.41,1,-1,-1,-1
843,62,-2.28,10.39,389.38,1070.70,1,-1,-1,-1
843,64,1159.72,289.90,109.54,297.71,1,-1,-1,-1
843,65,1363.94,358.89,26.72,89.88,1,-1,-1,-1
844,53,1401.51,211.92,276.73,740.51,1,-1,-1,-1
844,55,977.92,173.76,175.83,537.33,1,-1,-1,-1
844,56,816.33,218.33,191.86,459.02,1,-1,-1,-1
844,60,583.57,184.37,259.61,756.52,1,-1,-1,-1
844,61,308.07,135.88,295.58,827.42,1,-1,-1,-1
844,62,6.67,34.11,369.51,1048.79,1,-1,-1,-1
844,64,1162.62,285.77,110.84,299.03,1,-1,-1,-1
844,65,1367.54,355.35,26.42,88.28,1,-1,-1,-1
845,53,1414.10,206.10,292.11,757.23,1,-1,-1,-1
845,55,984.77,170.81,170.14,526.18,1,-1,-1,-1
845,56,824.38,201.84,189.86,460.20,1,-1,-1,-1
845,60,583.86,170.02,265.97,779.12,1,-1,-1,-1
845,61,301.11,125.30,301.61,849.11,1,-1,-1,-1
845,62,7.32,25.84,342.34,1059.86,1,-1,-1,-1
845,64,1169.06,282.00,107.52,299.43,1,-1,-1,-1
845,65,1371.76,349.24,26.62,90.05,1,-1,-1,-1
845,66,1729.40,343.10,38.80,113.60,1,-1,-1,-1
846,53,1429.35,202.66,290.49,759.87,1,-1,-1,-1
846,55,988.21,170.50,169.90,523.11,1,-1,-1,-1
846,56,825.33,188.26,193.25,465.59,1,-1,-1,-1
846,60,583.37,174.63,265.92,778.27,1,-1,-1,-1
846,61,302.46,116.43,300.20,867.65,1,-1,-1,-1
846,62,7.27,13.70,298.98,1064.93,1,-1,-1,-1
846,64,1175.44,273.54,105.83,307.25,1,-1,-1,-1
846,65,1376.55,347.54,26.54,86.86,1,-1,-1,-1
846,66,1734.37,338.90,37.54,116.05,1,-1,-1,-1
847,53,1449.35,187.82,286.37,782.08,1,-1,-1,-1
847,55,987.00,160.98,170.46,522.75,1,-1,-1,-1
847,56,825.97,186.29,196.85,466.09,1,-1,-1,-1
847,60,578.91,166.07,272.21,814.20,1,-1,-1,-1
847,61,300.38,104.24,295.65,892.05,1,-1,-1,-1
847,62,3.44,16.48,287.79,1063.44,1,-1,-1,-1
847,64,1178.05,270.37,106.23,304.34,1,-1,-1,-1
847,65,1376.92,343.28,27.56,93.19,1,-1,-1,-1
847,66,1739.47,331.25,37.86,117.76,1,-1,-1,-1
848,53,1458.13,179.78,287.16,791.12,1,-1,-1,-1
848,55,984.42,151.05,170.35,528.74,1,-1,-1,-1
848,56,821.27,179.89,201.02,472.75,1,-1,-1,-1
848,60,579.43,155.48,268.56,837.79,1,-1,-1,-1
848,61,293.37,96.94,304.23,901.53,1,-1,-1,-1
848,62,8.63,10.00,277.72,1071.32,1,-1,-1,-1
848,64,1181.42,267.35,104.60,306.34,1,-1,-1,-1
848,65,1377.67,340.89,27.24,95.16,1,-1,-1,-1
848,66,1742.98,327.77,37.82,116.39,1,-1,-1,-1
848,67,1419.90,325.20,42.50,118.40,1,-1,-1,-1
849,53,1468.32,164.34,286.49,839.34,1,-1,-1,-1
849,55,980.94,150.99,172.97,527.94,1,-1,-1,-1
849,56,821.47,188.34,198.34,468.72,1,-1,-1,-1
849,60,578.58,148.84,268.03,836.54,1,-1,-1,-1
849,61,277.98,83.82,317.51,905.57,1,-1,-1,-1
849,62,6.23,4.05,277.72,1071.32,1,-1,-1,-1
849,64,1180.58,263.48,107.19,312.05,1,-1,-1,-1
849,65,1377.24,342.14,26.16,89.73,1,-1,-1,-1
849,66,1750.31,330.60,37.60,110.80,1,-1,-1,-1
849,67,1423.54,325.06,38.37,116.58,1,-1,-1,-1
850,53,1479.97,178.22,284.68,827.27,1,-1,-1,-1
850,55,980.36,147.41,171.73,528.26,1,-1,-1,-1
850,56,819.14,194.10,199.64,465.28,1,-1,-1,-1
850,60,573.18,143.08,273.61,850.16,1,-1,-1,-1
850,61,265.38,86.19,326.53,929.95,1,-1,-1,-1
850,62,3.83,-1.90,277.72,1071.32,1,-1,-1,-1
850,64,1179.84,260.52,104.68,309.29,1,-1,-1,-1
850,65,1371.05,338.03,24.72,85.30,1,-1,-1,-1
850,66,1758.66,330.50,37.60,110.80,1,-1,-1,-1
850,67,1423.56,322.12,37.13,116.87,1,-1,-1,-1
851,53,1482.47,164.22,316.40,860.96,1,-1,-1,-1
851,55,981.82,142.91,169.40,528.08,1,-1,-1,-1
851,56,821.26,178.21,194.57,468.30,1,-1,-1,-1
851,60,553.54,128.41,291.17,898.56,1,-1,-1,-1
851,61,254.98,73.31,318.88,980.25,1,-1,-1,-1
851,62,1.43,-7.85,277.72,1071.32,1,-1,-1,-1
851,64,1178.97,258.16,103.50,306.64,1,-1,-1,-1
851,65,1366.55,332.12,25.55,82.01,1,-1,-1,-1
851,66,1767.01,330.40,37.60,110.80,1,-1,-1,-1
851,67,1420.39,316.62,37.04,118.92,1,-1,-1,-1
852,53,1504.56,163.06,308.49,873.17,1,-1,-1,-1
852,55,983.59,140.47,170.17,517.52,1,-1,-1,-1
852,56,822.90,167.94,191.51,466.90,1,-1,-1,-1
852,60,539.65,114.86,300.57,934.57,1,-1,-1,-1
852,61,237.86,53.00,327.99,1005.62,1,-1,-1,-1
852,64,1178.99,253.49,102.31,305.70,1,-1,-1,-1
852,65,1370.34,329.44,24.88,81.79,1,-1,-1,-1
852,66,1775.36,330.30,37.60,110.80,1,-1,-1,-1
852,67,1418.87,313.26,36.45,117.44,1,-1,-1,-1
853,53,1507.61,144.29,311.86,905.81,1,-1,-1,-1
853,55,983.09,131.55,170.82,531.30,1,-1,-1,-1
853,56,819.67,166.64,190.73,468.51,1,-1,-1,-1
853,60,532.41,103.88,305.84,954.05,1,-1,-1,-1
853,61,223.59,33.36,347.74,1039.84,1,-1,-1,-1
853,64,1176.65,244.83,101.67,312.84,1,-1,-1,-1
853,65,1371.11,324.45,25.81,87.40,1,-1,-1,-1
853,67,1416.68,310.37,37.19,117.34,1,-1,-1,-1
854,53,1517.61,138.74,310.14,914.97,1,-1,-1,-1
854,55,978.42,130.01,172.35,534.03,1,-1,-1,-1
854,56,811.97,171.16,191.76,460.24,1,-1,-1,-1
854,60,532.73,97.00,314.28,969.21,1,-1,-1,-1
854,61,203.31,24.55,355.06,1054.02,1,-1,-1,-1
854,64,1175.60,239.11,100.36,322.82,1,-1,-1,-1
854,65,1362.97,320.27,38.05,91.88,1,-1,-1,-1
854,67,1414.83,308.29,37.13,117.38,1,-1,-1,-1
855,53,1529.64,134.61,313.75,930.18,1,-1,-1,-1
855,55,976.28,128.28,170.63,530.93,1,-1,-1,-1
855,56,808.17,166.13,191.37,462.31,1,-1,-1,-1
855,60,527.88,96.41,327.73,956.18,1,-1,-1,-1
855,61,182.72,10.44,364.68,1068.99,1,-1,-1,-1
855,64,1173.08,236.68,102.49,321.97,1,-1,-1,-1
855,65,1366.52,319.43,31.30,89.93,1,-1,-1,-1
855,67,1414.22,305.39,37.32,119.63,1,-1,-1,-1
856,53,1531.88,111.01,333.39,965.12,1,-1,-1,-1
856,55,975.37,127.09,168.65,530.49,1,-1,-1,-1
856,56,809.27,160.71,190.41,469.02,1,-1,-1,-1
856,60,517.68,79.83,333.17,973.41,1,-1,-1,-1
856,61,159.78,8.89,380.30,1069.35,1,-1,-1,-1
856,64,1167.95,231.95,104.18,326.12,1,-1,-1,-1
856,65,1366.84,314.18,28.29,92.64,1,-1,-1,-1
856,67,1411.40,301.38,37.38,120.31,1,-1,-1,-1
857,53,1536.33,91.62,341.73,985.55,1,-1,-1,-1
857,55,972.01,126.91,167.50,529.10,1,-1,-1,-1
857,56,803.61,165.16,191.17,458.93,1,-1,-1,-1
857,60,504.55,76.77,343.48,974.17,1,-1,-1,-1
857,61,133.32,25.25,379.95,1055.80,1,-1,-1,-1
857,64,1164.96,231.09,104.96,322.33,1,-1,-1,-1
857,65,1362.38,308.07,27.11,94.01,1,-1,-1,-1
857,67,1406.40,298.49,37.74,120.58,1,-1,-1,-1
858,53,1544.64,80.52,347.10,997.20,1,-1,-1,-1
858,55,968.50,125.75,168.90,530.15,1,-1,-1,-1
858,56,796.01,157.36,195.18,462.55,1,-1,-1,-1
858,60,484.11,49.88,352.73,1013.04,1,-1,-1,-1
858,61,84.40,28.07,415.69,1055.87,1,-1,-1,-1
858,64,1164.11,228.85,102.40,321.89,1,-1,-1,-1
858,65,1359.09,306.14,25.98,89.80,1,-1,-1,-1
858,67,1402.84,296.45,38.48,119.12,1,-1,-1,-1
859,53,1547.53,79.81,361.31,999.02,1,-1,-1,-1
859,55,963.57,119.93,172.68,532.14,1,-1,-1,-1
859,56,793.77,152.11,195.12,463.77,1,-1,-1,-1
859,60,465.07,31.80,376.02,1041.22,1,-1,-1,-1
859,61,66.22,21.61,425.01,1059.39,1,-1,-1,-1
859,64,1160.69,222.36,104.78,324.56,1,-1,-1,-1
859,65,1358.13,304.24,25.57,88.05,1,-1,-1,-1
859,67,1398.87,293.19,38.49,119.95,1,-1,-1,-1
860,53,1552.37,74.14,367.32,1006.57,1,-1,-1,-1
860,55,961.24,115.90,172.48,529.10,1,-1,-1,-1
860,56,796.03,144.58,187.34,480.59,1,-1,-1,-1
860,60,457.79,35.06,376.15,1043.31,1,-1,-1,-1
860,61,54.84,6.43,422.83,1073.82,1,-1,-1,-1
860,64,1158.37,217.76,105.77,325.15,1,-1,-1,-1
860,65,1357.05,300.99,24.75,87.25,1,-1,-1,-1
860,67,1394.63,289.79,37.52,117.95,1,-1,-1,-1
860,68,1339.30,303.40,25.40,82.70,1,-1,-1,-1
861,53,1566.38,65.89,356.95,1013.52,1,-1,-1,-1
861,55,961.82,116.21,173.55,531.62,1,-1,-1,-1
861,56,793.57,143.33,192.28,478.64,1,-1,-1,-1
861,60,444.19,27.21,377.23,1054.36,1,-1,-1,-1
861,61,26.45,-0.24,429.18,1078.15,1,-1,-1,-1
861,64,1156.90,215.73,106.00,325.18,1,-1,-1,-1
861,65,1358.61,296.48,24.51,88.12,1,-1,-1,-1
861,67,1391.70,285.48,37.44,117.57,1,-1,-1,-1
861,68,1342.24,300.25,25.75,83.19,1,-1,-1,-1
862,53,1588.60,59.22,335.70,1020.30,1,-1,-1,-1
862,55,967.65,114.52,168.12,532.45,1,-1,-1,-1
862,56,792.68,137.78,186.97,472.59,1,-1,-1,-1
862,60,424.72,14.96,409.20,1063.98,1,-1,-1,-1
862,61,10.78,0.63,429.75,1079.44,1,-1,-1,-1
862,64,1161.02,210.26,100.82,331.92,1,-1,-1,-1
862,65,1365.91,293.74,25.27,88.88,1,-1,-1,-1
862,67,1391.64,284.25,38.04,118.29,1,-1,-1,-1
862,68,1344.25,298.13,25.23,81.03,1,-1,-1,-1
862,69,1449.10,303.00,26.80,67.60,1,-1,-1,-1
863,53,1610.55,64.64,315.33,1014.91,1,-1,-1,-1
863,55,970.94,110.03,166.15,533.11,1,-1,-1,-1
863,56,793.20,141.17,185.66,465.74,1,-1,-1,-1
863,60,409.47,4.61,422.08,1074.42,1,-1,-1,-1
863,61,0.35,0.89,430.00,1079.83,1,-1,-1,-1
863,64,1163.72,206.95,100.60,336.38,1,-1,-1,-1
863,65,1368.53,292.63,25.71,89.87,1,-1,-1,-1
863,67,1391.41,284.00,39.34,116.55,1,-1,-1,-1
863,68,1345.74,297.15,25.00,81.99,1,-1,-1,-1
863,69,1452.11,300.62,28.27,69.42,1,-1,-1,-1
864,53,1617.08,63.68,308.38,1018.47,1,-1,-1,-1
864,55,967.25,118.67,167.23,523.58,1,-1,-1,-1
864,56,798.69,139.66,180.86,467.74,1,-1,-1,-1
864,60,397.86,0.46,426.64,1078.33,1,-1,-1,-1
864,61,-2.93,0.97,411.17,1079.95,1,-1,-1,-1
864,64,1165.94,205.62,100.60,338.08,1,-1,-1,-1
864,65,1372.95,291.05,26.47,96.40,1,-1,-1,-1
864,67,1392.43,282.32,37.98,118.19,1,-1,-1,-1
864,68,1347.94,294.53,30.95,87.04,1,-1,-1,-1
864,69,1456.02,297.95,27.52,69.69,1,-1,-1,-1
865,53,1636.39,43.96,286.13,1036.27,1,-1,-1,-1
865,55,969.53,116.43,163.15,522.20,1,-1,-1,-1
865,56,797.35,140.63,178.86,466.80,1,-1,-1,-1
865,60,383.96,0.67,442.29,1079.50,1,-1,-1,-1
865,61,-4.23,0.99,405.94,1079.98,1,-1,-1,-1
865,64,1166.63,203.94,102.98,338.51,1,-1,-1,-1
865,65,1382.80,293.30,26.47,96.40,1,-1,-1,-1
865,67,1396.81,281.35,37.71,117.50,1,-1,-1,-1
865,68,1356.20,293.69,26.85,85.68,1,-1,-1,-1
865,69,1454.18,297.84,26.95,65.64,1,-1,-1,-1
866,53,1679.43,68.33,246.35,1008.85,1,-1,-1,-1
866,55,973.85,109.63,164.17,522.48,1,-1,-1,-1
866,56,797.81,137.18,177.63,473.80,1,-1,-1,-1
866,60,369.67,0.90,451.40,1079.85,1,-1,-1,-1
866,61,-0.48,1.00,369.09,1080.00,1,-1,-1,-1
866,64,1169.26,202.21,102.15,340.88,1,-1,-1,-1
866,65,1392.65,295.55,26.47,96.40,1,-1,-1,-1
866,67,1399.49,278.02,36.86,117.43,1,-1,-1,-1
866,68,1362.20,290.95,25.70,88.91,1,-1,-1,-1
866,69,1457.29,293.66,26.00,71.98,1,-1,-1,-1
866,70,1616.50,277.50,33.40,105.80,1,-1,-1,-1
867,53,1716.25,109.91,213.28,976.97,1,-1,-1,-1
867,55,976.31,110.65,163.56,520.53,1,-1,-1,-1
867,56,798.81,135.91,176.14,469.32,1,-1,-1,-1
867,60,350.40,0.97,464.42,1079.95,1,-1,-1,-1
867,61,-3.08,1.00,356.71,1080.00,1,-1,-1,-1
867,64,1172.80,202.36,101.21,344.96,1,-1,-1,-1
867,65,1402.50,297.80,26.47,96.40,1,-1,-1,-1
867,67,1398.30,277.79,38.43,117.76,1,-1,-1,-1
867,68,1362.06,291.07,26.19,90.51,1,-1,-1,-1
867,69,1456.12,295.47,26.42,66.32,1,-1,-1,-1
867,70,1618.39,277.50,34.66,109.09,1,-1,-1,-1
867,71,1334.20,290.20,26.10,90.20,1,-1,-1,-1
868,53,1731.35,126.81,213.28,976.97,1,-1,-1,-1
868,55,978.60,111.20,161.07,521.42,1,-1,-1,-1
868,56,798.60,136.90,178.56,475.05,1,-1,-1,-1
868,60,325.98,0.99,475.05,1079.99,1,-1,-1,-1
868,61,31.20,1.00,304.62,1080.00,1,-1,-1,-1
868,64,1175.38,204.82,99.45,344.50,1,-1,-1,-1
868,65,1419.24,288.40,29.08,97.17,1,-1,-1,-1
868,67,1399.28,277.20,38.69,118.56,1,-1,-1,-1
868,68,1360.14,290.95,26.62,92.39,1,-1,-1,-1
868,69,1453.77,294.24,27.18,65.89,1,-1,-1,-1
868,70,1620.53,276.74,34.69,107.77,1,-1,-1,-1
868,71,1332.31,289.57,26.59,89.64,1,-1,-1,-1
869,53,1746.45,143.71,213.28,976.97,1,-1,-1,-1
869,55,979.63,113.49,160.11,517.63,1,-1,-1,-1
869,56,797.22,139.51,178.17,480.54,1,-1,-1,-1
869,60,295.98,1.00,487.89,1080.00,1,-1,-1,-1
869,61,26.63,1.00,294.74,1080.00,1,-1,-1,-1
869,64,1176.80,205.66,100.12,344.85,1,-1,-1,-1
869,65,1431.34,286.36,29.08,97.17,1,-1,-1,-1
869,67,1400.19,273.47,39.54,122.65,1,-1,-1,-1
869,68,1364.86,291.99,27.24,85.47,1,-1,-1,-1
869,69,1456.52,292.80,28.10,66.46,1,-1,-1,-1
869,70,1621.76,273.70,34.77,107.30,1,-1,-1,-1
869,71,1330.55,289.48,26.67,88.07,1,-1,-1,-1
870,53,1761.55,160.61,213.28,976.97,1,-1,-1,-1
870,55,979.16,114.49,160.73,517.61,1,-1,-1,-1
870,56,794.70,141.66,179.03,482.05,1,-1,-1,-1
870,60,243.31,10.03,524.30,1070.97,1,-1,-1,-1
870,61,12.90,1.00,279.73,1080.00,1,-1,-1,-1
870,64,1175.56,201.62,102.97,351.11,1,-1,-1,-1
870,65,1443.44,284.32,29.08,97.17,1,-1,-1,-1
870,67,1401.87,272.98,38.67,120.65,1,-1,-1,-1
870,68,1362.97,288.83,27.00,89.55,1,-1,-1,-1
870,69,1455.95,292.37,28.17,64.53,1,-1,-1,-1
870,70,1623.30,273.82,35.84,105.76,1,-1,-1,-1
870,71,1330.71,289.82,26.69,86.55,1,-1,-1,-1
871,55,974.48,119.11,167.71,522.78,1,-1,-1,-1
871,56,798.54,149.34,177.33,477.12,1,-1,-1,-1
871,60,207.97,6.48,540.96,1076.45,1,-1,-1,-1
871,61,14.54,14.58,257.45,1066.42,1,-1,-1,-1
871,64,1177.19,205.76,100.54,347.53,1,-1,-1,-1
871,65,1455.54,282.28,29.08,97.17,1,-1,-1,-1
871,67,1403.47,272.96,38.62,120.83,1,-1,-1,-1
871,68,1362.62,291.17,28.54,87.28,1,-1,-1,-1
871,69,1457.37,292.15,27.98,66.05,1,-1,-1,-1
871,70,1624.15,274.15,35.95,105.86,1,-1,-1,-1
871,71,1330.51,290.38,26.70,86.66,1,-1,-1,-1
871,72,1801.80,266.80,38.10,116.50,1,-1,-1,-1
871,73,1862.60,272.70,38.80,91.60,1,-1,-1,-1
872,55,976.58,122.32,161.19,528.95,1,-1,-1,-1
872,56,803.27,159.60,170.52,477.24,1,-1,-1,-1
872,60,170.47,15.87,552.26,1063.96,1,-1,-1,-1
872,61,10.84,24.28,257.45,1066.42,1,-1,-1,-1
872,64,1179.59,210.96,100.09,346.32,1,-1,-1,-1
872,67,1403.64,275.17,38.96,123.12,1,-1,-1,-1
872,68,1365.83,292.02,28.58,85.96,1,-1,-1,-1
872,69,1459.66,293.41,27.36,68.11,1,-1,-1,-1
872,70,1625.22,275.91,35.43,104.98,1,-1,-1,-1
872,71,1331.38,290.96,26.98,87.81,1,-1,-1,-1
872,72,1801.24,266.87,38.66,117.48,1,-1,-1,-1
872,73,1861.41,272.21,39.64,96.92,1,-1,-1,-1
873,55,976.57,122.98,162.32,528.08,1,-1,-1,-1
873,56,802.11,163.07,170.44,475.25,1,-1,-1,-1
873,60,132.02,10.24,574.20,1073.44,1,-1,-1,-1
873,61,7.14,33.98,257.45,1066.42,1,-1,-1,-1
873,64,1179.14,214.26,102.34,346.17,1,-1,-1,-1
873,67,1403.30,277.55,39.55,122.13,1,-1,-1,-1
873,68,1363.62,293.17,28.31,83.61,1,-1,-1,-1
873,69,1458.70,295.40,27.53,65.93,1,-1,-1,-1
873,70,1626.76,277.15,35.34,104.71,1,-1,-1,-1
873,71,1332.49,292.01,26.64,86.47,1,-1,-1,-1
873,72,1802.63,266.85,39.95,117.49,1,-1,-1,-1
873,73,1861.07,273.41,39.54,97.96,1,-1,-1,-1
874,55,977.07,126.39,161.75,524.03,1,-1,-1,-1
874,56,799.98,166.95,172.79,469.06,1,-1,-1,-1
874,60,90.38,5.00,603.74,1073.97,1,-1,-1,-1
874,61,19.37,38.72,196.23,1051.01,1,-1,-1,-1
874,64,1179.90,213.55,102.80,350.81,1,-1,-1,-1
874,67,1403.91,276.69,39.65,122.04,1,-1,-1,-1
874,68,1360.86,292.11,27.25,88.85,1,-1,-1,-1
874,69,1457.00,295.39,27.58,65.63,1,-1,-1,-1
874,70,1628.37,277.08,35.59,105.40,1,-1,-1,-1
874,71,1332.55,291.32,26.96,87.82,1,-1,-1,-1
874,72,1807.77,265.59,41.52,118.83,1,-1,-1,-1
874,73,1861.38,271.85,39.23,97.43,1,-1,-1,-1
875,55,976.37,128.25,162.55,525.06,1,-1,-1,-1
875,56,800.06,168.55,169.93,462.23,1,-1,-1,-1
875,60,17.73,13.47,651.38,1067.41,1,-1,-1,-1
875,61,7.46,41.42,196.23,1051.01,1,-1,-1,-1
875,64,1181.59,213.59,104.41,352.90,1,-1,-1,-1
875,67,1404.21,276.62,39.90,120.96,1,-1,-1,-1
875,68,1358.74,293.86,27.01,89.59,1,-1,-1,-1
875,69,1454.42,296.32,27.80,62.74,1,-1,-1,-1
875,70,1629.11,276.54,34.62,106.10,1,-1,-1,-1
875,71,1334.53,292.76,26.22,87.32,1,-1,-1,-1
875,72,1814.23,266.22,41.16,120.21,1,-1,-1,-1
875,73,1861.33,270.49,39.63,100.28,1,-1,-1,-1
875,74,1136.60,282.90,45.80,124.20,1,-1,-1,-1
876,55,976.28,130.19,160.70,523.83,1,-1,-1,-1
876,56,800.68,164.83,169.28,463.54,1,-1,-1,-1
876,60,-8.41,12.34,653.98,1070.06,1,-1,-1,-1
876,61,-4.46,44.12,196.23,1051.01,1,-1,-1,-1
876,64,1182.92,212.67,104.33,357.03,1,-1,-1,-1
876,67,1404.94,277.49,40.18,120.22,1,-1,-1,-1
876,68,1364.47,294.21,27.21,85.68,1,-1,-1,-1
876,69,1454.02,295.85,27.31,63.06,1,-1,-1,-1
876,70,1628.97,276.37,34.82,106.59,1,-1,-1,-1
876,71,1335.02,293.06,26.14,88.00,1,-1,-1,-1
876,72,1817.59,267.58,41.61,121.39,1,-1,-1,-1
876,73,1862.11,271.61,38.91,103.02,1,-1,-1,-1
876,74,1137.37,284.79,45.66,119.65,1,-1,-1,-1
877,55,973.78,134.89,161.33,527.87,1,-1,-1,-1
877,56,800.04,169.14,172.09,465.75,1,-1,-1,-1
877,60,-4.33,24.62,645.67,1055.81,1,-1,-1,-1
877,61,-16.38,46.82,196.23,1051.01,1,-1,-1,-1
877,64,1182.68,210.34,104.52,360.79,1,-1,-1,-1
877,67,1405.19,279.26,39.56,117.90,1,-1,-1,-1
877,68,1367.45,293.31,27.34,84.08,1,-1,-1,-1
877,69,1456.33,296.18,27.44,62.88,1,-1,-1,-1
877,70,1629.71,276.93,34.45,105.90,1,-1,-1,-1
877,71,1333.98,292.41,26.04,88.70,1,-1,-1,-1
877,72,1820.19,268.74,41.04,122.10,1,-1,-1,-1
877,73,1861.49,272.72,38.06,105.11,1,-1,-1,-1
877,74,1136.99,285.33,47.30,120.18,1,-1,-1,-1
878,55,972.02,141.00,159.98,525.30,1,-1,-1,-1
878,56,798.06,166.31,172.66,467.05,1,-1,-1,-1
878,60,-2.28,20.13,648.00,1063.92,1,-1,-1,-1
878,64,1182.53,209.40,105.84,361.85,1,-1,-1,-1
878,67,1404.33,279.65,39.66,117.34,1,-1,-1,-1
878,68,1365.92,293.58,27.52,83.88,1,-1,-1,-1
878,69,1457.59,296.32,28.39,64.29,1,-1,-1,-1
878,70,1628.32,275.86,35.33,105.34,1,-1,-1,-1
878,71,1332.90,292.27,25.59,87.65,1,-1,-1,-1
878,72,1822.02,271.17,41.01,121.40,1,-1,-1,-1
878,73,1858.76,273.59,38.72,106.29,1,-1,-1,-1
878,74,1135.29,285.77,47.58,120.89,1,-1,-1,-1
878,75,565.10,137.90,185.60,527.20,1,-1,-1,-1
879,55,971.85,139.25,157.19,520.26,1,-1,-1,-1
879,56,795.91,161.08,173.04,475.55,1,-1,-1,-1
879,60,0.78,4.08,610.97,1075.18,1,-1,-1,-1
879,64,1182.08,207.10,108.89,365.45,1,-1,-1,-1
879,67,1403.17,278.88,39.62,117.73,1,-1,-1,-1
879,68,1362.01,293.25,26.46,87.47,1,-1,-1,-1
879,69,1456.88,296.69,28.75,63.53,1,-1,-1,-1
879,70,1626.28,274.63,35.59,106.92,1,-1,-1,-1
879,71,1331.07,291.75,25.74,87.55,1,-1,-1,-1
879,72,1820.73,272.60,41.00,118.95,1,-1,-1,-1
879,73,1855.62,272.88,39.06,107.21,1,-1,-1,-1
879,74,1135.06,285.69,46.75,120.06,1,-1,-1,-1
879,75,559.29,136.50,187.21,528.18,1,-1,-1,-1
880,55,970.04,137.15,156.85,517.70,1,-1,-1,-1
880,56,794.14,163.99,173.29,474.40,1,-1,-1,-1
880,60,7.83,0.04,550.37,1078.55,1,-1,-1,-1
880,64,1180.85,204.71,112.19,366.05,1,-1,-1,-1
880,67,1401.68,278.23,39.54,117.99,1,-1,-1,-1
880,68,1360.08,293.50,28.03,87.00,1,-1,-1,-1
880,69,1457.09,296.68,29.27,63.16,1,-1,-1,-1
880,70,1625.67,274.13,35.04,107.05,1,-1,-1,-1
880,71,1330.34,291.87,26.13,88.07,1,-1,-1,-1
880,72,1813.01,274.95,39.67,112.33,1,-1,-1,-1
880,73,1838.33,272.15,37.27,111.96,1,-1,-1,-1
880,74,1134.83,283.91,46.23,121.56,1,-1,-1,-1
880,75,542.03,137.09,200.78,530.15,1,-1,-1,-1
881,55,963.59,138.50,160.45,510.77,1,-1,-1,-1
881,56,791.85,156.84,174.70,479.86,1,-1,-1,-1
881,60,-6.12,0.04,550.37,1078.55,1,-1,-1,-1
881,64,1182.11,201.93,112.62,367.41,1,-1,-1,-1
881,67,1401.77,277.70,38.67,117.93,1,-1,-1,-1
881,68,1359.15,291.34,27.59,91.76,1,-1,-1,-1
881,69,1456.99,297.40,28.17,63.19,1,-1,-1,-1
881,70,1624.68,273.58,34.03,106.03,1,-1,-1,-1
881,71,1332.98,291.07,26.81,89.70,1,-1,-1,-1
881,72,1806.69,275.98,38.50,110.42,1,-1,-1,-1
881,73,1825.33,271.54,37.22,115.91,1,-1,-1,-1
881,74,1134.57,282.72,45.02,121.38,1,-1,-1,-1
881,75,529.63,136.45,206.32,537.33,1,-1,-1,-1
882,55,956.90,130.61,160.91,515.90,1,-1,-1,-1
882,56,794.04,147.75,171.69,486.12,1,-1,-1,-1
882,60,-20.07,0.04,550.37,1078.55,1,-1,-1,-1
882,64,1181.74,200.88,115.54,368.38,1,-1,-1,-1
882,67,1400.74,278.40,39.25,118.47,1,-1,-1,-1
882,68,1357.12,292.58,26.62,92.49,1,-1,-1,-1
882,69,1456.09,298.14,27.21,63.34,1,-1,-1,-1
882,70,1619.87,274.75,34.64,107.34,1,-1,-1,-1
882,71,1334.00,291.02,26.45,89.77,1,-1,-1,-1
882,72,1807.77,277.61,38.57,109.22,1,-1,-1,-1
882,73,1827.96,270.90,39.24,117.79,1,-1,-1,-1
882,74,1133.71,281.97,44.45,121.81,1,-1,-1,-1
882,75,520.94,136.68,209.60,543.54,1,-1,-1,-1
883,55,953.21,126.04,161.11,518.70,1,-1,-1,-1
883,56,790.21,150.88,170.86,477.50,1,-1,-1,-1
883,60,-34.02,0.04,550.37,1078.55,1,-1,-1,-1
883,64,1181.57,204.97,115.58,364.34,1,-1,-1,-1
883,67,1398.47,280.41,39.57,116.74,1,-1,-1,-1
883,68,1361.11,293.50,27.72,89.07,1,-1,-1,-1
883,69,1456.61,298.28,25.24,64.64,1,-1,-1,-1
883,70,1615.75,277.23,35.38,106.96,1,-1,-1,-1
883,71,1333.20,291.27,26.49,91.12,1,-1,-1,-1
883,72,1805.68,279.38,36.77,106.33,1,-1,-1,-1
883,73,1828.93,270.20,40.82,121.30,1,-1,-1,-1
883,74,1131.96,281.22,44.83,121.66,1,-1,-1,-1
883,75,507.02,130.96,220.87,557.09,1,-1,-1,-1
884,55,946.49,120.96,170.69,523.32,1,-1,-1,-1
884,56,781.89,155.53,174.53,472.74,1,-1,-1,-1
884,64,1182.52,204.23,111.19,370.68,1,-1,-1,-1
884,67,1396.88,279.96,39.66,117.06,1,-1,-1,-1
884,68,1361.16,294.09,27.92,87.55,1,-1,-1,-1
884,69,1451.29,297.87,26.26,67.20,1,-1,-1,-1
884,70,1612.85,277.44,34.20,106.99,1,-1,-1,-1
884,71,1335.09,294.02,26.01,91.81,1,-1,-1,-1
884,72,1800.95,278.57,34.41,104.56,1,-1,-1,-1
884,73,1827.80,268.70,42.63,124.45,1,-1,-1,-1
884,74,1130.29,279.48,45.37,123.79,1,-1,-1,-1
884,75,490.73,129.97,226.84,569.42,1,-1,-1,-1
885,55,939.90,119.43,171.26,521.35,1,-1,-1,-1
885,56,775.18,145.99,173.25,485.87,1,-1,-1,-1
885,64,1180.62,198.40,111.41,374.26,1,-1,-1,-1
885,67,1393.02,279.09,39.41,118.98,1,-1,-1,-1
885,68,1353.57,294.66,28.05,90.31,1,-1,-1,-1
885,69,1440.29,295.31,26.36,78.47,1,-1,-1,-1
885,70,1609.51,278.57,34.06,109.66,1,-1,-1,-1
885,71,1335.48,294.88,25.93,93.97,1,-1,-1,-1
885,72,1799.07,277.20,34.75,107.81,1,-1,-1,-1
885,73,1825.89,268.28,44.22,125.39,1,-1,-1,-1
885,74,1129.23,278.26,43.78,127.86,1,-1,-1,-1
885,75,479.15,141.71,234.44,555.97,1,-1,-1,-1
886,55,933.75,121.21,170.03,521.87,1,-1,-1,-1
886,56,771.43,149.58,176.50,478.82,1,-1,-1,-1
886,64,1174.68,196.16,115.95,378.49,1,-1,-1,-1
886,67,1389.89,279.99,38.70,118.29,1,-1,-1,-1
886,68,1355.68,293.09,29.97,93.80,1,-1,-1,-1
886,69,1440.42,300.81,26.67,71.42,1,-1,-1,-1
886,70,1607.86,279.37,34.30,109.97,1,-1,-1,-1
886,71,1335.51,294.31,26.82,95.32,1,-1,-1,-1
886,72,1794.51,282.54,35.77,103.46,1,-1,-1,-1
886,73,1825.70,270.20,45.54,122.39,1,-1,-1,-1
886,74,1125.88,279.83,44.35,126.14,1,-1,-1,-1
886,75,461.73,132.77,244.98,569.57,1,-1,-1,-1
887,55,926.76,118.80,174.98,527.49,1,-1,-1,-1
887,56,766.34,157.43,173.42,475.94,1,-1,-1,-1
887,64,1172.34,203.17,113.26,378.15,1,-1,-1,-1
887,67,1389.00,285.19,37.79,115.78,1,-1,-1,-1
887,68,1359.25,294.62,27.75,94.99,1,-1,-1,-1
887,69,1450.48,303.89,26.69,65.88,1,-1,-1,-1
887,70,1605.73,281.97,33.25,106.77,1,-1,-1,-1
887,71,1333.38,296.47,27.51,96.50,1,-1,-1,-1
887,72,1790.66,286.53,34.74,99.36,1,-1,-1,-1
887,73,1825.24,273.42,47.82,120.86,1,-1,-1,-1
887,74,1120.35,283.86,42.71,123.24,1,-1,-1,-1
887,75,442.52,118.34,252.20,588.28,1,-1,-1,-1
888,55,917.89,115.81,177.02,525.40,1,-1,-1,-1
888,56,752.30,164.23,176.07,468.14,1,-1,-1,-1
888,64,1168.81,205.97,112.52,379.16,1,-1,-1,-1
888,67,1381.76,284.56,38.15,119.99,1,-1,-1,-1
888,68,1354.55,298.82,27.75,94.99,1,-1,-1,-1
888,69,1455.13,306.48,25.44,63.30,1,-1,-1,-1
888,70,1601.86,284.88,33.42,105.95,1,-1,-1,-1
888,71,1327.17,297.62,28.06,96.36,1,-1,-1,-1
888,72,1780.71,286.92,37.86,100.30,1,-1,-1,-1
888,73,1819.55,276.97,46.55,120.82,1,-1,-1,-1
888,74,1113.94,286.89,42.56,119.71,1,-1,-1,-1
888,75,428.51,108.14,259.27,594.03,1,-1,-1,-1
889,55,905.70,114.29,176.17,525.68,1,-1,-1,-1
889,56,746.96,160.27,180.71,471.26,1,-1,-1,-1
889,64,1161.94,204.47,117.75,379.54,1,-1,-1,-1
889,67,1368.54,282.97,39.72,117.06,1,-1,-1,-1
889,68,1349.85,303.02,27.75,94.99,1,-1,-1,-1
889,69,1456.93,307.83,25.44,63.30,1,-1,-1,-1
889,70,1597.98,286.70,33.62,104.10,1,-1,-1,-1
889,71,1314.22,295.78,28.93,98.77,1,-1,-1,-1
889,72,1767.90,290.01,36.35,101.14,1,-1,-1,-1
889,73,1810.73,281.82,45.25,119.20,1,-1,-1,-1
889,74,1106.24,284.98,41.68,122.43,1,-1,-1,-1
889,75,402.56,101.65,271.19,609.90,1,-1,-1,-1
890,55,894.06,117.25,176.61,525.48,1,-1,-1,-1
890,56,741.01,162.60,176.43,472.06,1,-1,-1,-1
890,64,1153.42,203.73,117.23,381.61,1,-1,-1,-1
890,67,1357.92,286.66,38.17,114.43,1,-1,-1,-1
890,68,1330.27,301.60,29.33,96.75,1,-1,-1,-1
890,69,1458.73,309.18,25.44,63.30,1,-1,-1,-1
890,70,1584.46,287.74,34.03,104.73,1,-1,-1,-1
890,71,1303.32,299.07,30.03,97.60,1,-1,-1,-1
890,72,1752.65,298.07,34.14,94.53,1,-1,-1,-1
890,73,1801.93,288.39,44.66,115.35,1,-1,-1,-1
890,74,1093.78,285.87,44.07,121.43,1,-1,-1,-1
890,75,378.81,88.84,268.68,635.10,1,-1,-1,-1
891,55,878.50,118.42,178.56,532.08,1,-1,-1,-1
891,56,726.81,170.43,177.18,466.28,1,-1,-1,-1
891,64,1136.98,207.40,120.50,382.79,1,-1,-1,-1
891,67,1350.33,290.94,37.49,117.77,1,-1,-1,-1
891,68,1328.06,296.31,28.75,102.87,1,-1,-1,-1
891,69,1460.53,310.53,25.44,63.30,1,-1,-1,-1
891,70,1566.99,292.59,34.43,105.13,1,-1,-1,-1
891,71,1299.55,299.22,29.94,100.68,1,-1,-1,-1
891,72,1739.26,302.55,35.23,95.91,1,-1,-1,-1
891,73,1792.14,292.53,42.10,117.13,1,-1,-1,-1
891,74,1083.12,285.81,43.74,123.23,1,-1,-1,-1
891,75,355.36,81.21,279.19,639.37,1,-1,-1,-1
891,76,1871.40,288.00,37.10,118.40,1,-1,-1,-1
892,55,862.88,125.94,186.92,525.86,1,-1,-1,-1
892,56,716.04,174.62,182.37,465.45,1,-1,-1,-1
892,64,1124.26,208.98,123.23,385.32,1,-1,-1,-1
892,67,1339.24,293.12,39.25,121.36,1,-1,-1,-1
892,68,1352.43,298.28,30.88,90.50,1,-1,-1,-1
892,70,1554.43,299.29,33.92,106.23,1,-1,-1,-1
892,71,1294.83,301.81,29.77,100.34,1,-1,-1,-1
892,72,1732.68,308.96,34.72,94.36,1,-1,-1,-1
892,73,1786.43,296.97,41.05,118.37,1,-1,-1,-1
892,74,1075.48,288.05,44.13,123.49,1,-1,-1,-1
892,75,334.67,85.66,286.55,643.24,1,-1,-1,-1
892,76,1865.66,294.51,38.01,118.19,1,-1,-1,-1
893,55,854.57,131.63,186.14,524.63,1,-1,-1,-1
893,56,709.68,166.45,180.01,478.30,1,-1,-1,-1
893,64,1116.70,215.20,122.16,382.58,1,-1,-1,-1
893,67,1329.43,297.58,37.67,117.40,1,-1,-1,-1
893,68,1376.59,304.41,30.48,76.36,1,-1,-1,-1
893,70,1544.38,305.40,33.91,102.78,1,-1,-1,-1
893,71,1283.85,304.18,32.03,103.74,1,-1,-1,-1
893,72,1727.11,311.71,32.96,93.97,1,-1,-1,-1
893,73,1776.33,300.12,40.24,118.60,1,-1,-1,-1
893,74,1068.96,288.31,46.00,125.88,1,-1,-1,-1
893,75,317.73,80.97,289.80,651.54,1,-1,-1,-1
893,76,1853.06,304.81,35.83,115.05,1,-1,-1,-1
894,55,848.04,132.39,183.80,520.76,1,-1,-1,-1
894,56,699.72,168.67,176.50,472.63,1,-1,-1,-1
894,64,1109.32,218.15,122.12,382.38,1,-1,-1,-1
894,67,1323.12,300.76,36.99,118.10,1,-1,-1,-1
894,68,1391.06,317.31,26.78,66.80,1,-1,-1,-1
894,70,1536.98,308.28,34.18,103.70,1,-1,-1,-1
894,71,1275.74,309.64,32.01,100.42,1,-1,-1,-1
894,72,1712.76,311.30,31.94,95.74,1,-1,-1,-1
894,73,1766.32,302.84,40.07,115.87,1,-1,-1,-1
894,74,1060.44,288.86,44.81,129.53,1,-1,-1,-1
894,75,300.18,73.00,304.01,667.75,1,-1,-1,-1
894,76,1837.95,312.70,34.69,109.34,1,-1,-1,-1
895,55,843.22,139.32,180.09,516.24,1,-1,-1,-1
895,56,686.12,167.24,176.15,480.10,1,-1,-1,-1
895,64,1100.77,217.69,127.50,387.43,1,-1,-1,-1
895,67,1316.03,305.10,35.46,117.19,1,-1,-1,-1
895,68,1405.91,327.21,26.78,66.80,1,-1,-1,-1
895,70,1526.94,311.76,33.35,103.98,1,-1,-1,-1
895,71,1273.39,312.13,32.70,100.69,1,-1,-1,-1
895,72,1699.54,313.95,33.45,99.28,1,-1,-1,-1
895,73,1758.72,304.25,42.40,119.11,1,-1,-1,-1
895,74,1049.65,293.22,46.48,128.74,1,-1,-1,-1
895,75,280.25,74.50,312.96,682.56,1,-1,-1,-1
895,76,1827.70,312.63,35.89,111.55,1,-1,-1,-1
896,55,834.62,145.94,187.10,524.75,1,-1,-1,-1
896,56,676.52,165.59,176.40,481.08,1,-1,-1,-1
896,64,1097.43,215.83,125.05,394.06,1,-1,-1,-1
896,67,1307.49,305.71,36.54,122.03,1,-1,-1,-1
896,68,1420.76,337.11,26.78,66.80,1,-1,-1,-1
896,70,1517.86,312.81,34.51,106.37,1,-1,-1,-1
896,71,1271.00,313.71,32.00,101.19,1,-1,-1,-1
896,72,1689.74,320.06,34.61,98.31,1,-1,-1,-1
896,73,1749.42,307.08,47.23,122.39,1,-1,-1,-1
896,74,1044.29,300.27,44.53,125.49,1,-1,-1,-1
896,75,258.27,66.96,312.57,703.31,1,-1,-1,-1
896,76,1820.36,312.73,37.51,115.02,1,-1,-1,-1
896,77,609.30,254.80,70.80,209.30,1,-1,-1,-1
897,55,836.07,144.17,180.24,527.38,1,-1,-1,-1
897,56,673.42,169.12,176.33,475.84,1,-1,-1,-1
897,64,1094.56,214.75,127.39,398.92,1,-1,-1,-1
897,67,1301.58,308.96,37.56,120.47,1,-1,-1,-1
897,68,1435.61,347.01,26.78,66.80,1,-1,-1,-1
897,70,1513.83,315.21,34.85,105.90,1,-1,-1,-1
897,71,1266.28,316.93,30.32,98.05,1,-1,-1,-1
897,72,1680.89,323.44,35.23,98.30,1,-1,-1,-1
897,73,1746.21,308.64,51.90,123.31,1,-1,-1,-1
897,74,1040.53,303.71,46.05,128.51,1,-1,-1,-1
897,75,243.63,69.37,317.84,711.91,1,-1,-1,-1
897,76,1814.00,314.52,39.11,115.70,1,-1,-1,-1
897,77,609.93,253.96,61.21,216.02,1,-1,-1,-1
898,55,835.18,144.71,176.43,526.97,1,-1,-1,-1
898,56,668.73,174.99,179.39,466.99,1,-1,-1,-1
898,64,1093.24,219.55,129.78,395.13,1,-1,-1,-1
898,67,1300.07,311.76,38.36,116.43,1,-1,-1,-1
898,70,1511.46,317.15,34.96,103.17,1,-1,-1,-1
898,71,1261.19,321.38,29.54,96.12,1,-1,-1,-1
898,72,1682.42,326.74,36.75,95.36,1,-1,-1,-1
898,73,1746.91,311.65,50.99,120.78,1,-1,-1,-1
898,74,1039.71,305.79,46.09,127.10,1,-1,-1,-1
898,75,226.82,78.24,327.05,716.24,1,-1,-1,-1
898,76,1814.31,314.93,38.19,114.37,1,-1,-1,-1
898,77,603.98,257.56,61.21,216.02,1,-1,-1,-1
899,55,831.99,146.37,173.12,523.70,1,-1,-1,-1
899,56,663.15,174.61,180.94,468.75,1,-1,-1,-1
899,64,1092.14,219.42,130.21,402.95,1,-1,-1,-1
899,67,1301.02,311.99,38.25,115.36,1,-1,-1,-1
899,70,1511.52,318.87,34.85,101.02,1,-1,-1,-1
899,71,1256.81,322.45,30.70,98.07,1,-1,-1,-1
899,72,1682.53,326.36,38.88,96.51,1,-1,-1,-1
899,73,1747.34,312.00,51.77,121.77,1,-1,-1,-1
899,74,1037.51,308.07,46.94,124.16,1,-1,-1,-1
899,75,211.67,67.79,326.46,755.83,1,-1,-1,-1
899,76,1817.13,315.20,38.41,112.71,1,-1,-1,-1
899,77,598.03,261.16,61.21,216.02,1,-1,-1,-1
900,55,831.79,145.40,172.97,525.31,1,-1,-1,-1
900,56,661.23,175.79,181.54,470.18,1,-1,-1,-1
900,64,1092.31,219.68,128.24,399.90,1,-1,-1,-1
900,67,1303.22,313.68,38.77,113.92,1,-1,-1,-1
900,70,1512.85,318.11,35.23,102.97,1,-1,-1,-1
900,71,1255.90,321.51,32.03,99.21,1,-1,-1,-1
900,72,1682.10,326.98,39.18,95.94,1,-1,-1,-1
900,73,1751.84,310.91,50.74,125.08,1,-1,-1,-1
900,74,1038.07,308.15,47.96,124.47,1,-1,-1,-1
900,75,210.51,67.51,331.46,763.79,1,-1,-1,-1
900,76,1819.34,312.93,38.89,114.87,1,-1,-1,-1
900,77,592.08,264.76,61.21,216.02,1,-1,-1,-1