1,1,274.30,591.30,45.60,144.60,1,-1,-1,-1
1,2,1521.80,565.50,52.00,114.20,1,-1,-1,-1
1,3,1610.20,555.90,58.20,123.00,1,-1,-1,-1
1,4,194.50,578.70,47.80,154.50,1,-1,-1,-1
1,5,120.70,704.40,54.10,106.50,1,-1,-1,-1
1,6,1370.20,516.40,34.40,98.50,1,-1,-1,-1
1,7,504.00,549.80,35.00,91.40,1,-1,-1,-1
1,8,1445.80,507.20,33.00,80.00,1,-1,-1,-1
1,9,1.00,667.60,48.90,223.30,1,-1,-1,-1
1,10,542.70,549.40,34.60,91.50,1,-1,-1,-1
1,11,652.40,528.20,27.90,71.80,1,-1,-1,-1
1,12,1478.80,518.00,38.00,79.70,1,-1,-1,-1
1,13,827.20,512.40,19.30,44.10,1,-1,-1,-1
1,14,1182.40,488.50,14.90,35.90,1,-1,-1,-1
1,15,1073.40,495.80,16.30,27.70,1,-1,-1,-1
2,1,267.37,583.04,46.79,144.53,1,-1,-1,-1
2,2,1526.63,561.30,53.12,118.47,1,-1,-1,-1
2,3,1614.54,555.69,57.71,122.30,1,-1,-1,-1
2,4,189.74,569.53,48.57,152.75,1,-1,-1,-1
2,5,113.28,699.78,50.95,104.96,1,-1,-1,-1
2,6,1373.07,515.21,33.98,96.12,1,-1,-1,-1
2,7,503.02,540.70,35.35,93.22,1,-1,-1,-1
2,8,1449.65,507.34,31.88,76.50,1,-1,-1,-1
2,9,3.03,658.99,43.44,224.28,1,-1,-1,-1
2,10,542.07,541.84,34.60,92.20,1,-1,-1,-1
2,11,652.40,521.41,27.83,72.78,1,-1,-1,-1
2,12,1480.48,516.39,37.02,77.53,1,-1,-1,-1
2,13,827.34,506.66,18.81,44.38,1,-1,-1,-1
2,14,1185.27,484.30,15.18,36.32,1,-1,-1,-1
2,15,1072.84,489.92,16.37,29.10,1,-1,-1,-1
3,1,259.15,588.77,48.27,148.22,1,-1,-1,-1
3,2,1535.29,556.42,53.95,118.07,1,-1,-1,-1
3,3,1623.69,550.28,59.87,122.37,1,-1,-1,-1
3,4,178.60,576.05,48.10,153.21,1,-1,-1,-1
3,5,103.63,712.88,48.96,105.69,1,-1,-1,-1
3,6,1376.33,512.36,34.69,96.04,1,-1,-1,-1
3,7,501.26,545.73,35.03,92.79,1,-1,-1,-1
3,8,1453.62,502.49,33.08,76.64,1,-1,-1,-1
3,9,2.03,647.39,43.44,224.28,1,-1,-1,-1
3,10,541.75,547.68,33.34,90.66,1,-1,-1,-1
3,11,651.54,524.93,27.95,72.51,1,-1,-1,-1
3,12,1486.32,511.95,36.73,77.58,1,-1,-1,-1
3,13,826.64,508.35,19.29,44.18,1,-1,-1,-1
3,14,1185.60,483.78,16.38,36.38,1,-1,-1,-1
3,15,1073.01,487.97,16.04,28.75,1,-1,-1,-1
4,1,256.20,596.52,48.01,148.14,1,-1,-1,-1
4,2,1541.77,555.58,54.40,119.77,1,-1,-1,-1
4,3,1634.43,549.21,58.84,124.21,1,-1,-1,-1
4,4,169.63,583.80,49.36,158.94,1,-1,-1,-1
4,5,93.94,724.34,49.06,106.82,1,-1,-1,-1
4,6,1380.67,511.40,35.33,98.25,1,-1,-1,-1
4,7,501.14,552.36,35.36,94.27,1,-1,-1,-1
4,8,1457.75,499.27,32.61,77.73,1,-1,-1,-1
4,9,1.03,635.79,43.44,224.28,1,-1,-1,-1
4,10,541.16,554.57,33.38,90.76,1,-1,-1,-1
4,11,651.67,530.29,27.91,73.34,1,-1,-1,-1
4,12,1492.51,510.03,36.29,77.03,1,-1,-1,-1
4,13,827.36,512.14,18.81,44.55,1,-1,-1,-1
4,14,1185.76,484.55,15.98,35.69,1,-1,-1,-1
4,15,1073.87,489.04,16.01,29.06,1,-1,-1,-1
5,1,250.10,586.41,46.32,149.16,1,-1,-1,-1
5,2,1546.35,562.47,56.15,122.10,1,-1,-1,-1
5,3,1640.82,560.02,62.03,126.37,1,-1,-1,-1
5,4,164.00,577.59,49.11,156.95,1,-1,-1,-1
5,5,79.40,717.04,47.69,106.80,1,-1,-1,-1
5,6,1386.74,517.21,35.03,98.22,1,-1,-1,-1
5,7,500.21,545.91,35.95,95.20,1,-1,-1,-1
5,8,1460.83,504.80,32.18,80.16,1,-1,-1,-1
5,9,0.03,624.19,43.44,224.28,1,-1,-1,-1
5,10,541.60,546.83,32.90,91.56,1,-1,-1,-1
5,11,651.49,525.37,27.41,74.01,1,-1,-1,-1
5,12,1496.32,517.36,36.02,77.08,1,-1,-1,-1
5,13,828.54,508.95,18.80,45.77,1,-1,-1,-1
5,14,1190.56,485.75,17.46,36.82,1,-1,-1,-1
5,15,1074.79,493.11,15.37,26.43,1,-1,-1,-1
5,16,790.00,501.80,19.60,48.60,1,-1,-1,-1
6,1,240.49,591.95,47.43,150.94,1,-1,-1,-1
6,2,1555.26,573.22,55.21,123.29,1,-1,-1,-1
6,3,1647.73,572.41,62.71,128.07,1,-1,-1,-1
6,4,154.49,585.92,48.54,152.23,1,-1,-1,-1
6,5,67.23,729.02,44.83,103.37,1,-1,-1,-1
6,6,1391.38,530.49,34.94,97.92,1,-1,-1,-1
6,7,499.74,552.34,34.72,95.06,1,-1,-1,-1
6,8,1464.60,517.38,32.47,80.40,1,-1,-1,-1
6,10,541.31,551.77,33.39,92.64,1,-1,-1,-1
6,11,651.10,532.59,28.03,72.67,1,-1,-1,-1
6,12,1500.52,530.56,38.31,77.09,1,-1,-1,-1
6,13,831.48,515.66,19.01,47.68,1,-1,-1,-1
6,14,1193.79,495.24,15.81,38.14,1,-1,-1,-1
6,15,1077.45,501.69,13.92,28.16,1,-1,-1,-1
6,16,792.17,510.76,19.11,47.69,1,-1,-1,-1
7,1,231.23,599.90,49.44,152.52,1,-1,-1,-1
7,2,1561.88,573.60,55.83,126.87,1,-1,-1,-1
7,3,1656.21,572.90,62.49,131.66,1,-1,-1,-1
7,4,142.67,592.67,49.28,154.31,1,-1,-1,-1
7,5,52.62,739.62,47.12,106.89,1,-1,-1,-1
7,6,1393.17,531.19,36.10,100.78,1,-1,-1,-1
7,7,498.65,553.01,35.13,98.87,1,-1,-1,-1
7,8,1467.48,512.51,33.40,84.46,1,-1,-1,-1
7,10,539.95,554.19,33.05,94.99,1,-1,-1,-1
7,11,650.96,533.51,28.50,73.95,1,-1,-1,-1
7,12,1504.54,526.28,40.26,81.37,1,-1,-1,-1
7,13,831.77,514.23,19.14,49.51,1,-1,-1,-1
7,14,1193.59,492.39,15.66,38.67,1,-1,-1,-1
7,15,1077.92,500.70,15.24,27.63,1,-1,-1,-1
7,16,791.41,509.39,19.94,51.13,1,-1,-1,-1
8,1,223.48,604.12,47.31,150.27,1,-1,-1,-1
8,2,1567.43,579.03,56.72,126.82,1,-1,-1,-1
8,3,1663.51,578.21,62.50,130.22,1,-1,-1,-1
8,4,133.64,595.69,46.98,154.09,1,-1,-1,-1
8,5,37.33,745.98,46.97,107.46,1,-1,-1,-1
8,6,1394.35,531.29,37.22,101.07,1,-1,-1,-1
8,7,496.10,552.96,35.60,98.05,1,-1,-1,-1
8,8,1470.49,513.12,32.98,83.65,1,-1,-1,-1
8,10,537.08,555.02,33.85,94.09,1,-1,-1,-1
8,11,651.39,532.63,29.06,74.41,1,-1,-1,-1
8,12,1507.46,527.59,40.57,83.77,1,-1,-1,-1
8,13,830.59,513.95,18.34,47.40,1,-1,-1,-1
8,14,1195.11,493.47,15.76,37.22,1,-1,-1,-1
8,15,1077.65,499.28,14.37,28.17,1,-1,-1,-1
8,16,790.93,509.27,19.07,47.75,1,-1,-1,-1
8,17,1286.40,500.70,15.00,47.20,1,-1,-1,-1
9,1,212.78,604.77,49.96,151.83,1,-1,-1,-1
9,2,1576.01,589.16,54.47,128.28,1,-1,-1,-1
9,3,1670.05,587.17,63.55,134.13,1,-1,-1,-1
9,4,121.30,595.37,49.52,156.06,1,-1,-1,-1
9,5,18.63,748.43,48.81,111.27,1,-1,-1,-1
9,6,1396.06,538.17,37.14,99.34,1,-1,-1,-1
9,7,493.74,554.03,35.67,99.00,1,-1,-1,-1
9,8,1473.51,523.85,32.64,80.39,1,-1,-1,-1
9,10,534.92,557.26,34.17,94.45,1,-1,-1,-1
9,11,649.59,534.85,29.30,75.45,1,-1,-1,-1
9,12,1510.80,539.07,39.75,82.18,1,-1,-1,-1
9,13,830.31,518.65,18.31,46.70,1,-1,-1,-1
9,14,1196.22,501.43,15.09,37.49,1,-1,-1,-1
9,15,1076.96,503.22,14.67,31.13,1,-1,-1,-1
9,16,792.15,513.00,19.58,47.08,1,-1,-1,-1
9,17,1285.91,502.03,15.56,47.55,1,-1,-1,-1
10,1,200.20,595.30,53.28,154.40,1,-1,-1,-1
10,2,1581.69,598.99,55.82,129.76,1,-1,-1,-1
10,3,1674.97,598.79,65.89,136.00,1,-1,-1,-1
10,4,107.84,579.82,47.47,161.97,1,-1,-1,-1
10,5,0.66,738.20,48.73,108.77,1,-1,-1,-1
10,6,1397.60,546.93,37.39,98.82,1,-1,-1,-1
10,7,490.66,548.62,35.34,97.88,1,-1,-1,-1
10,8,1475.78,532.22,32.96,81.03,1,-1,-1,-1
10,10,532.34,552.27,34.61,93.57,1,-1,-1,-1
10,11,644.63,530.33,29.44,76.75,1,-1,-1,-1
10,12,1513.10,546.59,37.97,81.07,1,-1,-1,-1
10,13,830.29,517.85,18.37,46.91,1,-1,-1,-1
10,14,1197.48,504.71,15.17,38.06,1,-1,-1,-1
10,15,1076.03,505.54,14.27,30.62,1,-1,-1,-1
10,16,792.96,511.50,19.17,45.35,1,-1,-1,-1
10,17,1286.23,509.37,16.43,49.47,1,-1,-1,-1
11,1,188.72,597.79,57.07,159.79,1,-1,-1,-1
11,2,1589.51,593.88,55.46,131.96,1,-1,-1,-1
11,3,1678.98,593.42,68.42,136.84,1,-1,-1,-1
11,4,97.31,584.56,50.36,165.07,1,-1,-1,-1
11,5,-2.43,747.02,41.22,111.03,1,-1,-1,-1
11,6,1399.80,540.98,37.12,101.33,1,-1,-1,-1
11,7,487.52,550.99,35.24,97.47,1,-1,-1,-1
11,8,1477.90,524.89,31.45,83.32,1,-1,-1,-1
11,10,530.97,554.45,34.46,94.29,1,-1,-1,-1
11,11,643.48,531.31,29.41,76.29,1,-1,-1,-1
11,12,1514.78,541.38,37.64,80.18,1,-1,-1,-1
11,13,829.83,517.62,18.67,46.97,1,-1,-1,-1
11,14,1196.87,501.50,15.26,38.09,1,-1,-1,-1
11,15,1075.81,502.80,15.13,29.56,1,-1,-1,-1
11,16,792.24,511.11,19.05,43.98,1,-1,-1,-1
11,17,1287.58,504.85,16.34,47.81,1,-1,-1,-1
12,1,173.90,606.01,62.41,163.23,1,-1,-1,-1
12,2,1596.88,586.48,55.63,133.74,1,-1,-1,-1
12,3,1687.59,586.75,65.68,136.25,1,-1,-1,-1
12,4,90.27,600.91,50.60,159.42,1,-1,-1,-1
12,5,-5.48,772.37,41.22,111.03,1,-1,-1,-1
12,6,1403.08,537.14,35.78,99.56,1,-1,-1,-1
12,7,485.68,557.21,35.14,97.07,1,-1,-1,-1
12,8,1481.48,519.50,28.26,81.42,1,-1,-1,-1
12,10,530.21,560.13,34.00,94.44,1,-1,-1,-1
12,11,643.11,537.29,27.09,73.78,1,-1,-1,-1
12,12,1518.74,536.33,37.33,81.66,1,-1,-1,-1
12,13,830.00,518.46,18.27,47.76,1,-1,-1,-1
12,14,1195.33,499.86,15.08,36.91,1,-1,-1,-1
12,15,1074.62,502.86,14.13,26.51,1,-1,-1,-1
12,16,792.86,513.65,18.18,44.84,1,-1,-1,-1
12,17,1288.41,500.34,16.52,47.38,1,-1,-1,-1
13,1,162.06,593.83,63.38,160.90,1,-1,-1,-1
13,2,1603.77,593.45,55.26,133.22,1,-1,-1,-1
13,3,1695.67,590.84,65.69,139.23,1,-1,-1,-1
13,4,75.72,583.62,51.65,166.97,1,-1,-1,-1
13,5,-8.53,797.72,41.22,111.03,1,-1,-1,-1
13,6,1405.33,538.20,36.21,100.78,1,-1,-1,-1
13,7,485.17,547.95,35.04,95.97,1,-1,-1,-1
13,8,1484.94,525.51,30.04,80.21,1,-1,-1,-1
13,10,528.26,549.65,34.77,95.46,1,-1,-1,-1
13,11,639.34,530.61,25.63,71.48,1,-1,-1,-1
13,12,1522.00,537.45,39.62,81.76,1,-1,-1,-1
13,13,830.36,512.51,18.78,47.79,1,-1,-1,-1
13,14,1196.99,497.67,15.72,37.74,1,-1,-1,-1
13,15,1074.37,497.69,15.44,29.79,1,-1,-1,-1
13,16,791.57,506.57,19.52,46.42,1,-1,-1,-1
13,17,1290.44,501.07,16.09,45.86,1,-1,-1,-1
14,1,153.84,594.08,63.68,161.74,1,-1,-1,-1
14,2,1610.75,590.09,56.83,135.31,1,-1,-1,-1
14,3,1705.05,586.83,63.46,139.00,1,-1,-1,-1
14,4,60.06,581.09,53.50,173.36,1,-1,-1,-1
14,5,-11.58,823.07,41.22,111.03,1,-1,-1,-1
14,6,1407.98,533.64,35.57,100.44,1,-1,-1,-1
14,7,482.01,546.97,35.78,93.40,1,-1,-1,-1
14,8,1487.99,521.78,29.94,81.88,1,-1,-1,-1
14,10,524.90,548.33,35.56,95.42,1,-1,-1,-1
14,11,640.10,527.10,27.78,74.16,1,-1,-1,-1
14,12,1527.15,530.68,39.26,82.84,1,-1,-1,-1
14,13,828.54,510.37,18.65,46.33,1,-1,-1,-1
14,14,1197.87,493.15,16.34,38.34,1,-1,-1,-1
14,15,1075.61,494.32,15.41,30.43,1,-1,-1,-1
14,16,791.29,503.38,19.30,44.80,1,-1,-1,-1
14,17,1289.80,496.33,15.89,45.47,1,-1,-1,-1
14,18,604.30,532.20,24.90,66.30,1,-1,-1,-1
15,1,142.69,603.13,62.29,164.65,1,-1,-1,-1
15,2,1619.49,587.96,57.51,138.80,1,-1,-1,-1
15,3,1713.30,584.79,64.26,141.45,1,-1,-1,-1
15,4,44.52,586.80,56.44,175.07,1,-1,-1,-1
15,6,1411.55,533.90,36.85,99.43,1,-1,-1,-1
15,7,480.56,551.06,35.79,93.89,1,-1,-1,-1
15,8,1490.42,519.11,30.61,82.32,1,-1,-1,-1
15,10,523.34,552.28,35.52,95.69,1,-1,-1,-1
15,11,642.39,530.89,27.72,74.82,1,-1,-1,-1
15,12,1530.55,530.17,42.16,85.68,1,-1,-1,-1
15,13,828.61,513.06,18.83,47.01,1,-1,-1,-1
15,14,1198.76,493.37,16.73,37.82,1,-1,-1,-1
15,15,1074.06,493.92,16.24,32.09,1,-1,-1,-1
15,16,791.33,505.84,19.44,45.57,1,-1,-1,-1
15,17,1293.01,496.88,15.55,45.07,1,-1,-1,-1
15,18,604.79,530.59,24.34,65.25,1,-1,-1,-1
16,1,130.31,601.16,63.56,166.09,1,-1,-1,-1
16,2,1627.31,591.22,58.06,139.78,1,-1,-1,-1
16,3,1721.83,589.92,62.05,142.81,1,-1,-1,-1
16,4,28.06,586.47,60.68,176.77,1,-1,-1,-1
16,6,1414.73,536.28,38.08,100.39,1,-1,-1,-1
16,7,480.70,547.79,35.80,95.58,1,-1,-1,-1
16,8,1493.88,522.99,31.16,79.29,1,-1,-1,-1
16,10,522.57,548.30,35.79,97.45,1,-1,-1,-1
16,11,641.56,529.43,27.50,74.17,1,-1,-1,-1
16,12,1535.11,536.13,43.38,84.99,1,-1,-1,-1
16,13,830.19,512.34,18.46,47.56,1,-1,-1,-1
16,14,1200.67,494.14,16.64,37.95,1,-1,-1,-1
16,15,1073.71,493.72,16.00,29.72,1,-1,-1,-1
16,16,789.48,504.77,19.55,46.57,1,-1,-1,-1
16,17,1297.15,498.15,15.23,45.16,1,-1,-1,-1
16,18,607.20,529.26,24.31,65.98,1,-1,-1,-1
17,1,117.96,603.22,64.99,166.38,1,-1,-1,-1
17,2,1633.86,589.85,57.74,141.96,1,-1,-1,-1
17,3,1728.89,591.18,61.24,142.45,1,-1,-1,-1
17,4,13.05,592.76,62.37,183.02,1,-1,-1,-1
17,6,1416.46,535.96,39.70,103.34,1,-1,-1,-1
17,7,478.25,550.04,36.22,94.89,1,-1,-1,-1
17,8,1497.23,523.46,30.35,77.20,1,-1,-1,-1
17,10,519.22,551.21,36.99,97.27,1,-1,-1,-1
17,11,640.50,530.26,27.78,74.96,1,-1,-1,-1
17,12,1540.51,537.37,42.27,85.21,1,-1,-1,-1
17,13,829.30,514.30,18.21,46.75,1,-1,-1,-1
17,14,1200.46,494.77,16.47,37.63,1,-1,-1,-1
17,15,1073.06,491.54,17.05,32.29,1,-1,-1,-1
17,16,789.60,506.81,18.75,45.75,1,-1,-1,-1
17,17,1294.55,498.22,15.07,45.05,1,-1,-1,-1
17,18,606.41,531.71,24.30,67.05,1,-1,-1,-1
18,1,106.50,603.47,64.09,169.75,1,-1,-1,-1
18,2,1643.55,590.13,58.06,142.90,1,-1,-1,-1
18,3,1738.23,590.36,61.42,141.44,1,-1,-1,-1
18,4,3.84,595.87,60.29,184.20,1,-1,-1,-1
18,6,1419.57,536.10,40.26,102.68,1,-1,-1,-1
18,7,475.64,550.55,36.42,96.51,1,-1,-1,-1
18,8,1501.60,520.73,31.15,80.42,1,-1,-1,-1
18,10,515.85,552.39,37.63,97.78,1,-1,-1,-1
18,11,639.17,530.31,27.86,76.46,1,-1,-1,-1
18,12,1543.85,535.12,40.89,85.41,1,-1,-1,-1
18,13,828.44,514.29,18.13,46.15,1,-1,-1,-1
18,14,1201.46,495.10,16.00,36.77,1,-1,-1,-1
18,15,1073.60,491.64,16.95,32.86,1,-1,-1,-1
18,16,792.33,507.67,18.08,44.60,1,-1,-1,-1
18,17,1293.77,497.31,15.23,45.92,1,-1,-1,-1
18,18,603.28,532.95,24.65,68.62,1,-1,-1,-1
19,1,98.49,604.44,60.39,169.58,1,-1,-1,-1
19,2,1653.72,588.83,55.92,145.98,1,-1,-1,-1
19,3,1744.87,590.68,63.86,143.58,1,-1,-1,-1
19,4,-0.00,596.50,54.42,182.87,1,-1,-1,-1
19,6,1422.61,535.00,40.43,104.02,1,-1,-1,-1
19,7,472.84,548.19,37.87,99.16,1,-1,-1,-1
19,8,1504.32,522.41,31.68,78.59,1,-1,-1,-1
19,10,514.13,550.75,37.33,97.86,1,-1,-1,-1
19,11,637.82,529.68,28.45,76.98,1,-1,-1,-1
19,12,1546.48,533.43,40.55,87.50,1,-1,-1,-1
19,13,828.19,512.67,18.39,47.03,1,-1,-1,-1
19,14,1204.06,494.55,15.86,37.00,1,-1,-1,-1
19,15,1072.99,492.16,17.40,33.03,1,-1,-1,-1
19,16,792.01,506.27,18.52,44.81,1,-1,-1,-1
19,17,1295.90,496.86,15.21,46.68,1,-1,-1,-1
19,18,603.12,533.41,24.90,69.24,1,-1,-1,-1
20,1,82.59,609.30,61.87,169.31,1,-1,-1,-1
20,2,1659.32,588.51,57.45,149.00,1,-1,-1,-1
20,3,1752.68,592.47,63.47,145.20,1,-1,-1,-1
20,4,-1.75,600.33,45.80,186.74,1,-1,-1,-1
20,6,1425.76,533.95,40.06,105.41,1,-1,-1,-1
20,7,470.70,548.10,36.98,100.45,1,-1,-1,-1
20,8,1506.69,522.15,30.78,80.91,1,-1,-1,-1
20,10,512.59,552.09,37.10,98.59,1,-1,-1,-1
20,11,635.78,530.80,29.46,78.11,1,-1,-1,-1
20,12,1549.75,533.38,38.48,87.22,1,-1,-1,-1
20,13,826.52,513.57,17.98,46.52,1,-1,-1,-1
20,14,1204.43,493.83,16.17,37.91,1,-1,-1,-1
20,15,1071.58,492.88,17.54,32.59,1,-1,-1,-1
20,16,790.65,507.96,18.64,43.89,1,-1,-1,-1
20,17,1298.19,497.13,15.62,47.95,1,-1,-1,-1
20,18,602.47,535.02,25.81,70.82,1,-1,-1,-1
21,1,69.47,612.08,61.68,170.00,1,-1,-1,-1
21,2,1667.11,592.87,57.34,148.09,1,-1,-1,-1
21,3,1761.67,596.50,65.17,144.15,1,-1,-1,-1
21,4,-1.53,618.70,38.10,169.56,1,-1,-1,-1
21,6,1428.70,534.57,39.95,107.15,1,-1,-1,-1
21,7,469.19,550.23,35.87,99.43,1,-1,-1,-1
21,8,1512.30,525.50,29.18,79.08,1,-1,-1,-1
21,10,510.47,554.97,37.87,98.81,1,-1,-1,-1
21,11,635.58,533.30,28.79,75.72,1,-1,-1,-1
21,12,1555.29,534.07,38.22,86.65,1,-1,-1,-1
21,13,826.00,513.97,18.83,47.63,1,-1,-1,-1
21,14,1204.94,493.91,15.84,38.11,1,-1,-1,-1
21,15,1070.71,494.81,17.30,32.25,1,-1,-1,-1
21,16,787.77,507.54,18.33,45.44,1,-1,-1,-1
21,17,1304.57,499.25,16.31,48.55,1,-1,-1,-1
21,18,602.53,535.32,25.94,70.18,1,-1,-1,-1
22,1,60.65,615.95,63.02,172.59,1,-1,-1,-1
22,2,1673.98,596.40,59.69,150.41,1,-1,-1,-1
22,3,1768.40,597.65,67.36,146.57,1,-1,-1,-1
22,4,-5.18,627.70,38.10,169.56,1,-1,-1,-1
22,6,1431.69,536.72,39.35,108.24,1,-1,-1,-1
22,7,467.38,551.37,35.89,100.88,1,-1,-1,-1
22,8,1516.60,522.85,31.51,81.33,1,-1,-1,-1
22,10,507.97,556.11,38.52,100.55,1,-1,-1,-1
22,11,634.79,535.69,28.17,73.47,1,-1,-1,-1
22,12,1560.09,534.49,38.76,86.33,1,-1,-1,-1
22,13,824.33,515.44,18.88,46.28,1,-1,-1,-1
22,14,1205.50,494.41,15.60,38.45,1,-1,-1,-1
22,15,1069.61,496.39,17.58,32.42,1,-1,-1,-1
22,16,786.82,507.39,18.24,46.60,1,-1,-1,-1
22,17,1309.13,501.15,16.51,48.02,1,-1,-1,-1
22,18,600.69,536.23,26.05,69.35,1,-1,-1,-1
22,19,1331.00,504.90,20.00,49.30,1,-1,-1,-1
23,1,50.46,622.87,61.40,176.03,1,-1,-1,-1
23,2,1682.18,597.33,60.68,154.18,1,-1,-1,-1
23,3,1776.52,597.28,68.37,150.65,1,-1,-1,-1
23,4,-8.83,636.70,38.10,169.56,1,-1,-1,-1
23,6,1434.49,538.48,39.81,107.23,1,-1,-1,-1
23,7,463.89,551.14,38.14,101.52,1,-1,-1,-1
23,8,1519.73,521.26,32.27,80.19,1,-1,-1,-1
23,10,506.13,556.53,39.00,101.36,1,-1,-1,-1
23,11,631.71,535.97,27.84,75.59,1,-1,-1,-1
23,12,1564.15,537.07,39.91,83.37,1,-1,-1,-1
23,13,819.98,515.84,18.88,46.28,1,-1,-1,-1
23,14,1205.45,495.09,15.46,38.70,1,-1,-1,-1
23,15,1068.95,496.85,17.45,32.27,1,-1,-1,-1
23,16,792.35,509.48,17.72,45.97,1,-1,-1,-1
23,17,1306.30,500.72,17.20,47.73,1,-1,-1,-1
23,18,598.53,537.18,26.30,70.58,1,-1,-1,-1
23,19,1332.33,505.67,20.35,50.56,1,-1,-1,-1
24,1,39.44,631.04,61.61,177.62,1,-1,-1,-1
24,2,1687.41,596.62,63.49,156.43,1,-1,-1,-1
24,3,1785.86,596.06,70.00,152.08,1,-1,-1,-1
24,4,-12.48,645.70,38.10,169.56,1,-1,-1,-1
24,6,1436.36,535.55,41.83,110.64,1,-1,-1,-1
24,7,459.60,552.93,39.93,102.77,1,-1,-1,-1
24,8,1522.82,523.48,32.29,80.62,1,-1,-1,-1
24,10,504.82,558.38,38.93,101.60,1,-1,-1,-1
24,11,629.56,536.39,27.74,77.00,1,-1,-1,-1
24,12,1569.01,539.18,42.00,80.31,1,-1,-1,-1
24,13,815.63,516.24,18.88,46.28,1,-1,-1,-1
24,14,1205.55,494.41,15.77,38.98,1,-1,-1,-1
24,15,1068.25,496.77,17.21,31.94,1,-1,-1,-1
24,16,788.05,509.75,19.81,49.49,1,-1,-1,-1
24,17,1302.36,499.00,17.34,48.83,1,-1,-1,-1
24,18,596.20,539.45,26.93,71.36,1,-1,-1,-1
24,19,1334.84,505.94,21.43,51.92,1,-1,-1,-1
25,1,28.85,634.70,60.62,178.87,1,-1,-1,-1
25,2,1694.87,601.91,63.92,157.25,1,-1,-1,-1
25,3,1795.68,598.11,71.47,156.23,1,-1,-1,-1
25,6,1439.48,539.28,40.97,110.89,1,-1,-1,-1
25,7,457.73,557.31,38.86,103.70,1,-1,-1,-1
25,8,1526.22,525.83,32.44,80.61,1,-1,-1,-1
25,10,504.19,562.33,38.42,101.88,1,-1,-1,-1
25,11,628.00,538.49,28.41,78.96,1,-1,-1,-1
25,12,1572.88,541.37,40.04,81.77,1,-1,-1,-1
25,13,811.28,516.64,18.88,46.28,1,-1,-1,-1
25,14,1207.28,496.99,15.37,38.50,1,-1,-1,-1
25,15,1068.40,497.97,17.13,32.61,1,-1,-1,-1
25,16,779.75,512.20,19.81,49.49,1,-1,-1,-1
25,17,1306.52,501.15,17.59,48.25,1,-1,-1,-1
25,18,603.71,543.71,26.14,72.86,1,-1,-1,-1
25,19,1336.84,507.84,21.69,52.82,1,-1,-1,-1
25,20,664.30,530.00,29.10,75.40,1,-1,-1,-1
26,1,12.35,636.97,64.88,185.89,1,-1,-1,-1
26,2,1704.45,607.28,62.65,160.37,1,-1,-1,-1
26,3,1804.57,602.85,74.50,162.02,1,-1,-1,-1
26,6,1442.18,544.15,41.55,110.69,1,-1,-1,-1
26,7,456.98,557.51,38.61,106.71,1,-1,-1,-1
26,8,1528.48,529.07,33.18,79.69,1,-1,-1,-1
26,10,502.89,564.17,38.83,103.99,1,-1,-1,-1
26,11,626.55,541.17,28.33,79.34,1,-1,-1,-1
26,12,1575.21,543.32,40.57,82.91,1,-1,-1,-1
26,14,1209.58,500.15,16.16,38.29,1,-1,-1,-1
26,15,1069.09,501.51,16.90,31.06,1,-1,-1,-1
26,16,771.45,514.65,19.81,49.49,1,-1,-1,-1
26,17,1313.00,504.87,17.46,48.07,1,-1,-1,-1
26,18,609.81,546.15,26.04,73.52,1,-1,-1,-1
26,19,1337.46,511.14,21.42,52.17,1,-1,-1,-1
26,20,663.60,531.96,29.24,74.70,1,-1,-1,-1
27,1,6.57,642.49,55.86,188.07,1,-1,-1,-1
27,2,1711.46,608.55,64.15,163.68,1,-1,-1,-1
27,3,1810.59,605.44,76.53,162.57,1,-1,-1,-1
27,6,1444.55,544.87,42.92,113.43,1,-1,-1,-1
27,7,455.68,561.12,36.71,104.60,1,-1,-1,-1
27,8,1532.20,531.77,33.19,80.26,1,-1,-1,-1
27,10,500.48,566.83,39.44,103.16,1,-1,-1,-1
27,11,624.79,544.15,28.59,79.94,1,-1,-1,-1
27,12,1579.61,541.62,40.66,86.19,1,-1,-1,-1
27,14,1209.57,501.30,16.33,38.30,1,-1,-1,-1
27,15,1069.05,503.57,16.27,30.88,1,-1,-1,-1
27,16,763.15,517.10,19.81,49.49,1,-1,-1,-1
27,17,1309.48,507.51,17.28,46.69,1,-1,-1,-1
27,18,606.70,547.51,26.15,74.56,1,-1,-1,-1
27,19,1338.78,513.05,21.20,52.82,1,-1,-1,-1
27,20,663.61,533.80,30.75,74.56,1,-1,-1,-1
28,1,0.78,637.59,54.21,204.54,1,-1,-1,-1
28,2,1718.97,611.57,64.40,161.59,1,-1,-1,-1
28,3,1819.22,607.62,77.63,164.69,1,-1,-1,-1
28,6,1447.26,546.41,44.65,114.32,1,-1,-1,-1
28,7,453.03,561.76,36.14,105.93,1,-1,-1,-1
28,8,1536.21,533.40,33.13,80.08,1,-1,-1,-1
28,10,499.55,569.67,39.69,101.65,1,-1,-1,-1
28,11,624.09,547.33,28.25,80.05,1,-1,-1,-1
28,12,1583.83,541.39,39.64,86.83,1,-1,-1,-1
28,14,1209.56,502.77,16.52,37.88,1,-1,-1,-1
28,15,1069.28,503.90,15.52,30.75,1,-1,-1,-1
28,17,1305.90,507.74,16.24,48.59,1,-1,-1,-1
28,18,604.84,549.44,26.82,75.50,1,-1,-1,-1
28,19,1339.67,513.81,18.89,49.94,1,-1,-1,-1
28,20,663.08,535.87,31.28,75.64,1,-1,-1,-1
29,1,-1.57,638.41,47.34,200.59,1,-1,-1,-1
29,2,1727.71,619.44,63.91,161.60,1,-1,-1,-1
29,3,1829.91,615.69,79.22,166.80,1,-1,-1,-1
29,6,1450.92,547.62,45.46,119.14,1,-1,-1,-1
29,7,451.32,563.36,36.53,105.07,1,-1,-1,-1
29,8,1538.71,537.43,32.34,81.98,1,-1,-1,-1
29,10,498.43,569.92,39.35,101.54,1,-1,-1,-1
29,11,623.87,548.32,27.93,80.65,1,-1,-1,-1
29,12,1589.14,546.80,38.00,86.95,1,-1,-1,-1
29,14,1211.86,505.92,16.58,37.61,1,-1,-1,-1
29,15,1068.80,507.60,15.37,30.16,1,-1,-1,-1
29,17,1309.25,510.42,16.84,48.74,1,-1,-1,-1
29,18,603.75,550.12,27.08,76.27,1,-1,-1,-1
29,19,1338.09,516.20,17.50,47.81,1,-1,-1,-1
29,20,660.79,538.58,30.59,74.49,1,-1,-1,-1
30,1,-6.52,634.66,47.34,200.59,1,-1,-1,-1
30,2,1735.78,623.75,66.28,163.21,1,-1,-1,-1
30,3,1840.28,618.81,77.25,169.39,1,-1,-1,-1
30,6,1453.87,549.99,45.84,119.25,1,-1,-1,-1
30,7,449.05,569.99,37.21,105.09,1,-1,-1,-1
30,8,1540.32,539.70,33.01,82.34,1,-1,-1,-1
30,10,495.12,572.87,39.31,103.40,1,-1,-1,-1
30,11,622.02,552.07,28.47,78.93,1,-1,-1,-1
30,12,1592.56,548.14,39.47,89.50,1,-1,-1,-1
30,14,1211.01,508.79,16.94,38.72,1,-1,-1,-1
30,15,1066.73,511.39,15.46,30.26,1,-1,-1,-1
30,17,1312.85,512.65,16.46,48.92,1,-1,-1,-1
30,18,604.55,553.00,26.75,76.85,1,-1,-1,-1
30,19,1333.28,519.30,16.17,47.73,1,-1,-1,-1
30,20,660.38,540.36,31.51,74.92,1,-1,-1,-1
30,21,588.40,554.50,25.10,72.30,1,-1,-1,-1
31,1,-11.47,630.91,47.34,200.59,1,-1,-1,-1
31,2,1743.89,624.64,66.50,163.69,1,-1,-1,-1
31,3,1849.34,622.53,73.36,172.83,1,-1,-1,-1
31,6,1457.32,552.52,45.32,121.32,1,-1,-1,-1
31,7,445.79,582.51,37.62,106.15,1,-1,-1,-1
31,8,1544.32,540.01,32.72,85.39,1,-1,-1,-1
31,10,492.46,584.08,40.00,105.36,1,-1,-1,-1
31,11,619.70,563.42,28.98,78.35,1,-1,-1,-1
31,12,1596.58,550.20,38.93,88.17,1,-1,-1,-1
31,14,1210.47,513.42,17.33,40.39,1,-1,-1,-1
31,15,1066.51,514.64,15.77,33.65,1,-1,-1,-1
31,17,1312.94,518.29,15.58,47.23,1,-1,-1,-1
31,18,605.95,557.85,26.75,76.85,1,-1,-1,-1
31,19,1329.07,522.55,15.91,48.97,1,-1,-1,-1
31,20,660.92,554.28,30.38,75.19,1,-1,-1,-1
31,21,590.78,564.30,27.41,70.97,1,-1,-1,-1
31,22,829.50,539.30,18.30,52.30,1,-1,-1,-1
32,1,-16.42,627.16,47.34,200.59,1,-1,-1,-1
32,2,1753.42,629.41,66.15,164.89,1,-1,-1,-1
32,3,1857.58,630.90,65.90,173.09,1,-1,-1,-1
32,6,1459.73,556.52,45.73,121.44,1,-1,-1,-1
32,7,443.50,582.35,37.96,105.62,1,-1,-1,-1
32,8,1549.15,542.98,31.80,85.89,1,-1,-1,-1
32,10,490.28,583.16,40.00,106.16,1,-1,-1,-1
32,11,618.59,565.00,30.53,79.02,1,-1,-1,-1
32,12,1604.47,559.61,35.69,82.24,1,-1,-1,-1
32,14,1212.12,515.80,17.17,40.68,1,-1,-1,-1
32,15,1067.34,516.29,15.58,33.33,1,-1,-1,-1
32,17,1310.75,524.14,14.75,45.88,1,-1,-1,-1
32,18,601.29,560.67,27.76,74.02,1,-1,-1,-1
32,19,1330.92,527.83,16.04,49.13,1,-1,-1,-1
32,20,658.92,560.24,29.97,72.61,1,-1,-1,-1
32,21,589.16,566.75,25.51,68.54,1,-1,-1,-1
32,22,828.80,537.06,19.14,50.62,1,-1,-1,-1
33,2,1764.87,623.83,69.13,164.06,1,-1,-1,-1
33,3,1870.14,623.10,52.95,173.10,1,-1,-1,-1
33,6,1462.55,547.37,46.13,122.74,1,-1,-1,-1
33,7,440.81,568.62,37.92,107.64,1,-1,-1,-1
33,8,1553.51,534.45,32.15,83.52,1,-1,-1,-1
33,10,487.91,570.31,39.51,107.52,1,-1,-1,-1
33,11,618.58,552.73,30.16,80.75,1,-1,-1,-1
33,12,1610.43,550.06,37.59,83.96,1,-1,-1,-1
33,14,1212.18,507.46,17.47,38.38,1,-1,-1,-1
33,15,1066.39,509.74,15.24,30.93,1,-1,-1,-1
33,17,1314.53,517.83,15.84,44.35,1,-1,-1,-1
33,18,598.39,562.50,27.76,74.02,1,-1,-1,-1
33,19,1333.27,531.68,16.04,49.13,1,-1,-1,-1
33,20,656.01,546.36,27.89,69.31,1,-1,-1,-1
33,21,584.32,553.19,26.76,69.35,1,-1,-1,-1
33,22,828.40,526.39,19.11,52.22,1,-1,-1,-1
34,2,1773.28,618.83,72.68,166.33,1,-1,-1,-1
34,3,1877.79,610.75,52.95,173.10,1,-1,-1,-1
34,6,1466.90,544.07,46.53,121.17,1,-1,-1,-1
34,7,439.50,567.07,37.28,109.36,1,-1,-1,-1
34,8,1557.24,528.60,32.25,82.73,1,-1,-1,-1
34,10,485.19,569.71,40.13,107.79,1,-1,-1,-1
34,11,616.51,551.16,31.80,80.93,1,-1,-1,-1
34,12,1615.35,544.29,38.72,82.80,1,-1,-1,-1
34,14,1212.77,503.33,16.86,38.74,1,-1,-1,-1
34,15,1064.74,508.23,15.42,29.58,1,-1,-1,-1
34,17,1322.88,507.03,15.84,44.35,1,-1,-1,-1
34,18,598.44,554.02,26.25,78.76,1,-1,-1,-1
34,19,1335.62,535.53,16.04,49.13,1,-1,-1,-1
34,20,654.51,544.60,26.64,64.05,1,-1,-1,-1
34,21,583.80,550.92,26.30,68.13,1,-1,-1,-1
34,22,827.40,525.30,19.24,50.59,1,-1,-1,-1
35,2,1780.68,621.71,76.26,168.13,1,-1,-1,-1
35,3,1885.44,598.40,52.95,173.10,1,-1,-1,-1
35,6,1471.44,544.71,47.35,122.59,1,-1,-1,-1
35,7,438.32,563.77,37.01,108.69,1,-1,-1,-1
35,8,1561.08,527.72,31.45,84.46,1,-1,-1,-1
35,10,482.76,565.68,39.20,109.55,1,-1,-1,-1
35,11,617.80,549.53,29.49,80.14,1,-1,-1,-1
35,12,1620.22,545.40,38.42,84.48,1,-1,-1,-1
35,14,1213.18,503.63,17.31,37.10,1,-1,-1,-1
35,15,1064.96,506.59,14.92,30.08,1,-1,-1,-1
35,17,1331.23,496.23,15.84,44.35,1,-1,-1,-1
35,18,598.29,550.92,26.25,78.76,1,-1,-1,-1
35,19,1337.97,539.38,16.04,49.13,1,-1,-1,-1
35,20,653.94,544.14,24.58,66.12,1,-1,-1,-1
35,21,582.60,547.99,25.53,69.37,1,-1,-1,-1
35,22,828.09,523.65,19.14,49.83,1,-1,-1,-1
36,2,1793.26,618.29,75.17,173.92,1,-1,-1,-1
36,3,1893.09,586.05,52.95,173.10,1,-1,-1,-1
36,6,1476.52,541.69,47.66,123.86,1,-1,-1,-1
36,7,435.96,557.95,36.02,107.72,1,-1,-1,-1
36,8,1566.07,523.29,31.76,84.49,1,-1,-1,-1
36,10,481.25,561.62,38.64,108.53,1,-1,-1,-1
36,11,616.68,544.93,29.29,81.16,1,-1,-1,-1
36,12,1626.20,545.00,38.27,84.00,1,-1,-1,-1
36,14,1215.04,498.84,16.39,36.47,1,-1,-1,-1
36,15,1064.88,503.00,15.12,29.68,1,-1,-1,-1
36,17,1339.58,485.43,15.84,44.35,1,-1,-1,-1
36,18,598.14,547.82,26.25,78.76,1,-1,-1,-1
36,20,652.18,542.64,23.40,66.66,1,-1,-1,-1
36,21,582.12,542.76,25.09,71.28,1,-1,-1,-1
36,22,828.26,518.58,18.97,49.53,1,-1,-1,-1
36,23,764.50,515.20,21.00,49.90,1,-1,-1,-1
37,2,1802.24,617.12,78.83,178.67,1,-1,-1,-1
37,6,1479.87,540.88,47.20,124.59,1,-1,-1,-1
37,7,432.60,555.27,37.90,108.05,1,-1,-1,-1
37,8,1570.61,521.51,31.86,83.31,1,-1,-1,-1
37,10,479.21,557.23,40.29,112.08,1,-1,-1,-1
37,11,613.83,543.26,30.21,80.98,1,-1,-1,-1
37,12,1630.76,544.48,38.50,85.61,1,-1,-1,-1
37,14,1217.01,495.84,16.33,37.96,1,-1,-1,-1
37,15,1062.86,502.23,15.10,28.43,1,-1,-1,-1
37,18,593.17,542.81,28.17,75.22,1,-1,-1,-1
37,20,660.45,541.18,22.07,66.69,1,-1,-1,-1
37,21,578.19,542.30,24.61,71.15,1,-1,-1,-1
37,22,827.45,516.39,18.99,50.56,1,-1,-1,-1
37,23,763.38,510.93,22.33,51.30,1,-1,-1,-1
38,2,1810.86,618.23,80.70,178.20,1,-1,-1,-1
38,6,1481.99,537.05,47.69,125.30,1,-1,-1,-1
38,7,430.77,553.48,37.83,108.23,1,-1,-1,-1
38,8,1574.23,517.54,32.24,84.98,1,-1,-1,-1
38,10,477.18,555.19,40.72,111.67,1,-1,-1,-1
38,11,613.36,541.90,30.27,81.55,1,-1,-1,-1
38,12,1632.85,541.32,38.22,85.46,1,-1,-1,-1
38,14,1217.08,492.22,16.80,38.62,1,-1,-1,-1
38,15,1062.24,498.85,15.03,28.90,1,-1,-1,-1
38,18,590.75,542.11,28.96,74.30,1,-1,-1,-1
38,20,661.23,535.25,25.24,75.38,1,-1,-1,-1
38,21,575.86,540.68,24.46,72.45,1,-1,-1,-1
38,22,826.90,513.14,19.49,51.43,1,-1,-1,-1
38,23,762.78,507.21,22.31,50.95,1,-1,-1,-1
39,2,1822.67,620.63,78.95,181.14,1,-1,-1,-1
39,6,1485.94,536.27,48.82,126.70,1,-1,-1,-1
39,7,428.34,548.96,40.61,109.40,1,-1,-1,-1
39,8,1580.04,516.74,32.84,88.56,1,-1,-1,-1
39,10,475.56,551.71,41.48,112.11,1,-1,-1,-1
39,11,611.83,539.77,31.20,80.54,1,-1,-1,-1
39,12,1635.78,539.33,39.26,88.85,1,-1,-1,-1
39,14,1218.04,490.28,17.08,39.80,1,-1,-1,-1
39,15,1062.49,495.84,14.66,28.97,1,-1,-1,-1
39,18,590.50,543.61,28.96,74.30,1,-1,-1,-1
39,20,654.17,531.39,28.99,78.40,1,-1,-1,-1
39,21,577.98,539.03,25.12,72.69,1,-1,-1,-1
39,22,827.16,510.60,19.50,51.76,1,-1,-1,-1
39,23,762.60,504.34,22.44,51.33,1,-1,-1,-1
40,2,1831.40,624.35,79.54,182.51,1,-1,-1,-1
40,6,1490.53,537.72,48.88,126.00,1,-1,-1,-1
40,7,426.74,546.43,40.32,113.11,1,-1,-1,-1
40,8,1584.80,515.60,33.23,90.55,1,-1,-1,-1
40,10,473.16,549.86,42.54,113.78,1,-1,-1,-1
40,11,609.89,538.40,31.62,81.42,1,-1,-1,-1
40,12,1638.98,540.70,39.57,86.85,1,-1,-1,-1
40,14,1218.98,488.75,17.44,40.85,1,-1,-1,-1
40,15,1061.57,493.95,14.48,28.92,1,-1,-1,-1
40,18,590.25,545.11,28.96,74.30,1,-1,-1,-1
40,20,649.99,529.55,31.38,80.50,1,-1,-1,-1
40,21,580.09,541.54,24.62,73.33,1,-1,-1,-1
40,22,827.04,510.16,19.36,52.21,1,-1,-1,-1
40,23,762.18,503.60,22.27,50.54,1,-1,-1,-1
41,2,1840.03,627.19,80.14,187.26,1,-1,-1,-1
41,6,1495.91,538.57,48.40,126.70,1,-1,-1,-1
41,7,424.42,548.29,39.96,114.57,1,-1,-1,-1
41,8,1588.67,516.99,33.56,88.76,1,-1,-1,-1
41,10,471.22,552.43,43.00,113.66,1,-1,-1,-1
41,11,609.75,537.45,34.20,84.21,1,-1,-1,-1
41,12,1640.75,540.31,42.81,89.13,1,-1,-1,-1
41,14,1219.41,489.19,17.55,40.60,1,-1,-1,-1
41,15,1061.31,494.07,14.70,30.03,1,-1,-1,-1
41,18,590.00,546.61,28.96,74.30,1,-1,-1,-1
41,20,650.01,528.78,31.60,82.46,1,-1,-1,-1
41,21,578.87,541.59,24.88,75.97,1,-1,-1,-1
41,22,826.47,510.65,19.60,53.11,1,-1,-1,-1
41,23,761.87,504.09,22.43,51.42,1,-1,-1,-1
42,2,1854.52,633.33,69.47,190.51,1,-1,-1,-1
42,6,1500.64,540.22,48.54,128.45,1,-1,-1,-1
42,7,422.59,548.90,38.87,114.45,1,-1,-1,-1
42,8,1593.60,519.76,34.36,91.17,1,-1,-1,-1
42,10,469.82,553.69,42.58,112.99,1,-1,-1,-1
42,11,609.98,538.20,33.99,84.69,1,-1,-1,-1
42,12,1644.53,541.68,43.92,91.21,1,-1,-1,-1
42,14,1220.11,492.61,17.73,40.60,1,-1,-1,-1
42,15,1061.81,496.21,14.70,30.15,1,-1,-1,-1
42,20,652.21,528.80,31.46,81.37,1,-1,-1,-1
42,21,577.09,543.42,25.18,75.71,1,-1,-1,-1
42,22,826.44,510.74,20.02,53.87,1,-1,-1,-1
42,23,761.69,504.86,22.69,52.18,1,-1,-1,-1
43,2,1863.90,637.16,60.32,195.68,1,-1,-1,-1
43,6,1503.39,542.31,49.98,130.58,1,-1,-1,-1
43,7,421.15,551.52,38.40,113.58,1,-1,-1,-1
43,8,1598.28,522.71,34.67,90.21,1,-1,-1,-1
43,10,465.96,556.85,42.24,111.95,1,-1,-1,-1
43,11,607.94,538.82,33.79,87.85,1,-1,-1,-1
43,12,1648.42,544.27,42.51,89.17,1,-1,-1,-1
43,14,1220.50,494.85,17.15,39.97,1,-1,-1,-1
43,15,1060.76,498.89,14.42,29.69,1,-1,-1,-1
43,20,650.98,528.35,31.91,83.84,1,-1,-1,-1
43,21,576.87,545.68,25.96,75.56,1,-1,-1,-1
43,22,825.81,512.17,20.15,53.33,1,-1,-1,-1
43,23,761.07,506.59,22.91,51.91,1,-1,-1,-1
44,2,1868.15,643.56,60.32,195.68,1,-1,-1,-1
44,6,1507.10,545.94,49.99,130.04,1,-1,-1,-1
44,7,418.65,556.17,38.47,111.70,1,-1,-1,-1
44,8,1602.63,523.43,35.81,90.34,1,-1,-1,-1
44,10,462.55,558.44,42.70,113.52,1,-1,-1,-1
44,11,606.83,538.85,32.19,89.21,1,-1,-1,-1
44,12,1652.82,543.94,42.43,90.66,1,-1,-1,-1
44,14,1221.46,495.36,17.25,39.99,1,-1,-1,-1
44,15,1059.10,499.86,14.55,29.91,1,-1,-1,-1
44,20,649.16,529.20,32.60,85.07,1,-1,-1,-1
44,21,575.85,544.36,25.36,78.53,1,-1,-1,-1
44,22,825.59,513.66,20.11,53.52,1,-1,-1,-1
44,23,760.20,507.42,23.04,52.46,1,-1,-1,-1
45,2,1872.40,649.96,60.32,195.68,1,-1,-1,-1
45,6,1512.05,550.22,49.72,129.80,1,-1,-1,-1
45,7,416.49,553.58,38.98,113.45,1,-1,-1,-1
45,8,1608.35,524.27,36.22,94.79,1,-1,-1,-1
45,10,461.67,557.64,42.63,113.79,1,-1,-1,-1
45,11,606.24,539.47,31.92,88.57,1,-1,-1,-1
45,12,1659.46,543.94,42.13,93.70,1,-1,-1,-1
45,14,1223.62,496.82,16.52,39.79,1,-1,-1,-1
45,15,1057.86,500.12,14.72,29.62,1,-1,-1,-1
45,20,648.15,529.52,33.51,85.79,1,-1,-1,-1
45,21,576.75,546.02,25.60,76.76,1,-1,-1,-1
45,22,825.99,513.87,19.82,53.58,1,-1,-1,-1
45,23,760.34,506.96,22.87,52.70,1,-1,-1,-1
45,24,1363.40,511.10,23.50,60.10,1,-1,-1,-1
46,2,1876.65,656.36,60.32,195.68,1,-1,-1,-1
46,6,1516.93,552.21,50.06,130.36,1,-1,-1,-1
46,7,414.17,553.16,39.06,112.86,1,-1,-1,-1
46,8,1613.10,525.93,36.42,94.66,1,-1,-1,-1
46,10,460.74,559.64,42.26,113.52,1,-1,-1,-1
46,11,604.73,541.18,32.04,89.15,1,-1,-1,-1
46,12,1662.84,543.74,43.23,93.56,1,-1,-1,-1
46,14,1224.07,497.31,16.64,40.92,1,-1,-1,-1
46,15,1056.91,501.02,14.57,29.54,1,-1,-1,-1
46,20,646.38,530.72,33.78,86.64,1,-1,-1,-1
46,21,576.44,546.30,26.58,79.45,1,-1,-1,-1
46,22,826.24,514.23,20.09,54.22,1,-1,-1,-1
46,23,760.09,507.32,22.82,53.05,1,-1,-1,-1
46,24,1365.01,510.61,22.59,58.63,1,-1,-1,-1
47,6,1521.37,552.20,50.16,132.21,1,-1,-1,-1
47,7,410.47,552.45,40.70,115.90,1,-1,-1,-1
47,8,1617.79,528.87,35.57,93.43,1,-1,-1,-1
47,10,458.29,561.58,42.36,113.57,1,-1,-1,-1
47,11,603.52,543.59,31.59,89.05,1,-1,-1,-1
47,12,1666.43,545.44,43.14,92.05,1,-1,-1,-1
47,14,1224.85,498.12,17.52,41.32,1,-1,-1,-1
47,15,1056.47,501.15,15.22,30.35,1,-1,-1,-1
47,20,645.01,532.72,34.28,87.59,1,-1,-1,-1
47,21,571.98,547.73,27.01,80.39,1,-1,-1,-1
47,22,826.07,514.73,20.24,54.84,1,-1,-1,-1
47,23,759.63,507.79,22.67,52.94,1,-1,-1,-1
47,24,1368.65,510.36,21.34,58.40,1,-1,-1,-1
48,6,1525.75,554.68,50.47,133.67,1,-1,-1,-1
48,7,408.09,554.83,41.54,116.39,1,-1,-1,-1
48,8,1621.10,532.62,35.24,93.41,1,-1,-1,-1
48,10,455.86,563.09,42.18,113.52,1,-1,-1,-1
48,11,600.81,544.26,35.03,91.81,1,-1,-1,-1
48,12,1672.10,549.33,42.69,92.22,1,-1,-1,-1
48,14,1226.03,500.62,16.60,40.33,1,-1,-1,-1
48,15,1056.21,501.40,15.42,31.09,1,-1,-1,-1
48,20,644.83,534.20,33.95,89.49,1,-1,-1,-1
48,21,570.42,548.20,28.05,82.92,1,-1,-1,-1
48,22,825.67,516.36,20.00,53.48,1,-1,-1,-1
48,23,759.01,509.56,22.20,51.58,1,-1,-1,-1
48,24,1370.52,511.59,21.03,58.82,1,-1,-1,-1
49,6,1530.46,556.95,51.96,136.56,1,-1,-1,-1
49,7,406.93,557.14,40.74,117.59,1,-1,-1,-1
49,8,1624.51,535.57,35.98,91.30,1,-1,-1,-1
49,10,452.26,565.53,43.52,114.14,1,-1,-1,-1
49,11,598.18,545.99,36.41,92.64,1,-1,-1,-1
49,12,1677.59,552.21,42.49,93.82,1,-1,-1,-1
49,14,1225.81,502.45,17.02,39.89,1,-1,-1,-1
49,15,1055.28,502.54,15.12,31.10,1,-1,-1,-1
49,20,643.33,536.98,32.23,89.57,1,-1,-1,-1
49,21,570.84,548.91,29.77,84.59,1,-1,-1,-1
49,22,825.88,518.61,19.86,53.35,1,-1,-1,-1
49,23,758.20,512.39,21.71,50.83,1,-1,-1,-1
49,24,1370.11,513.20,21.85,59.72,1,-1,-1,-1
50,6,1535.80,558.24,52.20,136.45,1,-1,-1,-1
50,7,406.11,557.89,38.96,114.87,1,-1,-1,-1
50,8,1630.68,533.76,35.78,90.18,1,-1,-1,-1
50,10,449.66,565.90,42.81,114.04,1,-1,-1,-1
50,11,596.83,546.01,35.98,91.98,1,-1,-1,-1
50,12,1683.85,551.15,42.36,96.47,1,-1,-1,-1
50,14,1227.65,500.55,16.73,39.69,1,-1,-1,-1
50,15,1054.57,501.77,15.39,31.31,1,-1,-1,-1
50,20,641.90,536.88,32.63,89.66,1,-1,-1,-1
50,21,568.13,548.54,30.84,84.67,1,-1,-1,-1
50,22,825.72,517.84,20.10,53.60,1,-1,-1,-1
50,23,757.93,511.31,21.98,51.23,1,-1,-1,-1
50,24,1371.89,514.20,21.88,59.35,1,-1,-1,-1
51,6,1540.43,559.94,52.06,137.25,1,-1,-1,-1
51,7,403.34,558.99,38.71,114.96,1,-1,-1,-1
51,8,1637.12,531.53,35.24,90.05,1,-1,-1,-1
51,10,446.73,564.53,43.08,115.34,1,-1,-1,-1
51,11,594.71,546.96,35.78,90.52,1,-1,-1,-1
51,12,1688.38,549.76,42.81,96.77,1,-1,-1,-1
51,14,1227.63,500.60,17.90,40.26,1,-1,-1,-1
51,15,1054.44,502.20,14.84,30.53,1,-1,-1,-1
51,20,641.07,537.40,33.38,88.36,1,-1,-1,-1
51,21,562.37,549.05,32.14,84.90,1,-1,-1,-1
51,22,825.66,517.31,20.03,54.23,1,-1,-1,-1
51,23,757.50,510.69,21.43,51.42,1,-1,-1,-1
51,24,1374.23,514.50,21.69,59.74,1,-1,-1,-1
52,6,1546.19,559.24,52.02,139.88,1,-1,-1,-1
52,7,400.17,560.06,40.24,116.95,1,-1,-1,-1
52,8,1642.46,532.34,35.63,92.26,1,-1,-1,-1
52,10,443.52,564.27,43.79,116.15,1,-1,-1,-1
52,11,595.52,549.52,32.72,88.13,1,-1,-1,-1
52,12,1689.94,549.17,45.25,98.75,1,-1,-1,-1
52,14,1227.91,502.55,17.90,40.01,1,-1,-1,-1
52,15,1053.67,502.96,14.74,30.79,1,-1,-1,-1
52,20,639.92,539.01,32.06,87.27,1,-1,-1,-1
52,21,560.84,551.83,32.60,85.74,1,-1,-1,-1
52,22,825.40,518.76,20.01,54.14,1,-1,-1,-1
52,23,757.04,512.75,20.92,50.71,1,-1,-1,-1
52,24,1375.55,514.35,22.26,60.55,1,-1,-1,-1
53,6,1551.48,557.07,52.64,142.62,1,-1,-1,-1
53,7,396.84,558.48,42.17,119.99,1,-1,-1,-1
53,8,1644.61,535.02,38.20,91.80,1,-1,-1,-1
53,10,440.43,562.99,45.34,118.15,1,-1,-1,-1
53,11,591.79,550.12,31.93,87.76,1,-1,-1,-1
53,12,1693.42,549.39,46.13,96.76,1,-1,-1,-1
53,14,1228.60,501.87,17.62,39.79,1,-1,-1,-1
53,15,1053.00,502.66,14.92,30.73,1,-1,-1,-1
53,20,637.13,540.11,31.74,85.96,1,-1,-1,-1
53,21,561.77,553.71,33.02,86.62,1,-1,-1,-1
53,22,825.08,519.32,20.21,53.62,1,-1,-1,-1
53,23,756.91,513.51,20.70,50.49,1,-1,-1,-1
53,24,1377.26,515.21,21.73,59.05,1,-1,-1,-1
54,6,1554.81,556.50,53.45,144.36,1,-1,-1,-1
54,7,391.90,557.14,43.31,120.77,1,-1,-1,-1
54,8,1646.65,534.56,38.97,93.41,1,-1,-1,-1
54,10,437.11,561.56,46.36,120.07,1,-1,-1,-1
54,11,580.70,551.38,31.84,87.79,1,-1,-1,-1
54,12,1697.69,547.71,46.95,98.47,1,-1,-1,-1
54,14,1229.16,501.48,17.75,39.10,1,-1,-1,-1
54,15,1052.42,501.75,14.84,30.85,1,-1,-1,-1
54,20,633.89,539.67,31.85,86.06,1,-1,-1,-1
54,21,559.35,554.09,33.15,85.70,1,-1,-1,-1
54,22,824.02,518.75,20.41,53.47,1,-1,-1,-1
54,23,755.19,513.00,21.33,50.15,1,-1,-1,-1
54,24,1377.58,513.85,22.34,61.46,1,-1,-1,-1
54,25,600.90,547.70,28.90,86.90,1,-1,-1,-1
55,6,1558.70,555.68,54.89,146.28,1,-1,-1,-1
55,7,387.45,558.33,43.79,119.25,1,-1,-1,-1
55,8,1651.08,532.88,39.62,95.22,1,-1,-1,-1
55,10,434.21,561.31,47.02,121.49,1,-1,-1,-1
55,11,577.33,552.02,31.46,88.15,1,-1,-1,-1
55,12,1702.42,547.50,46.35,99.68,1,-1,-1,-1
55,14,1230.23,500.75,17.50,38.89,1,-1,-1,-1
55,15,1052.54,501.66,14.60,30.39,1,-1,-1,-1
55,20,632.82,539.49,32.10,85.39,1,-1,-1,-1
55,21,556.76,553.80,33.39,86.40,1,-1,-1,-1
55,22,822.97,518.10,20.75,53.63,1,-1,-1,-1
55,23,754.42,512.06,21.66,50.53,1,-1,-1,-1
55,24,1378.60,514.12,22.52,61.35,1,-1,-1,-1
55,25,598.24,548.33,29.88,86.69,1,-1,-1,-1
56,6,1563.55,557.71,54.20,147.20,1,-1,-1,-1
56,7,383.76,559.14,44.08,120.13,1,-1,-1,-1
56,8,1655.61,534.22,39.82,94.65,1,-1,-1,-1
56,10,430.62,562.37,47.08,121.64,1,-1,-1,-1
56,11,582.85,550.74,32.26,88.04,1,-1,-1,-1
56,12,1707.95,548.34,45.34,100.53,1,-1,-1,-1
56,14,1231.30,500.18,16.52,39.67,1,-1,-1,-1
56,15,1052.34,502.35,14.04,29.56,1,-1,-1,-1
56,20,632.03,538.78,32.87,86.66,1,-1,-1,-1
56,21,552.38,554.26,31.44,84.37,1,-1,-1,-1
56,22,821.84,518.43,20.51,53.89,1,-1,-1,-1
56,23,753.54,512.05,21.62,51.00,1,-1,-1,-1
56,24,1380.34,515.56,22.65,61.03,1,-1,-1,-1
56,25,610.37,545.94,29.68,85.44,1,-1,-1,-1
57,6,1568.69,555.90,55.04,151.05,1,-1,-1,-1
57,7,380.45,559.13,44.44,120.67,1,-1,-1,-1
57,8,1660.05,533.14,39.59,94.68,1,-1,-1,-1
57,10,427.19,562.46,47.09,122.03,1,-1,-1,-1
57,11,584.14,549.71,32.08,88.43,1,-1,-1,-1
57,12,1712.70,549.22,44.40,98.97,1,-1,-1,-1
57,14,1229.95,499.01,17.00,41.02,1,-1,-1,-1
57,15,1049.80,501.31,15.06,29.10,1,-1,-1,-1
57,20,629.62,538.25,33.03,88.02,1,-1,-1,-1
57,21,548.66,552.56,30.85,85.09,1,-1,-1,-1
57,22,820.01,517.95,20.64,53.76,1,-1,-1,-1
57,23,751.93,511.10,22.03,51.91,1,-1,-1,-1
57,24,1381.44,514.39,22.96,61.78,1,-1,-1,-1
57,25,629.82,541.09,29.68,85.44,1,-1,-1,-1
58,6,1573.73,552.50,55.57,152.77,1,-1,-1,-1
58,7,378.13,557.74,43.64,120.27,1,-1,-1,-1
58,8,1665.71,530.69,40.30,96.24,1,-1,-1,-1
58,10,424.03,559.38,47.59,123.55,1,-1,-1,-1
58,11,584.85,547.82,32.93,88.76,1,-1,-1,-1
58,12,1715.47,547.00,45.31,99.76,1,-1,-1,-1
58,14,1228.73,497.12,17.56,41.85,1,-1,-1,-1
58,15,1048.48,498.68,15.16,29.87,1,-1,-1,-1
58,20,624.51,537.40,31.33,86.68,1,-1,-1,-1
58,21,548.27,550.48,30.96,87.13,1,-1,-1,-1
58,22,819.45,516.00,20.68,53.51,1,-1,-1,-1
58,23,751.45,509.01,22.36,52.53,1,-1,-1,-1
58,24,1382.76,512.66,23.27,61.30,1,-1,-1,-1
58,25,649.27,536.24,29.68,85.44,1,-1,-1,-1
58,26,1268.30,500.50,21.30,50.50,1,-1,-1,-1
58,27,566.80,549.60,30.80,89.00,1,-1,-1,-1
59,6,1577.33,552.41,56.29,151.88,1,-1,-1,-1
59,7,374.61,556.00,43.54,120.15,1,-1,-1,-1
59,8,1670.85,528.31,40.44,99.85,1,-1,-1,-1
59,10,421.89,556.94,46.41,123.58,1,-1,-1,-1
59,11,598.35,543.89,30.46,87.32,1,-1,-1,-1
59,12,1719.12,547.27,46.21,99.30,1,-1,-1,-1
59,14,1230.52,495.61,17.03,41.53,1,-1,-1,-1
59,15,1046.86,496.64,15.40,30.80,1,-1,-1,-1
59,20,620.56,535.47,31.31,86.90,1,-1,-1,-1
59,21,553.52,549.84,31.62,87.32,1,-1,-1,-1
59,22,819.15,514.36,20.62,53.43,1,-1,-1,-1
59,23,750.44,507.04,22.81,53.56,1,-1,-1,-1
59,24,1383.83,510.94,23.57,60.88,1,-1,-1,-1
59,25,668.72,531.39,29.68,85.44,1,-1,-1,-1
59,26,1268.23,500.01,22.63,50.78,1,-1,-1,-1
59,27,573.87,548.41,31.08,88.79,1,-1,-1,-1
60,6,1582.12,553.68,56.16,150.28,1,-1,-1,-1
60,7,371.57,553.24,44.14,123.62,1,-1,-1,-1
60,8,1673.16,525.95,40.76,102.62,1,-1,-1,-1
60,10,419.57,556.43,47.38,124.79,1,-1,-1,-1
60,11,604.72,540.61,27.20,89.20,1,-1,-1,-1
60,12,1722.15,549.04,46.97,98.74,1,-1,-1,-1
60,14,1230.53,494.73,17.43,41.65,1,-1,-1,-1
60,15,1044.95,495.55,15.54,31.85,1,-1,-1,-1
60,20,620.60,535.48,32.63,88.86,1,-1,-1,-1
60,21,562.07,549.54,31.62,87.32,1,-1,-1,-1
60,22,818.39,514.17,20.54,53.20,1,-1,-1,-1
60,23,750.31,507.52,22.17,51.77,1,-1,-1,-1
60,24,1384.45,510.66,23.94,60.75,1,-1,-1,-1
60,26,1268.46,499.43,23.10,50.44,1,-1,-1,-1
60,27,575.37,546.45,34.17,91.18,1,-1,-1,-1
60,28,537.70,546.70,31.30,86.00,1,-1,-1,-1
60,29,1490.70,507.30,20.00,49.70,1,-1,-1,-1
61,6,1586.54,553.36,56.61,149.88,1,-1,-1,-1
61,7,367.90,554.47,43.90,123.60,1,-1,-1,-1
61,8,1676.14,527.15,39.81,98.75,1,-1,-1,-1
61,10,416.88,558.59,47.39,123.54,1,-1,-1,-1
61,11,597.26,541.76,32.73,92.14,1,-1,-1,-1
61,12,1726.55,545.44,46.43,98.64,1,-1,-1,-1
61,14,1228.81,491.84,18.25,41.76,1,-1,-1,-1
61,15,1042.72,493.84,15.58,33.01,1,-1,-1,-1
61,20,616.30,538.79,34.43,89.10,1,-1,-1,-1
61,21,558.43,549.00,30.34,90.11,1,-1,-1,-1
61,22,816.71,514.32,21.00,53.34,1,-1,-1,-1
61,23,749.94,507.66,22.54,51.58,1,-1,-1,-1
61,24,1386.36,509.40,24.40,60.37,1,-1,-1,-1
61,26,1269.06,497.87,23.10,48.17,1,-1,-1,-1
61,27,571.09,546.28,34.68,93.01,1,-1,-1,-1
61,28,534.13,547.47,32.35,86.70,1,-1,-1,-1
61,29,1491.47,504.08,19.93,50.68,1,-1,-1,-1
62,6,1591.87,554.95,55.48,150.24,1,-1,-1,-1
62,7,363.53,552.81,42.78,122.55,1,-1,-1,-1
62,8,1678.89,530.59,39.10,96.90,1,-1,-1,-1
62,10,413.51,555.86,46.42,123.65,1,-1,-1,-1
62,11,595.91,544.56,32.73,92.14,1,-1,-1,-1
62,12,1732.43,547.53,46.41,96.16,1,-1,-1,-1
62,14,1229.96,490.99,18.00,42.28,1,-1,-1,-1
62,15,1040.54,493.37,15.73,32.93,1,-1,-1,-1
62,20,615.09,536.23,35.74,91.06,1,-1,-1,-1
62,21,556.25,549.43,30.34,90.11,1,-1,-1,-1
62,22,816.80,513.59,20.37,53.45,1,-1,-1,-1
62,23,749.34,506.17,22.16,51.73,1,-1,-1,-1
62,24,1390.02,509.53,22.72,60.67,1,-1,-1,-1
62,26,1269.46,498.12,23.66,49.10,1,-1,-1,-1
62,27,567.49,543.78,35.25,95.24,1,-1,-1,-1
62,28,533.85,545.87,31.75,86.56,1,-1,-1,-1
62,29,1489.85,504.18,20.96,52.30,1,-1,-1,-1
62,30,518.00,544.70,28.60,80.70,1,-1,-1,-1
63,6,1598.19,548.44,56.75,152.66,1,-1,-1,-1
63,7,361.84,562.79,43.35,122.03,1,-1,-1,-1
63,8,1682.67,521.63,38.40,97.18,1,-1,-1,-1
63,10,411.70,565.76,46.06,121.52,1,-1,-1,-1
63,11,594.56,547.36,32.73,92.14,1,-1,-1,-1
63,12,1741.41,539.97,44.58,95.56,1,-1,-1,-1
63,14,1229.10,488.50,19.75,42.08,1,-1,-1,-1
63,15,1039.04,493.90,15.43,33.05,1,-1,-1,-1
63,20,615.19,539.77,37.04,96.55,1,-1,-1,-1
63,21,550.10,555.63,29.26,90.87,1,-1,-1,-1
63,22,816.61,516.50,20.46,53.42,1,-1,-1,-1
63,23,747.52,509.57,22.89,52.76,1,-1,-1,-1
63,24,1392.58,503.71,23.69,59.99,1,-1,-1,-1
63,26,1269.65,495.54,23.27,47.77,1,-1,-1,-1
63,27,566.01,549.52,36.20,97.03,1,-1,-1,-1
63,28,536.20,542.32,31.75,86.56,1,-1,-1,-1
63,29,1488.20,497.11,21.27,53.14,1,-1,-1,-1
63,30,523.18,553.66,30.70,83.36,1,-1,-1,-1
64,6,1602.48,552.05,57.84,154.30,1,-1,-1,-1
64,7,359.22,560.32,42.97,123.41,1,-1,-1,-1
64,8,1688.52,522.70,38.40,98.24,1,-1,-1,-1
64,10,409.63,562.33,47.49,123.60,1,-1,-1,-1
64,11,589.35,544.59,35.02,93.79,1,-1,-1,-1
64,12,1748.27,540.00,43.33,99.86,1,-1,-1,-1
64,14,1230.09,489.00,18.81,42.65,1,-1,-1,-1
64,15,1039.31,493.54,15.62,33.22,1,-1,-1,-1
64,20,614.75,541.24,36.38,94.27,1,-1,-1,-1
64,21,547.45,560.20,29.26,90.87,1,-1,-1,-1
64,22,816.51,515.65,20.56,53.40,1,-1,-1,-1
64,23,747.24,508.82,23.18,52.93,1,-1,-1,-1
64,24,1394.45,504.22,24.12,61.40,1,-1,-1,-1
64,26,1271.43,495.75,24.06,49.05,1,-1,-1,-1
64,27,563.66,550.02,36.20,95.68,1,-1,-1,-1
64,28,538.55,538.77,31.75,86.56,1,-1,-1,-1
64,29,1486.81,497.93,22.83,55.28,1,-1,-1,-1
64,30,527.89,552.29,32.66,85.14,1,-1,-1,-1
64,31,1575.40,514.40,23.30,56.50,1,-1,-1,-1
64,32,1660.00,511.00,27.50,59.30,1,-1,-1,-1
65,6,1605.33,559.16,57.04,153.60,1,-1,-1,-1
65,7,353.34,554.65,45.93,124.66,1,-1,-1,-1
65,8,1692.48,530.49,38.47,97.02,1,-1,-1,-1
65,10,405.18,556.77,47.85,124.79,1,-1,-1,-1
65,11,587.41,543.23,37.74,98.56,1,-1,-1,-1
65,12,1750.82,547.96,41.70,100.03,1,-1,-1,-1
65,14,1230.28,493.42,18.45,41.71,1,-1,-1,-1
65,15,1037.09,494.59,16.17,32.65,1,-1,-1,-1
65,20,613.45,536.34,36.74,97.02,1,-1,-1,-1
65,21,544.80,564.78,29.26,90.87,1,-1,-1,-1
65,22,814.88,513.97,21.01,54.31,1,-1,-1,-1
65,23,745.06,506.37,22.35,53.61,1,-1,-1,-1
65,24,1393.64,509.62,24.17,61.68,1,-1,-1,-1
65,26,1272.60,500.66,24.16,49.16,1,-1,-1,-1
65,27,557.64,545.78,38.37,98.21,1,-1,-1,-1
65,28,540.90,535.22,31.75,86.56,1,-1,-1,-1
65,29,1486.74,503.50,22.67,55.29,1,-1,-1,-1
65,30,527.27,548.25,31.85,88.26,1,-1,-1,-1
65,31,1574.63,512.09,22.95,55.80,1,-1,-1,-1
65,32,1661.61,510.37,27.43,58.32,1,-1,-1,-1
65,33,510.70,551.20,29.80,84.80,1,-1,-1,-1
66,6,1613.32,556.36,55.68,152.76,1,-1,-1,-1
66,7,351.22,564.74,47.80,126.30,1,-1,-1,-1
66,8,1696.71,521.98,37.65,98.90,1,-1,-1,-1
66,10,402.27,568.65,48.30,122.28,1,-1,-1,-1
66,11,596.63,545.22,34.07,99.99,1,-1,-1,-1
66,12,1754.53,541.50,40.23,101.90,1,-1,-1,-1
66,14,1230.72,492.52,17.72,41.21,1,-1,-1,-1
66,15,1033.52,496.39,16.54,31.98,1,-1,-1,-1
66,20,610.55,540.89,36.74,97.02,1,-1,-1,-1
66,21,542.15,569.35,29.26,90.87,1,-1,-1,-1
66,22,813.73,517.30,20.86,54.51,1,-1,-1,-1
66,23,742.50,511.78,22.39,52.41,1,-1,-1,-1
66,24,1393.94,505.96,24.05,59.87,1,-1,-1,-1
66,26,1272.56,500.40,24.26,47.86,1,-1,-1,-1
66,27,556.02,552.11,37.90,98.76,1,-1,-1,-1
66,29,1486.22,497.64,21.85,54.67,1,-1,-1,-1
66,30,526.47,556.10,31.85,88.26,1,-1,-1,-1
66,31,1574.27,507.32,22.71,55.59,1,-1,-1,-1
66,32,1662.35,501.58,28.88,61.25,1,-1,-1,-1
66,33,510.35,556.87,30.36,83.12,1,-1,-1,-1
67,6,1618.74,566.67,55.90,154.12,1,-1,-1,-1
67,7,349.25,558.57,48.50,127.77,1,-1,-1,-1
67,8,1699.85,525.95,38.95,100.93,1,-1,-1,-1
67,10,399.49,562.82,47.67,123.41,1,-1,-1,-1
67,11,593.98,541.61,35.28,100.63,1,-1,-1,-1
67,12,1758.63,548.24,42.38,100.99,1,-1,-1,-1
67,14,1232.03,494.15,17.70,41.48,1,-1,-1,-1
67,15,1033.84,495.46,16.23,32.42,1,-1,-1,-1
67,20,607.65,545.44,36.74,97.02,1,-1,-1,-1
67,22,813.31,515.67,21.45,54.22,1,-1,-1,-1
67,23,742.09,509.13,22.47,53.52,1,-1,-1,-1
67,24,1394.38,508.95,25.00,61.85,1,-1,-1,-1
67,26,1269.92,501.69,24.64,48.66,1,-1,-1,-1
67,27,549.55,550.79,37.20,96.83,1,-1,-1,-1
67,29,1485.90,501.01,21.68,58.19,1,-1,-1,-1
67,30,525.67,563.95,31.85,88.26,1,-1,-1,-1
67,31,1574.80,513.89,22.49,54.69,1,-1,-1,-1
67,32,1662.31,505.03,29.17,62.33,1,-1,-1,-1
67,33,514.35,557.14,30.81,83.53,1,-1,-1,-1
68,6,1620.64,567.10,56.04,157.75,1,-1,-1,-1
68,7,344.45,554.47,48.36,130.73,1,-1,-1,-1
68,8,1701.53,528.67,39.19,101.26,1,-1,-1,-1
68,10,392.06,561.03,48.32,124.73,1,-1,-1,-1
68,11,585.21,540.03,36.76,102.50,1,-1,-1,-1
68,12,1760.68,547.98,42.67,100.51,1,-1,-1,-1
68,14,1228.02,494.22,18.26,41.99,1,-1,-1,-1
68,15,1032.32,495.15,15.86,32.05,1,-1,-1,-1
68,20,604.75,549.99,36.74,97.02,1,-1,-1,-1
68,22,811.55,514.95,21.34,55.12,1,-1,-1,-1
68,23,739.38,508.27,22.63,53.16,1,-1,-1,-1
68,24,1393.87,510.95,24.72,61.05,1,-1,-1,-1
68,26,1267.72,501.70,24.96,48.83,1,-1,-1,-1
68,27,543.89,549.19,38.46,97.86,1,-1,-1,-1
68,29,1486.71,504.87,21.13,54.56,1,-1,-1,-1
68,30,524.87,571.80,31.85,88.26,1,-1,-1,-1
68,31,1575.11,515.17,22.78,55.12,1,-1,-1,-1
68,32,1660.50,504.67,29.89,64.34,1,-1,-1,-1
68,33,516.28,556.58,31.85,86.03,1,-1,-1,-1
69,6,1623.34,566.65,58.46,160.37,1,-1,-1,-1
69,7,339.52,555.44,48.39,129.52,1,-1,-1,-1
69,8,1702.75,528.56,39.69,102.69,1,-1,-1,-1
69,10,386.18,563.83,48.80,122.54,1,-1,-1,-1
69,11,582.67,541.51,38.33,103.62,1,-1,-1,-1
69,12,1761.87,548.88,45.35,100.36,1,-1,-1,-1
69,14,1227.85,496.59,17.59,41.09,1,-1,-1,-1
69,15,1029.92,496.96,16.10,32.65,1,-1,-1,-1
69,22,809.86,516.59,21.03,54.62,1,-1,-1,-1
69,23,737.20,509.07,22.12,54.17,1,-1,-1,-1
69,24,1393.18,511.98,25.27,62.20,1,-1,-1,-1
69,26,1269.03,503.61,24.57,49.09,1,-1,-1,-1
69,27,543.03,550.54,38.91,98.17,1,-1,-1,-1
69,29,1484.11,506.50,22.93,57.32,1,-1,-1,-1
69,31,1577.51,516.03,22.65,54.33,1,-1,-1,-1
69,32,1659.75,507.01,29.20,62.56,1,-1,-1,-1
69,33,511.95,556.17,33.50,89.51,1,-1,-1,-1
70,6,1628.27,566.91,57.86,165.29,1,-1,-1,-1
70,7,335.41,554.16,48.68,128.39,1,-1,-1,-1
70,8,1704.02,530.31,39.35,100.67,1,-1,-1,-1
70,10,380.69,560.09,49.71,124.40,1,-1,-1,-1
70,11,580.06,540.41,37.33,106.76,1,-1,-1,-1
70,12,1764.52,552.36,45.74,101.30,1,-1,-1,-1
70,14,1227.58,496.95,17.74,42.29,1,-1,-1,-1
70,15,1028.15,496.03,16.45,33.38,1,-1,-1,-1
70,22,807.16,515.70,20.59,53.90,1,-1,-1,-1
70,23,734.48,507.20,22.18,55.66,1,-1,-1,-1
70,24,1392.31,513.81,25.22,62.20,1,-1,-1,-1
70,26,1268.02,503.79,24.94,50.08,1,-1,-1,-1
70,27,540.92,549.17,38.69,98.40,1,-1,-1,-1
70,29,1482.11,510.15,22.63,55.84,1,-1,-1,-1
70,31,1577.06,516.65,22.90,55.43,1,-1,-1,-1
70,32,1661.41,516.13,27.38,56.01,1,-1,-1,-1
70,33,507.22,552.53,34.41,91.95,1,-1,-1,-1
71,6,1632.99,567.58,57.82,164.32,1,-1,-1,-1
71,7,331.20,555.49,49.74,128.19,1,-1,-1,-1
71,8,1705.48,529.16,37.98,98.52,1,-1,-1,-1
71,10,376.57,559.57,50.89,125.24,1,-1,-1,-1
71,11,576.03,540.32,39.48,107.49,1,-1,-1,-1
71,12,1767.97,550.28,46.41,103.47,1,-1,-1,-1
71,14,1227.97,496.61,18.13,41.39,1,-1,-1,-1
71,15,1024.91,494.63,16.27,33.82,1,-1,-1,-1
71,22,803.92,515.78,20.39,53.13,1,-1,-1,-1
71,23,731.22,506.88,22.26,55.34,1,-1,-1,-1
71,24,1391.79,511.95,25.35,63.53,1,-1,-1,-1
71,26,1264.78,502.84,23.58,48.83,1,-1,-1,-1
71,27,538.22,549.39,40.45,98.96,1,-1,-1,-1
71,29,1481.79,511.08,20.79,53.71,1,-1,-1,-1
71,31,1573.40,514.39,22.48,55.55,1,-1,-1,-1
71,32,1661.46,520.10,27.25,58.87,1,-1,-1,-1
71,33,511.77,553.13,33.14,93.25,1,-1,-1,-1
71,34,492.80,551.80,33.10,90.20,1,-1,-1,-1
72,6,1636.37,567.99,58.16,167.39,1,-1,-1,-1
72,7,325.14,557.78,49.85,127.64,1,-1,-1,-1
72,8,1706.21,529.04,38.00,99.77,1,-1,-1,-1
72,10,372.69,560.08,50.76,126.96,1,-1,-1,-1
72,11,573.58,539.94,39.70,108.27,1,-1,-1,-1
72,12,1773.59,550.14,44.86,102.65,1,-1,-1,-1
72,14,1229.36,497.35,18.53,40.98,1,-1,-1,-1
72,15,1021.75,495.29,15.38,32.89,1,-1,-1,-1
72,22,801.95,515.50,20.26,54.16,1,-1,-1,-1
72,23,729.15,506.81,21.73,56.57,1,-1,-1,-1
72,24,1392.63,512.29,25.59,63.72,1,-1,-1,-1
72,26,1261.95,503.15,23.52,48.18,1,-1,-1,-1
72,27,535.30,549.71,40.20,100.95,1,-1,-1,-1
72,29,1482.50,510.91,19.89,52.72,1,-1,-1,-1
72,31,1571.22,514.71,21.86,55.65,1,-1,-1,-1
72,32,1660.86,530.75,27.25,58.87,1,-1,-1,-1
72,33,516.62,553.96,33.81,95.31,1,-1,-1,-1
72,34,492.38,552.29,33.45,92.44,1,-1,-1,-1
73,6,1640.07,570.19,58.33,166.56,1,-1,-1,-1
73,7,317.87,557.46,50.73,127.89,1,-1,-1,-1
73,8,1707.95,529.26,38.00,100.70,1,-1,-1,-1
73,10,367.51,559.48,50.72,127.55,1,-1,-1,-1
73,11,569.43,540.74,36.41,107.10,1,-1,-1,-1
73,12,1778.62,551.12,44.26,103.11,1,-1,-1,-1
73,14,1229.66,497.36,18.72,40.43,1,-1,-1,-1
73,15,1019.64,493.73,15.32,34.30,1,-1,-1,-1
73,22,799.65,514.17,20.01,54.89,1,-1,-1,-1
73,23,726.96,506.76,21.22,56.17,1,-1,-1,-1
73,24,1392.05,512.54,26.02,64.48,1,-1,-1,-1
73,26,1261.40,503.38,23.93,47.70,1,-1,-1,-1
73,27,528.56,550.67,40.41,99.16,1,-1,-1,-1
73,29,1482.31,510.96,19.34,51.66,1,-1,-1,-1
73,31,1567.35,518.01,23.22,54.85,1,-1,-1,-1
73,32,1660.26,541.40,27.25,58.87,1,-1,-1,-1
73,33,517.47,555.06,33.81,95.31,1,-1,-1,-1
73,34,496.21,555.44,28.23,90.66,1,-1,-1,-1
73,35,478.10,557.20,30.40,83.40,1,-1,-1,-1
74,6,1644.92,571.89,58.94,166.73,1,-1,-1,-1
74,7,311.48,554.03,52.18,130.14,1,-1,-1,-1
74,8,1709.45,529.02,38.35,101.05,1,-1,-1,-1
74,10,363.12,558.95,51.13,128.07,1,-1,-1,-1
74,11,563.42,541.29,36.75,107.38,1,-1,-1,-1
74,12,1781.83,552.84,42.82,101.21,1,-1,-1,-1
74,14,1227.78,496.63,18.85,40.76,1,-1,-1,-1
74,15,1017.58,492.35,15.52,36.19,1,-1,-1,-1
74,22,797.01,512.58,20.00,56.09,1,-1,-1,-1
74,23,724.30,506.07,21.07,55.42,1,-1,-1,-1
74,24,1391.08,513.04,26.08,64.28,1,-1,-1,-1
74,26,1263.04,503.56,23.70,48.40,1,-1,-1,-1
74,27,519.55,550.81,43.41,100.31,1,-1,-1,-1
74,29,1482.66,512.87,18.75,48.82,1,-1,-1,-1
74,31,1564.90,519.59,22.44,54.81,1,-1,-1,-1
74,32,1659.66,552.05,27.25,58.87,1,-1,-1,-1
74,33,518.32,556.16,33.81,95.31,1,-1,-1,-1
74,34,494.35,557.91,26.67,88.80,1,-1,-1,-1
74,35,476.28,559.16,30.19,83.40,1,-1,-1,-1
75,6,1648.37,574.86,59.75,165.31,1,-1,-1,-1
75,7,306.56,554.54,51.14,129.97,1,-1,-1,-1
75,8,1710.33,528.09,37.89,102.62,1,-1,-1,-1
75,10,358.05,559.32,50.48,129.00,1,-1,-1,-1
75,11,559.64,540.12,36.86,109.28,1,-1,-1,-1
75,12,1782.20,553.17,41.69,100.43,1,-1,-1,-1
75,14,1222.42,497.49,18.67,41.42,1,-1,-1,-1
75,15,1013.75,492.83,16.14,35.36,1,-1,-1,-1
75,22,793.85,512.68,20.28,57.50,1,-1,-1,-1
75,23,721.11,505.53,20.95,56.74,1,-1,-1,-1
75,24,1390.11,514.67,26.30,63.87,1,-1,-1,-1
75,26,1261.04,505.83,23.14,47.35,1,-1,-1,-1
75,27,515.97,550.59,41.79,101.91,1,-1,-1,-1
75,29,1483.96,510.57,18.75,48.82,1,-1,-1,-1
75,31,1563.70,519.95,21.85,54.52,1,-1,-1,-1
75,33,519.17,557.26,33.81,95.31,1,-1,-1,-1
75,34,485.31,556.20,27.32,88.73,1,-1,-1,-1
75,35,465.88,558.56,30.83,84.24,1,-1,-1,-1
76,6,1649.75,575.28,61.12,169.50,1,-1,-1,-1
76,7,302.03,552.41,50.76,132.02,1,-1,-1,-1
76,8,1711.60,528.99,37.48,102.82,1,-1,-1,-1
76,10,351.39,556.66,50.91,129.77,1,-1,-1,-1
76,11,554.91,538.92,37.38,110.21,1,-1,-1,-1
76,12,1781.81,554.38,41.98,99.99,1,-1,-1,-1
76,14,1219.07,497.12,18.90,41.97,1,-1,-1,-1
76,15,1010.54,491.55,16.39,35.67,1,-1,-1,-1
76,22,791.11,512.34,20.36,57.92,1,-1,-1,-1
76,23,716.85,504.77,21.54,56.92,1,-1,-1,-1
76,24,1390.08,516.48,25.95,63.26,1,-1,-1,-1
76,26,1260.13,506.80,22.76,47.11,1,-1,-1,-1
76,27,510.92,549.52,42.64,102.67,1,-1,-1,-1
76,29,1485.26,508.27,18.75,48.82,1,-1,-1,-1
76,31,1561.65,520.94,21.05,53.74,1,-1,-1,-1
76,34,478.85,553.08,27.80,88.36,1,-1,-1,-1
76,35,456.99,556.22,30.25,84.35,1,-1,-1,-1
77,6,1652.31,577.04,60.89,168.31,1,-1,-1,-1
77,7,297.71,552.24,49.53,130.82,1,-1,-1,-1
77,8,1711.78,529.48,37.49,104.35,1,-1,-1,-1
77,10,345.43,555.64,51.32,130.14,1,-1,-1,-1
77,11,551.28,539.75,38.02,111.46,1,-1,-1,-1
77,12,1780.72,554.45,42.83,101.26,1,-1,-1,-1
77,14,1218.22,496.40,19.32,42.55,1,-1,-1,-1
77,15,1007.15,491.91,15.21,33.80,1,-1,-1,-1
77,22,788.23,512.58,20.39,56.65,1,-1,-1,-1
77,23,713.74,505.15,21.58,56.91,1,-1,-1,-1
77,24,1389.47,516.35,26.69,63.85,1,-1,-1,-1
77,26,1258.60,506.39,24.54,48.36,1,-1,-1,-1
77,27,506.49,549.16,42.75,104.09,1,-1,-1,-1
77,29,1486.56,505.97,18.75,48.82,1,-1,-1,-1
77,31,1557.71,520.62,21.36,53.64,1,-1,-1,-1
77,34,476.32,554.47,29.20,90.56,1,-1,-1,-1
77,35,454.55,556.47,30.14,85.30,1,-1,-1,-1
78,6,1655.39,579.94,61.60,168.09,1,-1,-1,-1
78,7,291.10,553.85,49.51,130.66,1,-1,-1,-1
78,8,1712.16,531.03,37.50,103.40,1,-1,-1,-1
78,10,338.88,558.20,51.52,129.83,1,-1,-1,-1
78,11,547.76,540.86,38.57,112.47,1,-1,-1,-1
78,12,1779.90,555.71,42.53,100.52,1,-1,-1,-1
78,14,1217.93,496.81,19.38,43.00,1,-1,-1,-1
78,15,1003.16,492.86,14.50,32.68,1,-1,-1,-1
78,22,784.85,513.37,20.68,56.26,1,-1,-1,-1
78,23,710.37,505.17,21.11,57.74,1,-1,-1,-1
78,24,1387.93,516.49,26.98,65.14,1,-1,-1,-1
78,26,1255.69,506.80,24.09,48.04,1,-1,-1,-1
78,27,501.52,549.88,43.00,104.38,1,-1,-1,-1
78,31,1555.03,520.39,21.67,54.66,1,-1,-1,-1
78,34,471.49,555.27,31.16,93.60,1,-1,-1,-1
78,35,450.55,555.52,31.23,89.01,1,-1,-1,-1
78,36,1363.00,512.10,24.50,54.20,1,-1,-1,-1
79,6,1657.48,581.16,62.79,168.38,1,-1,-1,-1
79,7,283.43,554.13,50.34,131.04,1,-1,-1,-1
79,8,1713.39,531.52,37.29,101.44,1,-1,-1,-1
79,10,332.87,557.14,51.37,131.00,1,-1,-1,-1
79,11,542.24,539.87,37.54,111.58,1,-1,-1,-1
79,12,1779.08,555.50,42.37,100.44,1,-1,-1,-1
79,14,1214.22,495.50,18.90,42.93,1,-1,-1,-1
79,15,1000.36,492.16,13.94,32.41,1,-1,-1,-1
79,22,781.60,512.36,20.97,56.15,1,-1,-1,-1
79,23,707.03,503.05,21.24,58.55,1,-1,-1,-1
79,24,1387.46,516.93,25.59,63.50,1,-1,-1,-1
79,26,1254.87,505.71,23.96,48.64,1,-1,-1,-1
79,27,493.57,548.83,43.49,105.79,1,-1,-1,-1
79,31,1552.82,519.52,21.48,54.69,1,-1,-1,-1
79,34,465.89,554.77,31.16,93.60,1,-1,-1,-1
79,35,446.13,554.65,31.21,89.42,1,-1,-1,-1
79,36,1359.29,511.12,24.29,53.43,1,-1,-1,-1
80,6,1659.34,579.72,64.20,170.63,1,-1,-1,-1
80,7,277.48,554.11,50.73,132.13,1,-1,-1,-1
80,8,1713.55,530.87,38.07,100.29,1,-1,-1,-1
80,10,328.37,556.56,49.85,131.07,1,-1,-1,-1
80,11,534.96,539.79,38.35,110.89,1,-1,-1,-1
80,12,1777.95,554.37,43.58,100.62,1,-1,-1,-1
80,14,1210.64,494.01,18.34,42.70,1,-1,-1,-1
80,15,996.40,491.14,13.49,32.05,1,-1,-1,-1
80,22,778.56,512.30,21.13,56.11,1,-1,-1,-1
80,23,703.94,502.62,21.63,59.43,1,-1,-1,-1
80,24,1385.87,516.43,25.60,63.85,1,-1,-1,-1
80,26,1252.13,505.09,23.57,47.63,1,-1,-1,-1
80,27,485.82,548.92,44.76,107.20,1,-1,-1,-1
80,31,1549.30,516.54,22.75,56.24,1,-1,-1,-1
80,34,460.29,554.27,31.16,93.60,1,-1,-1,-1
80,35,443.25,557.14,32.81,90.39,1,-1,-1,-1
80,36,1358.08,510.59,24.02,52.85,1,-1,-1,-1
81,6,1661.42,579.64,64.06,171.10,1,-1,-1,-1
81,7,272.26,555.00,49.24,129.73,1,-1,-1,-1
81,8,1713.67,530.32,38.51,100.16,1,-1,-1,-1
81,10,321.73,558.31,50.65,130.11,1,-1,-1,-1
81,11,528.97,539.76,38.60,111.46,1,-1,-1,-1
81,12,1777.31,552.88,44.15,100.61,1,-1,-1,-1
81,14,1211.58,493.99,18.87,42.42,1,-1,-1,-1
81,15,992.12,491.26,13.43,31.95,1,-1,-1,-1
81,22,775.69,510.98,20.83,56.59,1,-1,-1,-1
81,23,699.60,502.91,21.96,60.04,1,-1,-1,-1
81,24,1384.34,516.40,25.04,62.35,1,-1,-1,-1
81,26,1249.46,504.34,23.45,47.75,1,-1,-1,-1
81,27,480.38,549.88,43.95,107.20,1,-1,-1,-1
81,31,1548.73,515.38,22.72,56.14,1,-1,-1,-1
81,34,454.14,553.37,31.19,94.58,1,-1,-1,-1
81,35,434.79,555.89,33.36,91.24,1,-1,-1,-1
81,36,1358.08,510.46,24.22,53.23,1,-1,-1,-1
82,6,1662.18,582.00,66.33,173.41,1,-1,-1,-1
82,7,265.81,555.63,47.25,130.20,1,-1,-1,-1
82,8,1713.72,530.08,38.36,102.64,1,-1,-1,-1
82,10,315.06,558.20,51.67,130.38,1,-1,-1,-1
82,11,524.54,539.16,39.02,111.49,1,-1,-1,-1
82,12,1776.11,552.82,45.66,102.63,1,-1,-1,-1
82,14,1206.56,493.32,18.19,42.48,1,-1,-1,-1
82,15,988.88,492.91,13.27,31.63,1,-1,-1,-1
82,22,772.38,510.10,20.32,55.83,1,-1,-1,-1
82,23,696.25,502.84,21.50,59.80,1,-1,-1,-1
82,24,1383.09,515.92,26.06,64.90,1,-1,-1,-1
82,26,1248.08,504.56,24.05,47.92,1,-1,-1,-1
82,27,476.93,550.23,43.07,105.03,1,-1,-1,-1
82,31,1548.08,517.49,22.84,54.85,1,-1,-1,-1
82,34,454.33,554.75,29.87,95.78,1,-1,-1,-1
82,35,427.26,554.11,32.69,91.56,1,-1,-1,-1
82,36,1356.99,511.74,24.48,53.28,1,-1,-1,-1
83,6,1663.94,583.72,68.06,174.73,1,-1,-1,-1
83,7,257.04,557.55,49.04,132.72,1,-1,-1,-1
83,8,1712.77,530.45,38.74,104.08,1,-1,-1,-1
83,10,309.03,560.21,51.76,130.88,1,-1,-1,-1
83,11,519.51,539.88,39.64,113.88,1,-1,-1,-1
83,12,1775.14,553.05,46.74,104.85,1,-1,-1,-1
83,14,1200.57,493.01,18.20,42.42,1,-1,-1,-1
83,15,983.91,494.12,14.06,32.10,1,-1,-1,-1
83,22,767.77,510.76,20.24,57.21,1,-1,-1,-1
83,23,693.82,503.99,21.29,59.38,1,-1,-1,-1
83,24,1381.49,518.23,25.74,64.34,1,-1,-1,-1
83,26,1246.48,505.28,23.87,46.72,1,-1,-1,-1
83,27,472.25,550.49,42.53,106.55,1,-1,-1,-1
83,31,1542.50,517.88,23.51,55.31,1,-1,-1,-1
83,34,446.28,556.41,33.32,101.19,1,-1,-1,-1
83,35,421.25,557.48,31.51,89.84,1,-1,-1,-1
83,36,1356.81,512.71,24.78,53.85,1,-1,-1,-1
84,6,1666.12,580.41,69.42,179.96,1,-1,-1,-1
84,7,249.24,557.93,49.57,134.46,1,-1,-1,-1
84,8,1711.26,530.04,38.92,106.47,1,-1,-1,-1
84,10,302.36,564.04,51.93,130.90,1,-1,-1,-1
84,11,513.61,541.24,40.17,114.80,1,-1,-1,-1
84,12,1774.83,551.58,48.04,105.79,1,-1,-1,-1
84,14,1198.61,493.44,18.62,41.71,1,-1,-1,-1
84,15,979.09,494.27,13.88,32.52,1,-1,-1,-1
84,22,763.62,510.92,20.28,59.16,1,-1,-1,-1
84,23,690.59,504.41,21.02,59.60,1,-1,-1,-1
84,24,1379.16,516.42,25.22,65.50,1,-1,-1,-1
84,26,1243.31,503.86,24.31,47.13,1,-1,-1,-1
84,27,463.38,552.31,43.35,107.14,1,-1,-1,-1
84,31,1536.27,516.93,23.71,54.46,1,-1,-1,-1
84,34,424.97,558.54,47.80,97.84,1,-1,-1,-1
84,35,409.84,559.35,31.50,89.67,1,-1,-1,-1
84,36,1359.39,511.68,24.16,53.61,1,-1,-1,-1
85,6,1667.91,582.47,71.02,180.90,1,-1,-1,-1
85,7,242.61,558.65,49.24,134.91,1,-1,-1,-1
85,8,1710.60,532.10,37.86,106.77,1,-1,-1,-1
85,10,294.96,565.87,52.26,130.62,1,-1,-1,-1
85,11,507.13,543.08,40.19,113.96,1,-1,-1,-1
85,12,1775.38,551.87,48.36,106.78,1,-1,-1,-1
85,14,1195.77,494.64,18.19,41.21,1,-1,-1,-1
85,15,976.79,495.58,13.47,31.67,1,-1,-1,-1
85,22,760.25,512.31,20.36,59.61,1,-1,-1,-1
85,23,685.77,505.30,21.78,59.46,1,-1,-1,-1
85,24,1377.82,516.88,25.63,65.22,1,-1,-1,-1
85,26,1241.43,503.67,24.30,48.16,1,-1,-1,-1
85,27,455.59,554.60,43.59,108.16,1,-1,-1,-1
85,31,1533.85,517.75,22.86,53.51,1,-1,-1,-1
85,34,412.19,559.18,36.88,95.78,1,-1,-1,-1
85,35,394.12,562.81,28.84,82.83,1,-1,-1,-1
85,36,1361.27,513.75,23.56,53.25,1,-1,-1,-1
86,6,1669.77,583.07,72.26,183.84,1,-1,-1,-1
86,7,236.20,561.60,46.97,131.33,1,-1,-1,-1
86,8,1709.42,534.73,37.05,102.52,1,-1,-1,-1
86,10,287.30,568.94,51.03,128.86,1,-1,-1,-1
86,11,501.93,543.03,39.64,115.18,1,-1,-1,-1
86,12,1774.72,553.49,49.37,105.04,1,-1,-1,-1
86,14,1194.38,496.19,18.55,40.64,1,-1,-1,-1
86,15,973.55,495.27,13.70,31.34,1,-1,-1,-1
86,22,756.50,514.30,20.74,58.55,1,-1,-1,-1
86,23,681.21,505.52,21.58,59.70,1,-1,-1,-1
86,24,1376.73,517.18,25.68,65.42,1,-1,-1,-1
86,26,1240.29,504.33,24.65,48.47,1,-1,-1,-1
86,27,449.80,557.66,42.83,106.93,1,-1,-1,-1
86,31,1532.62,517.40,22.40,53.01,1,-1,-1,-1
86,34,398.48,562.10,34.02,91.94,1,-1,-1,-1
86,35,374.92,561.86,28.84,82.83,1,-1,-1,-1
86,36,1360.35,515.42,23.45,53.85,1,-1,-1,-1
86,37,420.10,562.10,29.80,96.70,1,-1,-1,-1
86,38,1336.80,507.20,23.90,54.60,1,-1,-1,-1
87,6,1672.30,584.67,74.39,184.93,1,-1,-1,-1
87,7,228.71,561.22,48.81,133.97,1,-1,-1,-1
87,8,1711.06,536.86,33.79,89.84,1,-1,-1,-1
87,10,281.23,570.48,51.08,130.57,1,-1,-1,-1
87,11,497.61,546.02,39.19,115.75,1,-1,-1,-1
87,12,1774.19,554.43,51.35,105.78,1,-1,-1,-1
87,14,1190.57,497.03,19.91,41.17,1,-1,-1,-1
87,15,970.11,495.01,13.84,30.61,1,-1,-1,-1
87,22,753.02,515.19,21.55,58.45,1,-1,-1,-1
87,23,678.70,505.22,20.89,59.56,1,-1,-1,-1
87,24,1374.63,518.84,25.97,62.25,1,-1,-1,-1
87,26,1237.11,504.47,23.78,48.28,1,-1,-1,-1
87,27,444.94,559.78,42.25,106.21,1,-1,-1,-1
87,31,1530.40,517.70,22.12,53.21,1,-1,-1,-1
87,34,392.90,562.97,34.64,92.89,1,-1,-1,-1
87,35,338.00,568.60,29.30,80.64,1,-1,-1,-1
87,36,1355.19,515.69,23.55,51.15,1,-1,-1,-1
87,37,420.10,562.10,29.80,96.70,1,-1,-1,-1
87,38,1336.73,509.02,24.18,53.55,1,-1,-1,-1
87,39,1607.10,512.60,25.00,62.10,1,-1,-1,-1
88,6,1675.20,585.56,76.08,188.41,1,-1,-1,-1
88,7,222.71,563.16,48.17,134.34,1,-1,-1,-1
88,8,1712.48,537.10,32.89,83.72,1,-1,-1,-1
88,10,276.78,570.36,50.67,132.55,1,-1,-1,-1
88,11,493.21,549.50,40.11,118.80,1,-1,-1,-1
88,12,1774.70,555.84,51.46,105.23,1,-1,-1,-1
88,14,1185.75,497.27,20.88,43.08,1,-1,-1,-1
88,15,965.10,496.39,13.81,31.16,1,-1,-1,-1
88,22,749.65,516.42,21.24,58.97,1,-1,-1,-1
88,23,674.76,507.42,21.32,59.87,1,-1,-1,-1
88,24,1372.33,519.85,26.13,64.25,1,-1,-1,-1
88,26,1233.99,505.44,23.30,48.92,1,-1,-1,-1
88,27,440.41,563.17,41.16,105.08,1,-1,-1,-1
88,31,1525.86,519.21,23.02,53.48,1,-1,-1,-1
88,34,381.96,567.43,32.02,88.91,1,-1,-1,-1
88,35,307.70,572.75,29.30,80.64,1,-1,-1,-1
88,36,1354.93,516.41,22.82,53.01,1,-1,-1,-1
88,37,411.28,564.06,33.51,100.97,1,-1,-1,-1
88,38,1330.02,511.80,24.89,52.54,1,-1,-1,-1
88,39,1608.15,512.95,25.07,61.12,1,-1,-1,-1
89,6,1678.38,586.53,75.67,190.71,1,-1,-1,-1
89,7,215.88,567.93,47.91,130.95,1,-1,-1,-1
89,8,1708.17,536.28,35.49,82.17,1,-1,-1,-1
89,10,270.85,571.25,51.46,130.98,1,-1,-1,-1
89,11,487.89,549.17,41.22,119.92,1,-1,-1,-1
89,12,1775.42,555.86,50.79,105.56,1,-1,-1,-1
89,14,1185.32,498.09,19.92,43.51,1,-1,-1,-1
89,15,960.33,498.08,13.38,31.47,1,-1,-1,-1
89,22,745.37,518.67,21.28,57.66,1,-1,-1,-1
89,23,670.97,508.03,21.03,61.08,1,-1,-1,-1
89,24,1370.54,521.32,27.02,65.54,1,-1,-1,-1
89,26,1232.72,507.51,23.23,48.56,1,-1,-1,-1
89,27,433.64,563.76,40.42,106.42,1,-1,-1,-1
89,31,1522.85,518.27,23.63,54.62,1,-1,-1,-1
89,34,378.09,569.07,32.08,93.66,1,-1,-1,-1
89,35,277.40,576.90,29.30,80.64,1,-1,-1,-1
89,36,1358.24,519.33,23.36,56.22,1,-1,-1,-1
89,37,403.71,565.67,34.27,102.53,1,-1,-1,-1
89,38,1323.97,513.42,25.67,52.58,1,-1,-1,-1
89,39,1605.57,512.92,24.39,60.76,1,-1,-1,-1
90,6,1680.09,586.98,76.95,195.32,1,-1,-1,-1
90,7,208.15,570.25,48.81,133.93,1,-1,-1,-1
90,8,1703.92,533.48,35.49,82.17,1,-1,-1,-1
90,10,265.22,573.31,50.51,132.60,1,-1,-1,-1
90,11,480.64,550.10,39.95,119.00,1,-1,-1,-1
90,12,1776.59,555.84,49.82,105.87,1,-1,-1,-1
90,14,1185.76,499.32,19.27,44.55,1,-1,-1,-1
90,15,956.62,499.03,13.82,31.91,1,-1,-1,-1
90,22,741.26,519.44,21.22,58.67,1,-1,-1,-1
90,23,668.04,509.93,20.80,60.95,1,-1,-1,-1
90,24,1369.12,523.57,27.57,65.72,1,-1,-1,-1
90,26,1228.80,508.46,23.21,48.52,1,-1,-1,-1
90,27,425.31,564.20,40.27,108.72,1,-1,-1,-1
90,31,1520.11,518.85,24.45,56.70,1,-1,-1,-1
90,34,372.05,571.29,29.92,92.15,1,-1,-1,-1
90,35,247.10,581.05,29.30,80.64,1,-1,-1,-1
90,36,1358.69,523.53,23.36,56.22,1,-1,-1,-1
90,37,394.39,566.65,35.55,105.94,1,-1,-1,-1
90,38,1322.10,515.35,25.20,51.96,1,-1,-1,-1
90,39,1598.40,513.14,24.89,60.44,1,-1,-1,-1
91,6,1681.21,587.41,79.16,201.54,1,-1,-1,-1
91,7,201.92,572.45,48.73,133.49,1,-1,-1,-1
91,8,1699.67,530.68,35.49,82.17,1,-1,-1,-1
91,10,257.78,575.62,51.55,134.84,1,-1,-1,-1
91,11,472.81,555.72,40.12,117.18,1,-1,-1,-1
91,12,1778.66,558.42,47.63,104.21,1,-1,-1,-1
91,14,1180.66,499.94,17.47,44.94,1,-1,-1,-1
91,15,952.45,501.19,13.03,31.20,1,-1,-1,-1
91,22,736.46,520.08,21.28,58.83,1,-1,-1,-1
91,23,663.44,513.13,20.87,61.13,1,-1,-1,-1
91,24,1367.51,524.38,28.22,65.71,1,-1,-1,-1
91,26,1224.66,508.31,23.41,49.91,1,-1,-1,-1
91,27,417.05,568.30,40.92,106.89,1,-1,-1,-1
91,31,1518.75,521.08,25.05,56.91,1,-1,-1,-1
91,34,356.90,570.78,31.31,90.22,1,-1,-1,-1
91,36,1357.22,524.98,23.18,56.63,1,-1,-1,-1
91,37,385.60,570.72,34.96,105.00,1,-1,-1,-1
91,38,1319.81,515.80,24.15,52.48,1,-1,-1,-1
91,39,1593.33,514.63,24.55,59.50,1,-1,-1,-1
92,6,1682.41,589.83,81.78,206.13,1,-1,-1,-1
92,7,195.92,571.66,51.79,139.17,1,-1,-1,-1
92,8,1695.42,527.88,35.49,82.17,1,-1,-1,-1
92,10,249.68,577.19,52.43,137.96,1,-1,-1,-1
92,11,467.26,558.92,39.97,119.15,1,-1,-1,-1
92,12,1782.45,562.04,44.32,100.77,1,-1,-1,-1
92,14,1178.04,500.30,18.96,45.89,1,-1,-1,-1
92,15,948.32,503.29,12.87,31.27,1,-1,-1,-1
92,22,731.44,522.00,21.15,59.23,1,-1,-1,-1
92,23,656.89,515.06,21.38,59.99,1,-1,-1,-1
92,24,1366.56,525.56,28.28,67.17,1,-1,-1,-1
92,26,1222.79,509.79,23.61,51.37,1,-1,-1,-1
92,27,410.98,571.42,42.10,108.23,1,-1,-1,-1
92,31,1517.53,523.12,24.80,56.20,1,-1,-1,-1
92,34,352.44,575.59,31.23,92.80,1,-1,-1,-1
92,36,1356.40,527.03,23.18,56.63,1,-1,-1,-1
92,37,378.10,572.23,36.74,107.87,1,-1,-1,-1
92,38,1318.00,516.88,23.35,52.14,1,-1,-1,-1
92,39,1590.25,516.33,25.28,60.69,1,-1,-1,-1
93,6,1684.02,594.65,82.35,205.76,1,-1,-1,-1
93,7,188.80,571.81,52.78,143.04,1,-1,-1,-1
93,10,241.51,581.09,53.18,138.20,1,-1,-1,-1
93,11,462.35,560.51,40.27,120.87,1,-1,-1,-1
93,12,1785.46,562.66,42.84,101.28,1,-1,-1,-1
93,14,1175.39,501.84,17.87,44.43,1,-1,-1,-1
93,15,942.78,505.84,13.66,31.64,1,-1,-1,-1
93,22,728.11,523.75,21.26,59.91,1,-1,-1,-1
93,23,651.05,518.05,20.90,59.79,1,-1,-1,-1
93,24,1364.75,527.61,28.99,68.94,1,-1,-1,-1
93,26,1220.35,511.85,22.97,51.39,1,-1,-1,-1
93,27,404.48,574.19,42.87,110.10,1,-1,-1,-1
93,31,1511.71,524.60,25.22,57.18,1,-1,-1,-1
93,34,339.99,580.02,30.72,91.89,1,-1,-1,-1
93,36,1355.57,529.08,23.18,56.63,1,-1,-1,-1
93,37,369.70,575.00,39.86,109.36,1,-1,-1,-1
93,38,1314.93,518.05,22.89,52.39,1,-1,-1,-1
93,39,1587.32,516.31,26.70,65.04,1,-1,-1,-1
94,6,1686.29,603.01,80.85,197.11,1,-1,-1,-1
94,7,182.83,575.31,52.37,141.05,1,-1,-1,-1
94,10,234.05,584.30,51.93,137.01,1,-1,-1,-1
94,11,454.85,560.96,40.85,122.99,1,-1,-1,-1
94,12,1786.14,563.83,41.69,101.29,1,-1,-1,-1
94,14,1167.96,501.64,17.75,44.90,1,-1,-1,-1
94,15,938.04,507.28,13.97,31.47,1,-1,-1,-1
94,22,724.14,525.14,20.80,60.39,1,-1,-1,-1
94,23,646.74,520.87,20.55,59.59,1,-1,-1,-1
94,24,1361.47,526.89,29.49,71.36,1,-1,-1,-1
94,26,1217.92,512.70,22.99,51.19,1,-1,-1,-1
94,27,396.82,575.39,43.03,112.13,1,-1,-1,-1
94,31,1506.67,525.44,25.14,57.82,1,-1,-1,-1
94,34,325.95,582.44,30.71,89.66,1,-1,-1,-1
94,36,1348.83,526.00,24.52,58.50,1,-1,-1,-1
94,37,361.38,577.79,39.05,109.46,1,-1,-1,-1
94,38,1311.22,518.17,23.46,53.38,1,-1,-1,-1
94,39,1583.97,515.82,27.26,69.00,1,-1,-1,-1
95,6,1689.43,605.69,80.60,198.15,1,-1,-1,-1
95,7,176.78,576.71,52.60,142.49,1,-1,-1,-1
95,10,225.25,586.10,53.03,136.72,1,-1,-1,-1
95,11,446.64,561.19,41.24,125.45,1,-1,-1,-1
95,12,1784.15,564.02,41.56,102.42,1,-1,-1,-1
95,14,1166.29,503.20,17.86,43.99,1,-1,-1,-1
95,15,933.73,507.46,13.57,30.44,1,-1,-1,-1
95,22,719.75,526.29,20.52,61.73,1,-1,-1,-1
95,23,642.58,521.06,21.50,60.23,1,-1,-1,-1
95,24,1357.18,528.63,29.57,69.08,1,-1,-1,-1
95,26,1216.19,514.67,23.07,50.43,1,-1,-1,-1
95,27,389.12,576.85,44.27,112.46,1,-1,-1,-1
95,31,1503.04,527.84,24.90,56.55,1,-1,-1,-1
95,34,321.33,585.09,31.47,92.35,1,-1,-1,-1
95,36,1336.70,526.54,24.09,53.25,1,-1,-1,-1
95,37,353.57,579.79,39.43,109.91,1,-1,-1,-1
95,38,1306.88,520.17,23.42,53.88,1,-1,-1,-1
95,39,1579.91,518.22,27.71,68.51,1,-1,-1,-1
96,6,1693.20,605.43,81.16,200.08,1,-1,-1,-1
96,7,169.82,577.77,52.04,144.39,1,-1,-1,-1
96,10,215.79,585.02,55.88,142.59,1,-1,-1,-1
96,11,439.91,565.40,42.26,128.14,1,-1,-1,-1
96,12,1782.65,564.24,42.08,103.60,1,-1,-1,-1
96,14,1165.44,504.81,18.24,45.33,1,-1,-1,-1
96,15,929.62,508.84,13.03,30.48,1,-1,-1,-1
96,22,715.44,528.73,20.72,61.85,1,-1,-1,-1
96,23,639.54,522.04,21.08,61.61,1,-1,-1,-1
96,24,1354.72,530.61,29.80,70.28,1,-1,-1,-1
96,26,1214.67,516.68,23.37,50.27,1,-1,-1,-1
96,27,382.69,578.97,43.87,113.47,1,-1,-1,-1
96,31,1499.22,528.41,24.69,56.44,1,-1,-1,-1
96,34,319.20,585.80,31.91,95.04,1,-1,-1,-1
96,36,1331.91,527.09,25.01,53.35,1,-1,-1,-1
96,37,345.64,580.38,40.25,112.42,1,-1,-1,-1
96,38,1303.41,520.93,23.83,54.53,1,-1,-1,-1
96,39,1576.99,520.14,27.70,67.38,1,-1,-1,-1
97,6,1697.34,607.08,80.42,200.58,1,-1,-1,-1
97,7,161.27,579.54,53.83,142.79,1,-1,-1,-1
97,10,209.14,585.43,57.99,144.07,1,-1,-1,-1
97,11,435.29,566.98,40.96,129.23,1,-1,-1,-1
97,12,1779.56,565.12,44.40,107.24,1,-1,-1,-1
97,14,1160.86,503.77,17.65,45.59,1,-1,-1,-1
97,15,924.99,509.01,13.50,31.47,1,-1,-1,-1
97,22,710.93,529.18,20.84,62.79,1,-1,-1,-1
97,23,636.46,522.43,20.67,61.60,1,-1,-1,-1
97,24,1352.72,531.85,30.50,69.74,1,-1,-1,-1
97,26,1210.86,516.71,23.74,50.36,1,-1,-1,-1
97,27,376.38,579.09,44.17,113.42,1,-1,-1,-1
97,31,1496.20,527.49,24.77,57.18,1,-1,-1,-1
97,34,308.88,583.51,31.55,94.45,1,-1,-1,-1
97,36,1328.23,524.91,37.25,58.29,1,-1,-1,-1
97,37,338.76,578.17,41.27,115.56,1,-1,-1,-1
97,38,1303.05,519.83,23.95,54.93,1,-1,-1,-1
97,39,1573.57,520.71,27.77,64.94,1,-1,-1,-1
98,6,1702.30,609.89,80.90,202.69,1,-1,-1,-1
98,7,151.75,582.50,55.21,142.03,1,-1,-1,-1
98,10,204.22,586.19,57.16,145.56,1,-1,-1,-1
98,11,429.59,566.29,41.69,129.42,1,-1,-1,-1
98,12,1776.63,565.78,45.38,109.87,1,-1,-1,-1
98,14,1155.96,503.60,17.69,46.23,1,-1,-1,-1
98,15,921.46,509.37,13.57,31.70,1,-1,-1,-1
98,22,707.28,529.80,21.16,62.24,1,-1,-1,-1
98,23,630.78,524.14,20.55,61.67,1,-1,-1,-1
98,24,1350.40,532.30,30.08,68.73,1,-1,-1,-1
98,26,1207.78,517.91,23.64,50.25,1,-1,-1,-1
98,27,368.20,580.59,45.45,115.16,1,-1,-1,-1
98,31,1493.61,529.21,24.51,56.91,1,-1,-1,-1
98,34,298.12,582.52,30.47,95.54,1,-1,-1,-1
98,36,1325.88,523.41,37.25,58.29,1,-1,-1,-1
98,37,330.93,578.47,40.17,116.57,1,-1,-1,-1
98,38,1299.88,522.01,23.56,53.72,1,-1,-1,-1
98,39,1567.78,519.93,26.39,66.24,1,-1,-1,-1
98,40,1690.70,549.10,40.10,101.80,1,-1,-1,-1
99,6,1705.47,611.82,80.69,205.92,1,-1,-1,-1
99,7,144.74,585.16,54.50,139.63,1,-1,-1,-1
99,10,196.48,586.93,57.68,144.61,1,-1,-1,-1
99,11,418.44,567.82,44.08,128.71,1,-1,-1,-1
99,12,1775.01,564.44,46.09,110.38,1,-1,-1,-1
99,14,1154.64,504.38,18.40,46.21,1,-1,-1,-1
99,15,917.35,510.53,13.59,31.84,1,-1,-1,-1
99,22,702.25,530.03,21.33,62.07,1,-1,-1,-1
99,23,623.92,524.57,21.36,60.22,1,-1,-1,-1
99,24,1349.00,533.66,29.25,68.71,1,-1,-1,-1
99,26,1205.60,519.11,23.12,50.42,1,-1,-1,-1
99,27,360.16,582.62,44.79,114.49,1,-1,-1,-1
99,31,1489.48,530.52,24.01,56.34,1,-1,-1,-1
99,34,291.94,585.26,30.91,97.47,1,-1,-1,-1
99,36,1323.53,521.91,37.25,58.29,1,-1,-1,-1
99,37,321.79,581.84,40.12,116.03,1,-1,-1,-1
99,38,1295.23,522.31,23.52,53.15,1,-1,-1,-1
99,39,1561.76,519.69,26.19,66.84,1,-1,-1,-1
99,40,1689.65,549.31,40.59,103.41,1,-1,-1,-1
100,6,1708.71,614.29,79.16,205.63,1,-1,-1,-1
100,7,138.03,584.71,53.17,139.40,1,-1,-1,-1
100,10,187.99,586.86,58.67,146.00,1,-1,-1,-1
100,11,407.68,571.61,43.25,129.33,1,-1,-1,-1
100,12,1773.63,561.87,46.38,111.09,1,-1,-1,-1
100,14,1153.88,503.42,18.19,47.11,1,-1,-1,-1
100,15,912.56,511.29,14.09,31.53,1,-1,-1,-1
100,22,697.69,531.21,21.59,61.32,1,-1,-1,-1
100,23,619.94,523.12,21.39,61.96,1,-1,-1,-1
100,24,1346.77,533.30,28.80,68.35,1,-1,-1,-1
100,26,1202.72,518.45,22.20,50.34,1,-1,-1,-1
100,27,353.60,584.38,44.03,113.52,1,-1,-1,-1
100,31,1488.91,529.47,24.07,56.66,1,-1,-1,-1
100,34,280.31,590.12,31.95,95.74,1,-1,-1,-1
100,36,1321.18,520.41,37.25,58.29,1,-1,-1,-1
100,37,314.17,585.09,39.48,115.17,1,-1,-1,-1
100,38,1290.47,522.28,22.95,51.01,1,-1,-1,-1
100,39,1559.25,519.98,25.92,66.74,1,-1,-1,-1
100,40,1687.80,548.83,39.90,105.64,1,-1,-1,-1
100,41,440.90,555.50,38.60,114.60,1,-1,-1,-1
101,6,1710.33,615.35,81.08,208.13,1,-1,-1,-1
101,7,126.39,584.24,53.89,139.12,1,-1,-1,-1
101,10,178.25,587.93,61.49,144.32,1,-1,-1,-1
101,11,401.46,572.88,43.36,130.71,1,-1,-1,-1
101,12,1771.31,564.83,45.76,110.75,1,-1,-1,-1
101,14,1152.68,505.04,17.92,46.89,1,-1,-1,-1
101,15,908.22,511.14,14.24,32.21,1,-1,-1,-1
101,22,693.29,531.44,21.53,61.80,1,-1,-1,-1
101,23,614.72,524.30,22.17,62.20,1,-1,-1,-1
101,24,1344.90,533.08,28.03,68.32,1,-1,-1,-1
101,26,1200.02,518.02,21.64,50.03,1,-1,-1,-1
101,27,345.66,584.35,44.64,115.04,1,-1,-1,-1
101,31,1493.20,530.22,25.14,56.83,1,-1,-1,-1
101,34,270.31,587.80,31.71,98.09,1,-1,-1,-1
101,37,304.13,584.29,39.35,114.98,1,-1,-1,-1
101,38,1282.02,523.25,23.40,50.79,1,-1,-1,-1
101,39,1558.21,522.40,25.76,64.75,1,-1,-1,-1
101,40,1685.99,550.23,39.27,108.76,1,-1,-1,-1
101,41,439.22,556.62,37.34,107.95,1,-1,-1,-1
101,42,1513.20,527.90,26.70,60.00,1,-1,-1,-1
102,6,1711.47,616.39,82.98,210.21,1,-1,-1,-1
102,7,116.61,584.81,53.62,140.16,1,-1,-1,-1
102,10,170.64,587.70,61.57,143.19,1,-1,-1,-1
102,11,395.39,573.22,43.39,129.23,1,-1,-1,-1
102,12,1769.57,568.32,45.51,107.00,1,-1,-1,-1
102,14,1146.96,506.28,17.55,46.76,1,-1,-1,-1
102,15,903.32,510.78,13.30,31.43,1,-1,-1,-1
102,22,688.08,530.27,21.93,62.08,1,-1,-1,-1
102,23,610.19,523.37,21.56,62.76,1,-1,-1,-1
102,24,1344.43,535.01,26.47,67.74,1,-1,-1,-1
102,26,1196.71,517.60,21.54,49.94,1,-1,-1,-1
102,27,336.60,584.23,45.66,116.06,1,-1,-1,-1
102,31,1493.95,531.70,24.83,56.67,1,-1,-1,-1
102,34,263.23,588.00,31.91,96.84,1,-1,-1,-1
102,37,295.95,583.96,39.32,115.27,1,-1,-1,-1
102,38,1276.55,522.66,22.77,51.99,1,-1,-1,-1
102,39,1555.37,522.89,25.23,64.37,1,-1,-1,-1
102,40,1684.26,551.47,38.59,110.68,1,-1,-1,-1
102,41,434.30,557.20,35.07,105.47,1,-1,-1,-1
102,42,1507.11,525.73,36.78,62.73,1,-1,-1,-1
103,6,1714.75,615.76,82.99,214.05,1,-1,-1,-1
103,7,108.89,585.87,54.24,141.87,1,-1,-1,-1
103,10,162.94,589.69,64.04,143.13,1,-1,-1,-1
103,11,385.81,575.31,44.87,126.90,1,-1,-1,-1
103,12,1769.09,566.91,45.92,105.53,1,-1,-1,-1
103,14,1141.69,506.04,17.80,45.88,1,-1,-1,-1
103,15,898.62,509.61,13.09,32.11,1,-1,-1,-1
103,22,683.86,529.71,22.26,63.00,1,-1,-1,-1
103,23,606.89,524.06,20.26,62.44,1,-1,-1,-1
103,24,1343.49,535.36,25.30,67.15,1,-1,-1,-1
103,26,1195.03,517.91,21.23,49.42,1,-1,-1,-1
103,27,329.65,586.66,45.69,114.97,1,-1,-1,-1
103,31,1490.89,531.06,24.11,56.20,1,-1,-1,-1
103,34,257.92,591.25,32.11,97.79,1,-1,-1,-1
103,37,288.04,586.36,39.72,115.78,1,-1,-1,-1
103,38,1275.26,523.10,22.79,52.00,1,-1,-1,-1
103,39,1551.24,521.64,24.86,61.59,1,-1,-1,-1
103,40,1682.04,550.45,37.83,111.39,1,-1,-1,-1
103,41,428.05,558.55,35.07,105.47,1,-1,-1,-1
103,42,1502.59,524.94,40.29,62.01,1,-1,-1,-1
103,43,1476.30,529.20,22.00,54.70,1,-1,-1,-1
104,6,1717.01,620.28,82.44,214.79,1,-1,-1,-1
104,7,99.44,583.43,56.17,142.17,1,-1,-1,-1
104,10,154.47,589.72,65.90,143.39,1,-1,-1,-1
104,11,374.65,575.59,46.15,127.67,1,-1,-1,-1
104,12,1767.85,568.56,46.68,105.09,1,-1,-1,-1
104,14,1137.99,505.78,18.78,46.59,1,-1,-1,-1
104,15,895.00,508.56,13.38,33.08,1,-1,-1,-1
104,22,680.12,528.79,21.10,64.05,1,-1,-1,-1
104,23,601.84,524.26,20.50,62.20,1,-1,-1,-1
104,24,1340.89,535.91,25.44,68.24,1,-1,-1,-1
104,26,1195.42,518.95,21.07,48.85,1,-1,-1,-1
104,27,322.13,585.58,45.70,114.15,1,-1,-1,-1
104,31,1492.26,531.78,24.59,56.62,1,-1,-1,-1
104,34,251.77,593.54,31.68,97.10,1,-1,-1,-1
104,37,277.99,586.10,41.39,115.37,1,-1,-1,-1
104,38,1271.58,522.67,21.61,53.26,1,-1,-1,-1
104,39,1548.03,521.66,24.68,59.99,1,-1,-1,-1
104,40,1680.21,550.68,36.97,110.63,1,-1,-1,-1
104,41,415.15,558.29,38.66,109.55,1,-1,-1,-1
104,42,1499.74,524.14,40.29,62.01,1,-1,-1,-1
104,43,1478.19,531.16,22.28,54.84,1,-1,-1,-1
105,6,1717.80,623.10,85.14,216.13,1,-1,-1,-1
105,7,91.12,581.43,54.93,143.31,1,-1,-1,-1
105,10,145.49,587.86,65.76,146.48,1,-1,-1,-1
105,11,367.83,577.48,44.01,128.32,1,-1,-1,-1
105,12,1767.68,568.93,45.71,104.26,1,-1,-1,-1
105,14,1133.61,507.45,18.37,45.76,1,-1,-1,-1
105,15,890.21,508.81,13.67,32.81,1,-1,-1,-1
105,22,675.61,528.95,21.17,64.44,1,-1,-1,-1
105,23,596.66,523.87,20.85,62.34,1,-1,-1,-1
105,24,1338.57,536.10,25.69,69.54,1,-1,-1,-1
105,26,1193.20,519.02,21.65,49.65,1,-1,-1,-1
105,27,310.91,585.92,46.40,115.59,1,-1,-1,-1
105,31,1496.12,531.95,24.60,57.80,1,-1,-1,-1
105,34,240.06,594.33,30.86,96.61,1,-1,-1,-1
105,37,268.30,586.38,39.09,116.37,1,-1,-1,-1
105,38,1266.91,522.23,21.04,53.50,1,-1,-1,-1
105,39,1544.39,523.57,25.25,60.70,1,-1,-1,-1
105,40,1678.05,550.11,36.29,110.33,1,-1,-1,-1
105,41,408.18,557.02,38.97,109.79,1,-1,-1,-1
105,42,1496.89,523.34,40.29,62.01,1,-1,-1,-1
105,43,1477.95,532.41,22.01,54.04,1,-1,-1,-1
106,6,1719.64,623.22,87.42,217.93,1,-1,-1,-1
106,7,80.94,577.36,57.78,149.53,1,-1,-1,-1
106,10,136.11,586.20,66.49,146.14,1,-1,-1,-1
106,11,363.28,574.81,43.79,128.66,1,-1,-1,-1
106,12,1768.99,570.51,42.06,103.52,1,-1,-1,-1
106,14,1130.43,507.32,18.53,45.23,1,-1,-1,-1
106,15,883.72,508.74,14.67,33.92,1,-1,-1,-1
106,22,671.41,528.64,20.84,63.78,1,-1,-1,-1
106,23,592.24,523.06,21.02,61.19,1,-1,-1,-1
106,24,1336.31,534.90,26.40,70.84,1,-1,-1,-1
106,26,1188.15,518.89,22.04,50.11,1,-1,-1,-1
106,27,301.57,585.89,47.66,119.10,1,-1,-1,-1
106,31,1495.34,531.38,24.81,57.80,1,-1,-1,-1
106,34,222.48,594.20,33.34,93.10,1,-1,-1,-1
106,37,258.69,586.33,42.18,118.98,1,-1,-1,-1
106,38,1265.98,521.92,19.40,53.85,1,-1,-1,-1
106,39,1540.61,523.63,24.73,61.47,1,-1,-1,-1
106,40,1675.98,549.99,36.30,110.17,1,-1,-1,-1
106,41,405.25,559.26,36.89,104.13,1,-1,-1,-1
106,42,1494.04,522.54,40.29,62.01,1,-1,-1,-1
106,43,1473.90,531.99,22.42,53.59,1,-1,-1,-1
107,6,1722.33,621.95,88.39,220.99,1,-1,-1,-1
107,7,70.84,577.18,56.88,148.60,1,-1,-1,-1
107,10,128.72,585.68,67.34,146.67,1,-1,-1,-1
107,11,353.86,571.45,47.09,130.86,1,-1,-1,-1
107,12,1769.88,571.15,40.27,99.17,1,-1,-1,-1
107,14,1126.57,505.05,19.21,46.33,1,-1,-1,-1
107,15,878.92,508.55,15.53,34.12,1,-1,-1,-1
107,22,666.67,529.14,21.30,62.18,1,-1,-1,-1
107,23,588.24,521.43,20.73,61.13,1,-1,-1,-1
107,24,1334.06,533.45,26.33,71.65,1,-1,-1,-1
107,26,1185.24,517.79,22.43,49.89,1,-1,-1,-1
107,27,295.81,584.44,47.41,120.78,1,-1,-1,-1
107,31,1491.33,530.56,25.57,58.99,1,-1,-1,-1
107,34,216.90,594.80,31.35,96.60,1,-1,-1,-1
107,37,249.47,587.22,44.29,118.99,1,-1,-1,-1
107,38,1263.93,521.52,19.40,53.85,1,-1,-1,-1
107,39,1536.53,522.03,24.36,63.38,1,-1,-1,-1
107,40,1673.22,548.98,36.51,109.63,1,-1,-1,-1
107,41,397.19,561.65,38.51,104.95,1,-1,-1,-1
107,43,1467.41,531.68,23.18,54.44,1,-1,-1,-1
108,6,1724.63,623.51,89.73,224.50,1,-1,-1,-1
108,7,63.81,575.52,55.71,149.16,1,-1,-1,-1
108,10,122.24,586.36,68.22,146.90,1,-1,-1,-1
108,11,344.49,570.84,46.68,135.02,1,-1,-1,-1
108,12,1772.53,572.33,38.40,93.66,1,-1,-1,-1
108,14,1122.72,504.70,19.27,45.54,1,-1,-1,-1
108,15,874.76,507.47,15.02,33.69,1,-1,-1,-1
108,22,661.81,528.64,21.65,63.25,1,-1,-1,-1
108,23,583.55,519.66,21.55,61.39,1,-1,-1,-1
108,24,1331.43,533.24,27.50,72.39,1,-1,-1,-1
108,26,1185.00,517.23,22.48,49.83,1,-1,-1,-1
108,27,286.26,582.41,48.17,123.31,1,-1,-1,-1
108,31,1490.63,531.26,25.66,59.70,1,-1,-1,-1
108,34,209.49,595.85,33.70,97.72,1,-1,-1,-1
108,37,240.07,587.37,40.87,118.93,1,-1,-1,-1
108,38,1261.88,521.12,19.40,53.85,1,-1,-1,-1
108,39,1533.07,522.75,24.53,63.60,1,-1,-1,-1
108,40,1669.23,547.83,37.41,112.69,1,-1,-1,-1
108,41,385.46,559.93,39.48,108.90,1,-1,-1,-1
108,43,1459.79,531.17,23.19,54.06,1,-1,-1,-1
108,44,1198.50,518.40,21.20,51.20,1,-1,-1,-1
109,6,1726.31,626.84,91.60,226.04,1,-1,-1,-1
109,7,57.08,576.49,55.42,148.84,1,-1,-1,-1
109,10,111.86,588.43,68.28,145.22,1,-1,-1,-1
109,11,336.60,572.75,45.64,136.20,1,-1,-1,-1
109,12,1774.48,574.43,38.40,93.66,1,-1,-1,-1
109,14,1120.11,504.88,20.06,45.58,1,-1,-1,-1
109,15,870.30,507.21,14.94,34.33,1,-1,-1,-1
109,22,657.05,527.40,22.39,64.19,1,-1,-1,-1
109,23,579.09,519.91,20.88,61.19,1,-1,-1,-1
109,24,1329.04,533.69,27.64,72.12,1,-1,-1,-1
109,26,1182.21,518.52,23.19,49.88,1,-1,-1,-1
109,27,274.70,580.75,49.03,127.50,1,-1,-1,-1
109,31,1488.59,532.64,26.39,59.35,1,-1,-1,-1
109,34,197.72,594.28,33.77,99.67,1,-1,-1,-1
109,37,232.10,586.77,40.82,119.33,1,-1,-1,-1
109,38,1259.83,520.72,19.40,53.85,1,-1,-1,-1
109,39,1529.14,524.56,24.86,63.18,1,-1,-1,-1
109,40,1666.60,549.94,37.54,111.44,1,-1,-1,-1
109,41,377.58,558.12,39.91,111.84,1,-1,-1,-1
109,43,1447.19,528.98,21.45,52.76,1,-1,-1,-1
109,44,1198.50,518.40,21.20,51.20,1,-1,-1,-1
110,6,1729.37,627.90,91.60,226.99,1,-1,-1,-1
110,7,46.20,578.42,55.06,147.06,1,-1,-1,-1
110,10,100.74,589.32,68.99,146.61,1,-1,-1,-1
110,11,326.91,574.74,46.66,132.56,1,-1,-1,-1
110,12,1770.46,573.15,39.31,95.30,1,-1,-1,-1
110,14,1116.92,504.68,20.30,46.01,1,-1,-1,-1
110,15,864.64,507.86,15.33,33.68,1,-1,-1,-1
110,22,652.59,526.42,22.26,64.48,1,-1,-1,-1
110,23,574.29,520.45,20.41,60.36,1,-1,-1,-1
110,24,1324.92,532.88,28.73,71.68,1,-1,-1,-1
110,26,1178.47,518.95,23.41,50.52,1,-1,-1,-1
110,27,265.40,581.65,48.73,128.34,1,-1,-1,-1
110,31,1479.70,532.67,26.26,57.98,1,-1,-1,-1
110,34,189.24,595.15,32.60,98.15,1,-1,-1,-1
110,37,222.36,589.45,41.30,118.89,1,-1,-1,-1
110,39,1522.44,524.99,24.47,62.21,1,-1,-1,-1
110,40,1664.23,549.44,37.93,112.95,1,-1,-1,-1
110,41,371.73,559.95,40.18,109.78,1,-1,-1,-1
110,43,1441.58,528.87,20.57,51.88,1,-1,-1,-1
110,44,1198.50,518.40,21.20,51.20,1,-1,-1,-1
111,6,1732.10,632.04,91.46,224.20,1,-1,-1,-1
111,7,38.25,577.99,55.65,150.03,1,-1,-1,-1
111,10,92.99,590.03,65.71,147.65,1,-1,-1,-1
111,11,316.87,577.74,47.39,131.33,1,-1,-1,-1
111,12,1762.18,567.93,45.32,107.34,1,-1,-1,-1
111,14,1111.94,505.09,19.25,45.72,1,-1,-1,-1
111,15,858.21,506.39,15.52,34.04,1,-1,-1,-1
111,22,647.74,525.69,21.66,65.26,1,-1,-1,-1
111,23,569.57,519.18,20.47,60.04,1,-1,-1,-1
111,24,1323.58,533.05,29.34,72.26,1,-1,-1,-1
111,26,1175.09,518.96,23.05,50.44,1,-1,-1,-1
111,27,256.77,583.88,48.15,127.26,1,-1,-1,-1
111,31,1469.46,532.69,26.01,58.49,1,-1,-1,-1
111,34,177.29,594.25,35.26,103.29,1,-1,-1,-1
111,37,213.01,590.91,39.76,119.81,1,-1,-1,-1
111,39,1516.37,523.71,25.68,63.81,1,-1,-1,-1
111,40,1661.12,549.89,37.77,113.06,1,-1,-1,-1
111,41,362.69,559.80,40.97,110.63,1,-1,-1,-1
111,43,1446.10,529.57,20.59,52.94,1,-1,-1,-1
111,44,1198.50,518.40,21.20,51.20,1,-1,-1,-1
112,6,1734.19,634.55,92.26,226.79,1,-1,-1,-1
112,7,29.94,579.32,57.99,153.09,1,-1,-1,-1
112,10,84.48,591.30,65.56,147.90,1,-1,-1,-1
112,11,308.85,579.67,45.58,133.83,1,-1,-1,-1
112,12,1758.34,568.01,49.02,107.80,1,-1,-1,-1
112,14,1107.95,505.57,19.28,44.38,1,-1,-1,-1
112,15,854.48,505.51,14.95,34.64,1,-1,-1,-1
112,22,642.58,527.05,21.34,65.43,1,-1,-1,-1
112,23,563.37,520.44,20.70,60.71,1,-1,-1,-1
112,24,1321.42,533.73,30.64,72.85,1,-1,-1,-1
112,26,1171.52,519.65,22.67,50.90,1,-1,-1,-1
112,27,246.75,583.60,48.95,130.16,1,-1,-1,-1
112,31,1465.48,532.59,26.14,59.76,1,-1,-1,-1
112,34,168.41,596.64,33.40,104.98,1,-1,-1,-1
112,37,202.60,590.71,41.47,120.92,1,-1,-1,-1
112,39,1512.53,523.15,26.95,67.02,1,-1,-1,-1
112,40,1657.93,549.44,38.28,117.64,1,-1,-1,-1
112,41,353.36,559.69,41.27,110.68,1,-1,-1,-1
112,43,1444.83,530.24,21.58,54.52,1,-1,-1,-1
113,6,1735.60,636.09,96.14,228.90,1,-1,-1,-1
113,7,17.73,579.90,58.42,153.73,1,-1,-1,-1
113,10,75.14,592.46,65.38,147.34,1,-1,-1,-1
113,11,298.35,577.46,48.46,136.47,1,-1,-1,-1
113,12,1757.20,567.03,50.83,107.17,1,-1,-1,-1
113,14,1104.57,507.16,19.23,42.64,1,-1,-1,-1
113,15,850.97,506.72,15.33,35.38,1,-1,-1,-1
113,22,637.04,528.67,21.94,65.13,1,-1,-1,-1
113,23,557.09,521.39,21.26,62.10,1,-1,-1,-1
113,24,1317.15,533.44,29.35,72.95,1,-1,-1,-1
113,26,1168.49,520.86,22.41,50.83,1,-1,-1,-1
113,27,236.06,585.26,48.36,129.49,1,-1,-1,-1
113,31,1460.70,532.50,26.46,60.14,1,-1,-1,-1
113,34,155.02,598.68,34.59,100.58,1,-1,-1,-1
113,37,190.91,591.23,42.19,123.29,1,-1,-1,-1
113,39,1507.19,522.44,28.11,69.39,1,-1,-1,-1
113,40,1656.03,546.82,39.13,122.30,1,-1,-1,-1
113,41,346.37,560.47,41.85,111.11,1,-1,-1,-1
113,43,1441.05,531.74,22.71,55.35,1,-1,-1,-1
114,6,1738.19,634.52,96.39,232.75,1,-1,-1,-1
114,7,10.14,581.48,55.12,152.94,1,-1,-1,-1
114,10,64.91,590.15,64.13,152.49,1,-1,-1,-1
114,11,287.18,578.64,49.47,135.51,1,-1,-1,-1
114,12,1754.82,565.82,52.28,106.14,1,-1,-1,-1
114,14,1101.33,507.72,18.86,41.98,1,-1,-1,-1
114,15,845.59,507.90,15.38,34.20,1,-1,-1,-1
114,22,631.46,528.70,22.05,64.90,1,-1,-1,-1
114,23,550.82,521.68,21.92,61.75,1,-1,-1,-1
114,24,1314.01,534.51,27.15,69.28,1,-1,-1,-1
114,26,1166.70,519.78,22.19,52.21,1,-1,-1,-1
114,27,225.64,588.93,47.55,127.40,1,-1,-1,-1
114,31,1456.61,532.97,25.58,58.29,1,-1,-1,-1
114,34,134.91,598.81,32.29,99.06,1,-1,-1,-1
114,37,179.75,593.66,43.25,118.89,1,-1,-1,-1
114,39,1501.70,521.37,25.93,68.56,1,-1,-1,-1
114,40,1654.54,543.50,41.07,123.07,1,-1,-1,-1
114,41,339.96,562.53,41.61,109.98,1,-1,-1,-1
114,43,1439.93,533.29,22.49,53.63,1,-1,-1,-1
115,6,1740.73,633.69,97.10,237.54,1,-1,-1,-1
115,7,5.43,584.90,52.93,151.86,1,-1,-1,-1
115,10,58.04,589.34,62.71,153.83,1,-1,-1,-1
115,11,277.63,578.83,47.18,136.55,1,-1,-1,-1
115,12,1750.63,565.71,55.72,102.19,1,-1,-1,-1
115,14,1097.61,507.23,18.89,42.55,1,-1,-1,-1
115,15,840.38,508.01,14.90,33.50,1,-1,-1,-1
115,22,626.71,528.20,22.51,65.60,1,-1,-1,-1
115,23,546.08,521.69,20.93,62.49,1,-1,-1,-1
115,24,1310.05,533.64,26.20,70.55,1,-1,-1,-1
115,26,1162.22,520.11,22.06,51.29,1,-1,-1,-1
115,27,216.96,589.57,47.79,128.80,1,-1,-1,-1
115,31,1454.63,532.09,26.01,59.49,1,-1,-1,-1
115,34,112.61,599.26,32.29,99.06,1,-1,-1,-1
115,37,170.21,592.92,43.28,116.80,1,-1,-1,-1
115,39,1496.86,521.16,25.42,68.73,1,-1,-1,-1
115,40,1654.04,541.45,41.07,123.07,1,-1,-1,-1
115,41,330.63,560.48,42.23,112.24,1,-1,-1,-1
115,43,1434.70,533.44,23.69,54.80,1,-1,-1,-1
115,45,140.60,599.30,34.30,105.80,1,-1,-1,-1
116,6,1744.50,634.30,98.29,240.73,1,-1,-1,-1
116,7,0.30,590.31,49.48,152.45,1,-1,-1,-1
116,10,48.35,592.91,62.84,152.90,1,-1,-1,-1
116,11,268.75,579.53,47.47,140.02,1,-1,-1,-1
116,12,1747.54,564.83,57.11,101.22,1,-1,-1,-1
116,14,1093.80,506.56,19.53,44.41,1,-1,-1,-1
116,15,834.73,509.04,15.67,33.92,1,-1,-1,-1
116,22,622.03,528.54,23.20,67.00,1,-1,-1,-1
116,23,541.18,523.57,20.91,62.92,1,-1,-1,-1
116,24,1306.31,533.05,25.57,67.93,1,-1,-1,-1
116,26,1157.26,520.37,22.09,51.65,1,-1,-1,-1
116,27,206.67,591.12,47.38,131.04,1,-1,-1,-1
116,31,1448.64,531.85,26.49,59.85,1,-1,-1,-1
116,34,90.31,599.71,32.29,99.06,1,-1,-1,-1
116,37,155.83,595.78,45.89,117.64,1,-1,-1,-1
116,39,1493.44,522.29,25.97,67.94,1,-1,-1,-1
116,40,1653.54,539.40,41.07,123.07,1,-1,-1,-1
116,41,321.50,562.23,41.72,112.00,1,-1,-1,-1
116,43,1428.84,533.05,24.54,56.62,1,-1,-1,-1
116,45,139.27,600.77,33.39,106.36,1,-1,-1,-1
117,6,1747.57,634.38,98.30,244.77,1,-1,-1,-1
117,7,-1.40,592.42,44.03,152.83,1,-1,-1,-1
117,10,36.94,593.49,62.32,152.55,1,-1,-1,-1
117,11,258.21,579.50,49.66,142.38,1,-1,-1,-1
117,12,1746.12,564.68,55.70,101.28,1,-1,-1,-1
117,14,1089.86,505.83,20.35,46.22,1,-1,-1,-1
117,15,827.87,508.76,16.39,35.31,1,-1,-1,-1
117,22,617.64,529.35,22.22,66.30,1,-1,-1,-1
117,23,535.67,525.57,20.48,61.99,1,-1,-1,-1
117,24,1305.72,531.81,26.92,72.46,1,-1,-1,-1
117,26,1153.74,520.34,22.31,51.96,1,-1,-1,-1
117,27,193.42,592.73,48.86,132.41,1,-1,-1,-1
117,31,1445.41,531.53,27.34,60.23,1,-1,-1,-1
117,34,68.01,600.16,32.29,99.06,1,-1,-1,-1
117,37,143.28,600.09,47.02,120.97,1,-1,-1,-1
117,39,1489.18,519.19,27.25,71.62,1,-1,-1,-1
117,40,1653.04,537.35,41.07,123.07,1,-1,-1,-1
117,41,314.82,564.14,41.92,113.75,1,-1,-1,-1
117,43,1429.45,533.96,25.42,57.03,1,-1,-1,-1
117,45,119.49,601.61,36.34,106.81,1,-1,-1,-1
118,6,1748.38,636.44,100.26,248.64,1,-1,-1,-1
118,7,2.35,597.63,38.06,140.70,1,-1,-1,-1
118,10,28.39,592.12,63.15,155.45,1,-1,-1,-1
118,11,248.36,579.09,48.92,144.50,1,-1,-1,-1
118,12,1745.11,564.38,54.86,104.37,1,-1,-1,-1
118,14,1086.69,505.68,18.14,44.53,1,-1,-1,-1
118,15,821.80,508.17,16.89,34.11,1,-1,-1,-1
118,22,612.37,529.63,21.72,66.16,1,-1,-1,-1
118,23,529.17,522.72,21.19,63.47,1,-1,-1,-1
118,24,1304.25,531.80,28.10,74.03,1,-1,-1,-1
118,26,1151.74,520.11,22.79,52.55,1,-1,-1,-1
118,27,183.79,593.48,51.34,133.59,1,-1,-1,-1
118,31,1445.99,530.38,26.89,59.51,1,-1,-1,-1
118,37,132.92,601.04,47.14,124.42,1,-1,-1,-1
118,39,1485.01,517.32,27.21,70.28,1,-1,-1,-1
118,41,307.35,564.72,41.76,113.51,1,-1,-1,-1
118,43,1431.10,534.47,25.20,56.87,1,-1,-1,-1
118,45,106.05,602.49,35.05,108.34,1,-1,-1,-1
119,6,1751.78,641.83,103.02,248.05,1,-1,-1,-1
119,7,3.55,598.38,38.06,140.70,1,-1,-1,-1
119,10,18.41,592.62,64.02,157.87,1,-1,-1,-1
119,11,237.99,583.45,49.75,145.34,1,-1,-1,-1
119,12,1743.15,564.16,56.92,109.29,1,-1,-1,-1
119,14,1082.67,504.73,18.39,44.65,1,-1,-1,-1
119,15,816.81,507.89,16.97,33.89,1,-1,-1,-1
119,22,606.41,530.09,22.19,66.61,1,-1,-1,-1
119,23,523.60,522.36,20.99,62.65,1,-1,-1,-1
119,24,1300.16,530.28,29.64,76.67,1,-1,-1,-1
119,26,1147.43,519.67,22.31,52.65,1,-1,-1,-1
119,27,175.75,596.16,50.33,132.13,1,-1,-1,-1
119,31,1444.21,529.60,26.34,57.82,1,-1,-1,-1
119,37,120.96,597.69,50.89,129.24,1,-1,-1,-1
119,39,1481.26,518.53,26.29,66.09,1,-1,-1,-1
119,41,298.54,564.94,41.93,114.13,1,-1,-1,-1
119,43,1428.24,534.02,25.13,56.05,1,-1,-1,-1
119,45,103.10,605.59,35.05,108.34,1,-1,-1,-1
120,6,1754.94,642.07,105.18,252.08,1,-1,-1,-1
120,7,4.75,599.13,38.06,140.70,1,-1,-1,-1
120,10,7.79,596.20,62.19,157.12,1,-1,-1,-1
120,11,227.95,587.84,50.55,145.52,1,-1,-1,-1
120,12,1741.87,564.61,56.91,110.07,1,-1,-1,-1
120,14,1078.78,505.53,18.68,43.49,1,-1,-1,-1
120,15,812.25,508.02,16.57,33.62,1,-1,-1,-1
120,22,600.91,531.66,22.06,65.55,1,-1,-1,-1
120,23,517.62,524.23,21.07,62.83,1,-1,-1,-1
120,24,1297.98,530.05,30.94,79.35,1,-1,-1,-1
120,26,1140.72,519.77,22.23,52.41,1,-1,-1,-1
120,27,162.83,598.74,50.59,130.57,1,-1,-1,-1
120,31,1446.18,528.67,25.61,58.44,1,-1,-1,-1
120,37,110.38,599.03,50.69,129.98,1,-1,-1,-1
120,39,1476.57,519.27,26.30,66.38,1,-1,-1,-1
120,41,290.85,565.29,42.05,115.93,1,-1,-1,-1
120,43,1424.92,532.58,24.97,56.86,1,-1,-1,-1
120,45,83.31,606.60,35.86,106.21,1,-1,-1,-1
120,46,1413.40,532.00,21.90,55.40,1,-1,-1,-1
121,6,1756.32,642.40,106.66,254.82,1,-1,-1,-1
121,7,5.95,599.88,38.06,140.70,1,-1,-1,-1
121,10,2.35,599.54,58.91,156.20,1,-1,-1,-1
121,11,218.55,591.55,48.91,144.53,1,-1,-1,-1
121,12,1740.19,563.53,57.60,111.28,1,-1,-1,-1
121,14,1074.76,505.53,19.53,42.31,1,-1,-1,-1
121,15,807.65,507.98,16.80,33.05,1,-1,-1,-1
121,22,595.52,532.13,22.23,64.96,1,-1,-1,-1
121,23,512.52,524.41,20.53,62.39,1,-1,-1,-1
121,24,1296.26,529.40,31.40,79.81,1,-1,-1,-1
121,26,1138.93,519.67,22.70,53.10,1,-1,-1,-1
121,27,152.71,597.59,51.37,133.11,1,-1,-1,-1
121,31,1449.61,529.93,24.20,58.27,1,-1,-1,-1
121,37,97.66,599.57,50.98,131.95,1,-1,-1,-1
121,39,1471.73,518.88,25.81,67.93,1,-1,-1,-1
121,41,284.31,566.01,41.10,116.26,1,-1,-1,-1
121,43,1422.52,531.53,24.97,56.86,1,-1,-1,-1
121,45,72.15,604.77,34.07,113.41,1,-1,-1,-1
121,46,1409.34,532.00,22.04,55.26,1,-1,-1,-1
122,6,1758.55,644.27,105.92,253.62,1,-1,-1,-1
122,10,-0.23,599.12,54.77,157.67,1,-1,-1,-1
122,11,207.77,591.61,49.88,147.38,1,-1,-1,-1
122,12,1738.24,562.77,56.41,111.92,1,-1,-1,-1
122,14,1071.59,505.48,18.67,41.95,1,-1,-1,-1
122,15,803.45,507.84,16.45,32.94,1,-1,-1,-1
122,22,591.08,530.14,23.05,66.74,1,-1,-1,-1
122,23,507.75,524.27,20.65,63.31,1,-1,-1,-1
122,24,1292.31,529.01,33.08,80.01,1,-1,-1,-1
122,26,1137.58,518.87,22.49,53.52,1,-1,-1,-1
122,27,143.66,600.91,49.78,129.95,1,-1,-1,-1
122,31,1446.13,531.95,24.27,57.59,1,-1,-1,-1
122,37,85.94,599.24,52.88,132.83,1,-1,-1,-1
122,39,1468.50,517.30,26.01,68.40,1,-1,-1,-1
122,41,275.87,566.91,41.10,117.34,1,-1,-1,-1
122,43,1419.13,530.91,25.97,57.59,1,-1,-1,-1
122,45,69.20,608.47,34.07,113.41,1,-1,-1,-1
122,46,1406.06,532.88,22.71,54.66,1,-1,-1,-1
123,6,1762.20,645.71,104.93,253.96,1,-1,-1,-1
123,10,-1.12,601.98,46.39,155.45,1,-1,-1,-1
123,11,196.57,589.31,52.13,152.08,1,-1,-1,-1
123,12,1735.63,563.80,54.86,113.10,1,-1,-1,-1
123,14,1068.21,506.95,18.34,40.87,1,-1,-1,-1
123,15,797.55,508.48,17.40,33.68,1,-1,-1,-1
123,22,586.16,529.84,23.08,67.55,1,-1,-1,-1
123,23,501.83,525.91,20.75,62.88,1,-1,-1,-1
123,24,1290.23,530.32,33.37,78.46,1,-1,-1,-1
123,26,1134.31,519.26,21.59,52.81,1,-1,-1,-1
123,27,130.79,603.48,50.00,132.51,1,-1,-1,-1
123,31,1443.77,531.17,24.15,58.37,1,-1,-1,-1
123,37,73.68,604.55,52.96,132.18,1,-1,-1,-1
123,39,1464.79,518.13,25.23,67.21,1,-1,-1,-1
123,41,266.79,565.57,42.36,122.28,1,-1,-1,-1
123,43,1416.35,530.54,25.97,57.59,1,-1,-1,-1
123,45,66.25,612.17,34.07,113.41,1,-1,-1,-1
123,46,1407.05,533.58,23.96,55.60,1,-1,-1,-1
123,47,1257.70,524.10,23.00,55.50,1,-1,-1,-1
124,6,1765.43,647.89,106.73,254.62,1,-1,-1,-1
124,10,1.98,599.95,36.46,151.64,1,-1,-1,-1
124,11,185.18,591.85,50.43,150.98,1,-1,-1,-1
124,12,1733.15,564.71,54.33,114.29,1,-1,-1,-1
124,14,1064.83,506.73,18.24,42.01,1,-1,-1,-1
124,15,790.62,509.48,17.54,33.69,1,-1,-1,-1
124,22,580.54,531.38,22.61,67.24,1,-1,-1,-1
124,23,495.75,525.55,21.21,63.73,1,-1,-1,-1
124,24,1289.05,531.09,33.11,79.33,1,-1,-1,-1
124,26,1130.38,519.85,22.23,53.50,1,-1,-1,-1
124,27,120.48,603.99,51.47,134.74,1,-1,-1,-1
124,31,1434.01,525.97,34.55,62.03,1,-1,-1,-1
124,37,61.23,608.54,52.85,131.56,1,-1,-1,-1
124,39,1458.85,519.75,25.42,66.50,1,-1,-1,-1
124,41,258.96,566.94,43.86,122.85,1,-1,-1,-1
124,43,1413.58,530.16,25.97,57.59,1,-1,-1,-1
124,45,63.30,615.87,34.07,113.41,1,-1,-1,-1
124,46,1407.85,533.27,25.74,57.49,1,-1,-1,-1
124,47,1255.32,523.89,22.37,54.17,1,-1,-1,-1
125,6,1769.93,649.29,107.06,255.23,1,-1,-1,-1
125,10,1.18,593.00,36.46,151.64,1,-1,-1,-1
125,11,172.88,593.73,53.35,152.88,1,-1,-1,-1
125,12,1730.63,565.47,53.54,111.29,1,-1,-1,-1
125,14,1060.78,506.28,18.84,42.28,1,-1,-1,-1
125,15,784.51,508.98,17.09,33.00,1,-1,-1,-1
125,22,574.82,531.54,22.60,67.21,1,-1,-1,-1
125,23,488.79,525.56,21.69,62.59,1,-1,-1,-1
125,24,1286.97,532.84,31.35,77.14,1,-1,-1,-1
125,26,1126.91,519.10,22.91,54.76,1,-1,-1,-1
125,27,109.95,606.48,51.63,132.33,1,-1,-1,-1
125,31,1426.36,521.82,34.55,62.03,1,-1,-1,-1
125,37,53.79,610.58,51.13,131.31,1,-1,-1,-1
125,39,1453.47,519.48,25.55,65.52,1,-1,-1,-1
125,41,251.50,568.90,43.61,123.66,1,-1,-1,-1
125,43,1410.80,529.79,25.97,57.59,1,-1,-1,-1
125,46,1406.36,533.74,25.78,57.22,1,-1,-1,-1
125,47,1251.63,522.82,22.39,55.31,1,-1,-1,-1
126,6,1774.00,649.27,111.01,263.61,1,-1,-1,-1
126,10,5.85,610.24,33.20,116.61,1,-1,-1,-1
126,11,162.91,593.60,53.66,154.99,1,-1,-1,-1
126,12,1728.51,565.06,54.00,109.83,1,-1,-1,-1
126,14,1057.02,505.09,18.46,43.90,1,-1,-1,-1
126,15,782.01,509.11,16.26,31.88,1,-1,-1,-1
126,22,568.94,532.33,22.95,67.13,1,-1,-1,-1
126,23,483.61,524.81,21.70,64.84,1,-1,-1,-1
126,24,1283.68,532.40,29.29,76.69,1,-1,-1,-1
126,26,1124.06,518.93,23.32,55.35,1,-1,-1,-1
126,27,97.24,608.88,52.52,133.92,1,-1,-1,-1
126,31,1418.71,517.67,34.55,62.03,1,-1,-1,-1
126,37,44.13,614.27,51.74,130.67,1,-1,-1,-1
126,39,1450.10,520.12,25.65,64.25,1,-1,-1,-1
126,41,243.37,572.19,43.46,122.08,1,-1,-1,-1
126,46,1400.91,534.42,25.37,56.30,1,-1,-1,-1
126,47,1249.33,523.36,22.47,55.02,1,-1,-1,-1
127,6,1776.53,650.94,114.08,267.73,1,-1,-1,-1
127,10,7.10,609.39,33.20,116.61,1,-1,-1,-1
127,11,151.65,594.42,54.46,158.57,1,-1,-1,-1
127,12,1726.56,563.15,54.91,112.26,1,-1,-1,-1
127,14,1053.35,505.93,18.49,43.83,1,-1,-1,-1
127,15,777.16,510.86,15.80,32.10,1,-1,-1,-1
127,22,564.45,534.86,23.83,66.41,1,-1,-1,-1
127,23,480.29,527.12,21.91,65.51,1,-1,-1,-1
127,24,1280.10,532.14,29.23,77.54,1,-1,-1,-1
127,26,1120.70,520.47,23.52,54.68,1,-1,-1,-1
127,27,87.24,612.58,52.16,132.58,1,-1,-1,-1
127,31,1413.68,527.51,27.23,59.42,1,-1,-1,-1
127,37,30.61,615.95,54.02,134.54,1,-1,-1,-1
127,39,1447.40,521.68,26.11,65.47,1,-1,-1,-1
127,41,235.02,573.80,43.84,123.77,1,-1,-1,-1
127,46,1395.83,533.67,26.79,57.91,1,-1,-1,-1
127,47,1245.07,524.76,23.05,55.08,1,-1,-1,-1
128,6,1781.17,654.25,114.09,267.78,1,-1,-1,-1
128,10,8.35,608.54,33.20,116.61,1,-1,-1,-1
128,11,141.09,595.64,54.70,160.48,1,-1,-1,-1
128,12,1724.23,562.41,55.81,113.97,1,-1,-1,-1
128,14,1049.99,506.99,17.66,44.16,1,-1,-1,-1
128,15,769.50,511.44,16.01,32.45,1,-1,-1,-1
128,22,560.30,534.24,23.95,67.24,1,-1,-1,-1
128,23,475.22,528.99,22.04,65.29,1,-1,-1,-1
128,24,1277.33,532.48,29.84,79.19,1,-1,-1,-1
128,26,1115.48,520.89,22.95,54.14,1,-1,-1,-1
128,27,76.03,612.06,53.66,135.39,1,-1,-1,-1
128,31,1414.26,529.24,25.46,58.78,1,-1,-1,-1
128,37,18.32,619.48,53.94,131.92,1,-1,-1,-1
128,39,1442.49,521.21,25.68,66.33,1,-1,-1,-1
128,41,226.46,571.97,44.23,126.52,1,-1,-1,-1
128,46,1389.71,533.46,28.62,58.67,1,-1,-1,-1
128,47,1240.99,525.43,22.67,55.44,1,-1,-1,-1
129,6,1786.26,653.14,115.08,275.07,1,-1,-1,-1
129,10,9.60,607.69,33.20,116.61,1,-1,-1,-1
129,11,130.21,596.01,54.84,163.36,1,-1,-1,-1
129,12,1723.19,561.45,56.22,114.69,1,-1,-1,-1
129,14,1045.12,507.09,18.88,42.86,1,-1,-1,-1
129,15,762.97,511.09,16.63,32.70,1,-1,-1,-1
129,22,554.88,533.56,23.00,67.56,1,-1,-1,-1
129,23,469.21,528.66,21.87,64.95,1,-1,-1,-1
129,24,1274.87,530.77,31.77,81.30,1,-1,-1,-1
129,26,1112.77,520.34,23.12,55.09,1,-1,-1,-1
129,27,65.63,612.41,53.27,140.37,1,-1,-1,-1
129,31,1415.95,526.91,25.21,59.07,1,-1,-1,-1
129,37,8.53,618.58,51.32,136.60,1,-1,-1,-1
129,39,1438.21,520.50,25.06,66.03,1,-1,-1,-1
129,41,218.04,574.71,42.95,124.62,1,-1,-1,-1
129,46,1384.34,533.27,28.40,58.90,1,-1,-1,-1
129,47,1231.89,523.54,22.76,56.04,1,-1,-1,-1
130,6,1789.14,654.97,115.44,276.07,1,-1,-1,-1
130,11,118.35,599.36,54.88,163.60,1,-1,-1,-1
130,12,1720.05,559.84,59.08,115.26,1,-1,-1,-1
130,14,1041.35,507.25,18.47,43.03,1,-1,-1,-1
130,15,758.09,511.42,17.24,34.31,1,-1,-1,-1
130,22,548.68,535.11,23.21,67.59,1,-1,-1,-1
130,23,463.49,528.57,21.61,64.77,1,-1,-1,-1
130,24,1272.48,531.30,32.42,80.95,1,-1,-1,-1
130,26,1110.52,520.53,23.18,54.82,1,-1,-1,-1
130,27,53.86,616.86,54.41,141.44,1,-1,-1,-1
130,31,1419.73,528.05,24.78,59.09,1,-1,-1,-1
130,37,0.09,621.25,49.28,138.56,1,-1,-1,-1
130,39,1436.04,523.24,24.25,64.54,1,-1,-1,-1
130,41,210.37,577.88,42.70,124.32,1,-1,-1,-1
130,46,1381.02,533.72,27.42,58.69,1,-1,-1,-1
130,47,1224.45,522.71,23.00,56.92,1,-1,-1,-1
131,6,1792.85,659.00,116.46,275.81,1,-1,-1,-1
131,11,105.26,603.28,55.38,160.80,1,-1,-1,-1
131,12,1716.06,559.61,61.54,115.22,1,-1,-1,-1
131,14,1038.40,508.27,17.79,42.31,1,-1,-1,-1
131,15,753.18,511.70,17.63,33.18,1,-1,-1,-1
131,22,543.68,536.02,22.92,68.09,1,-1,-1,-1
131,23,456.38,528.97,22.23,64.51,1,-1,-1,-1
131,24,1270.25,533.63,32.62,79.51,1,-1,-1,-1
131,26,1106.56,521.26,23.19,54.46,1,-1,-1,-1
131,27,41.61,616.43,55.38,142.39,1,-1,-1,-1
131,31,1428.67,527.21,23.95,61.90,1,-1,-1,-1
131,37,-0.76,618.24,41.73,141.53,1,-1,-1,-1
131,39,1421.44,530.48,24.28,61.57,1,-1,-1,-1
131,41,200.95,576.18,44.31,127.74,1,-1,-1,-1
131,46,1377.78,533.64,28.04,58.35,1,-1,-1,-1
131,47,1225.07,523.57,23.42,56.84,1,-1,-1,-1
132,6,1798.19,662.11,118.31,276.50,1,-1,-1,-1
132,11,92.19,605.44,54.98,161.22,1,-1,-1,-1
132,12,1712.06,559.96,63.40,115.07,1,-1,-1,-1
132,14,1034.47,507.44,18.22,43.77,1,-1,-1,-1
132,15,749.13,510.93,17.26,33.54,1,-1,-1,-1
132,22,538.67,536.94,23.12,66.56,1,-1,-1,-1
132,23,451.15,528.48,22.35,65.83,1,-1,-1,-1
132,24,1268.00,533.51,32.32,80.83,1,-1,-1,-1
132,26,1103.20,521.27,23.41,54.49,1,-1,-1,-1
132,27,29.72,612.71,55.67,146.39,1,-1,-1,-1
132,31,1429.89,524.46,24.13,65.19,1,-1,-1,-1
132,37,-3.81,613.54,41.73,141.53,1,-1,-1,-1
132,39,1401.54,537.08,24.28,61.57,1,-1,-1,-1
132,41,192.76,575.68,42.76,127.99,1,-1,-1,-1
132,46,1371.94,533.90,27.03,57.61,1,-1,-1,-1
132,47,1223.37,522.76,23.83,56.88,1,-1,-1,-1
133,6,1803.47,663.85,117.95,288.33,1,-1,-1,-1
133,11,80.64,609.69,54.43,158.90,1,-1,-1,-1
133,12,1709.10,561.85,62.56,114.32,1,-1,-1,-1
133,14,1029.64,507.16,19.26,43.30,1,-1,-1,-1
133,15,745.15,511.42,16.31,32.74,1,-1,-1,-1
133,22,534.05,537.95,23.95,66.10,1,-1,-1,-1
133,23,446.11,530.23,22.32,65.18,1,-1,-1,-1
133,24,1264.44,534.55,32.80,81.93,1,-1,-1,-1
133,26,1102.17,520.63,23.82,55.62,1,-1,-1,-1
133,27,17.05,612.08,56.74,153.68,1,-1,-1,-1
133,31,1425.79,523.86,25.09,66.04,1,-1,-1,-1
133,37,-6.86,608.84,41.73,141.53,1,-1,-1,-1
133,39,1381.64,543.68,24.28,61.57,1,-1,-1,-1
133,41,182.95,577.95,45.03,126.60,1,-1,-1,-1
133,46,1364.25,534.31,27.15,59.28,1,-1,-1,-1
133,47,1216.24,521.99,23.60,58.36,1,-1,-1,-1
133,48,1588.00,551.40,41.60,115.90,1,-1,-1,-1
134,6,1807.97,667.60,114.49,294.68,1,-1,-1,-1
134,11,66.99,606.96,57.21,164.43,1,-1,-1,-1
134,12,1707.09,562.82,61.82,116.06,1,-1,-1,-1
134,14,1025.26,506.96,18.94,45.26,1,-1,-1,-1
134,15,739.84,511.89,16.16,33.20,1,-1,-1,-1
134,22,529.53,539.05,23.00,65.96,1,-1,-1,-1
134,23,439.06,531.77,23.14,65.96,1,-1,-1,-1
134,24,1262.49,536.92,32.10,80.16,1,-1,-1,-1
134,26,1098.44,521.87,23.88,54.90,1,-1,-1,-1
134,27,7.07,618.14,56.01,152.71,1,-1,-1,-1
134,31,1419.79,525.02,25.94,66.08,1,-1,-1,-1
134,37,-9.91,604.14,41.73,141.53,1,-1,-1,-1
134,39,1352.12,539.65,23.81,57.60,1,-1,-1,-1
134,41,174.75,580.23,44.59,128.14,1,-1,-1,-1
134,46,1359.79,534.58,27.39,59.23,1,-1,-1,-1
134,47,1209.48,522.98,24.30,58.18,1,-1,-1,-1
134,48,1586.25,551.12,41.88,116.18,1,-1,-1,-1
135,6,1809.83,671.50,112.33,292.66,1,-1,-1,-1
135,11,53.98,600.85,57.97,173.86,1,-1,-1,-1
135,12,1704.90,561.99,61.53,116.72,1,-1,-1,-1
135,14,1021.12,507.78,18.70,44.73,1,-1,-1,-1
135,15,734.62,511.98,16.75,33.90,1,-1,-1,-1
135,22,523.24,539.08,23.14,66.62,1,-1,-1,-1
135,23,433.52,532.07,22.97,66.41,1,-1,-1,-1
135,24,1258.96,537.75,31.68,77.60,1,-1,-1,-1
135,26,1091.07,522.58,23.40,54.13,1,-1,-1,-1
135,27,-0.07,622.99,51.59,152.35,1,-1,-1,-1
135,31,1413.71,525.04,25.42,66.65,1,-1,-1,-1
135,39,1329.20,539.75,23.81,57.60,1,-1,-1,-1
135,41,165.17,579.90,45.51,131.12,1,-1,-1,-1
135,46,1355.90,533.35,28.03,59.91,1,-1,-1,-1
135,47,1202.84,522.96,22.97,57.14,1,-1,-1,-1
135,48,1582.45,550.21,41.89,116.33,1,-1,-1,-1
136,6,1812.64,673.21,108.95,294.44,1,-1,-1,-1
136,11,42.46,603.70,59.60,172.07,1,-1,-1,-1
136,12,1702.93,561.21,60.81,115.59,1,-1,-1,-1
136,14,1017.18,506.00,19.40,44.57,1,-1,-1,-1
136,15,728.58,512.32,16.29,35.23,1,-1,-1,-1
136,22,517.55,538.21,23.39,67.73,1,-1,-1,-1
136,23,426.67,531.44,23.34,66.05,1,-1,-1,-1
136,24,1255.18,536.12,32.04,78.44,1,-1,-1,-1
136,26,1088.61,521.22,23.82,54.88,1,-1,-1,-1
136,27,-2.29,622.68,44.46,157.64,1,-1,-1,-1
136,31,1410.29,524.85,23.73,65.99,1,-1,-1,-1
136,39,1306.29,539.85,23.81,57.60,1,-1,-1,-1
136,41,156.36,579.82,45.36,131.46,1,-1,-1,-1
136,46,1351.92,532.62,28.36,59.13,1,-1,-1,-1
136,47,1196.79,521.67,23.76,57.67,1,-1,-1,-1
136,48,1579.05,549.26,42.25,117.57,1,-1,-1,-1
137,6,1819.22,674.33,102.54,302.53,1,-1,-1,-1
137,11,30.24,605.21,62.26,175.24,1,-1,-1,-1
137,12,1700.71,561.58,60.94,113.71,1,-1,-1,-1
137,14,1013.54,505.71,19.26,43.75,1,-1,-1,-1
137,15,723.66,513.23,16.51,34.44,1,-1,-1,-1
137,22,512.41,538.63,22.77,66.94,1,-1,-1,-1
137,23,421.64,531.16,23.59,67.21,1,-1,-1,-1
137,24,1252.18,534.56,32.43,80.23,1,-1,-1,-1
137,26,1087.42,520.26,23.60,55.73,1,-1,-1,-1
137,27,1.29,617.51,36.37,162.30,1,-1,-1,-1
137,31,1407.28,525.85,23.22,65.58,1,-1,-1,-1
137,39,1283.37,539.95,23.81,57.60,1,-1,-1,-1
137,41,147.61,581.28,46.16,131.84,1,-1,-1,-1
137,46,1347.36,532.97,28.60,59.53,1,-1,-1,-1
137,47,1196.40,521.62,24.35,59.02,1,-1,-1,-1
137,48,1575.16,548.24,43.12,119.41,1,-1,-1,-1
138,6,1827.01,679.89,95.37,304.82,1,-1,-1,-1
138,11,15.90,606.22,63.90,173.46,1,-1,-1,-1
138,12,1698.08,561.64,61.82,114.47,1,-1,-1,-1
138,14,1010.02,506.37,19.08,43.65,1,-1,-1,-1
138,15,718.00,511.68,15.59,33.08,1,-1,-1,-1
138,22,507.57,539.32,23.21,66.91,1,-1,-1,-1
138,23,416.94,532.60,23.60,66.50,1,-1,-1,-1
138,24,1250.30,535.41,32.83,79.58,1,-1,-1,-1
138,26,1083.36,520.43,23.74,55.36,1,-1,-1,-1
138,27,0.64,613.31,36.37,162.30,1,-1,-1,-1
138,31,1404.23,525.66,23.28,65.73,1,-1,-1,-1
138,39,1273.02,534.98,24.22,60.96,1,-1,-1,-1
138,41,138.50,581.71,45.98,132.44,1,-1,-1,-1
138,46,1343.17,533.22,28.25,59.51,1,-1,-1,-1
138,47,1195.88,521.70,24.03,59.36,1,-1,-1,-1
138,48,1570.93,549.10,43.04,118.07,1,-1,-1,-1
139,6,1833.87,679.83,88.67,312.30,1,-1,-1,-1
139,11,4.92,605.96,61.03,174.47,1,-1,-1,-1
139,12,1695.95,562.16,61.74,115.47,1,-1,-1,-1
139,14,1006.67,506.31,18.74,43.54,1,-1,-1,-1
139,15,712.10,510.30,14.48,32.74,1,-1,-1,-1
139,22,502.36,538.21,24.11,67.81,1,-1,-1,-1
139,23,410.43,531.50,24.02,67.27,1,-1,-1,-1
139,24,1247.08,534.58,33.37,81.27,1,-1,-1,-1
139,26,1077.22,519.78,23.50,55.18,1,-1,-1,-1
139,27,-0.01,609.11,36.37,162.30,1,-1,-1,-1
139,31,1401.13,523.44,23.57,67.60,1,-1,-1,-1
139,39,1255.72,535.21,24.22,60.96,1,-1,-1,-1
139,41,129.57,578.97,45.29,134.93,1,-1,-1,-1
139,46,1341.16,530.74,28.28,61.25,1,-1,-1,-1
139,47,1192.83,520.64,23.80,59.53,1,-1,-1,-1
139,48,1566.95,550.13,43.29,118.58,1,-1,-1,-1
140,6,1839.35,674.29,83.09,321.89,1,-1,-1,-1
140,11,-0.22,608.70,57.02,175.54,1,-1,-1,-1
140,12,1694.72,561.88,61.01,116.19,1,-1,-1,-1
140,14,1003.62,505.50,18.78,44.56,1,-1,-1,-1
140,15,707.75,509.72,14.77,33.34,1,-1,-1,-1
140,22,496.69,537.13,23.82,68.36,1,-1,-1,-1
140,23,404.74,529.74,25.41,69.25,1,-1,-1,-1
140,24,1245.68,534.19,32.97,80.24,1,-1,-1,-1
140,26,1072.98,519.50,24.13,55.12,1,-1,-1,-1
140,27,-0.66,604.91,36.37,162.30,1,-1,-1,-1
140,31,1397.93,522.85,23.94,68.72,1,-1,-1,-1
140,39,1238.42,535.45,24.22,60.96,1,-1,-1,-1
140,41,119.86,578.91,46.42,135.82,1,-1,-1,-1
140,46,1336.73,530.31,26.34,61.15,1,-1,-1,-1
140,47,1186.79,519.93,24.08,59.51,1,-1,-1,-1
140,48,1563.40,548.32,43.02,118.87,1,-1,-1,-1
141,6,1844.98,672.46,77.22,329.67,1,-1,-1,-1
141,11,-1.27,608.58,48.89,182.65,1,-1,-1,-1
141,12,1693.58,560.44,60.79,116.83,1,-1,-1,-1
141,14,1000.07,504.40,19.42,45.57,1,-1,-1,-1
141,15,701.98,508.78,14.58,35.69,1,-1,-1,-1
141,22,491.91,537.08,23.95,69.23,1,-1,-1,-1
141,23,400.75,529.00,24.49,69.64,1,-1,-1,-1
141,24,1246.61,533.99,32.78,80.91,1,-1,-1,-1
141,26,1071.28,519.36,24.04,55.39,1,-1,-1,-1
141,31,1392.33,522.07,25.73,69.83,1,-1,-1,-1
141,39,1221.12,535.69,24.22,60.96,1,-1,-1,-1
141,41,112.02,580.53,47.39,137.28,1,-1,-1,-1
141,46,1332.99,528.67,26.45,61.11,1,-1,-1,-1
141,47,1180.52,519.22,25.07,60.62,1,-1,-1,-1
141,48,1560.55,546.01,42.87,119.87,1,-1,-1,-1
142,6,1847.98,677.56,77.22,329.67,1,-1,-1,-1
142,11,-7.42,611.43,48.89,182.65,1,-1,-1,-1
142,12,1692.83,558.26,59.26,117.93,1,-1,-1,-1
142,14,996.38,503.88,20.11,45.31,1,-1,-1,-1
142,15,700.43,509.07,14.80,34.93,1,-1,-1,-1
142,22,488.14,537.70,23.98,69.00,1,-1,-1,-1
142,23,395.15,528.85,25.48,69.75,1,-1,-1,-1
142,24,1246.26,533.20,32.65,81.95,1,-1,-1,-1
142,26,1070.19,519.54,23.94,55.54,1,-1,-1,-1
142,31,1387.22,522.42,26.13,67.99,1,-1,-1,-1
142,39,1193.09,526.46,24.84,59.59,1,-1,-1,-1
142,41,104.87,581.06,47.40,138.27,1,-1,-1,-1
142,46,1332.89,528.55,26.14,60.40,1,-1,-1,-1
142,47,1174.27,520.64,23.97,58.44,1,-1,-1,-1
142,48,1558.11,545.74,42.61,119.75,1,-1,-1,-1
143,6,1850.98,682.66,77.22,329.67,1,-1,-1,-1
143,11,-13.57,614.28,48.89,182.65,1,-1,-1,-1
143,12,1691.53,558.45,58.03,117.98,1,-1,-1,-1
143,14,993.62,503.42,20.52,45.37,1,-1,-1,-1
143,15,701.73,508.42,14.80,34.93,1,-1,-1,-1
143,22,484.32,535.92,23.65,70.12,1,-1,-1,-1
143,23,390.88,528.20,25.07,70.70,1,-1,-1,-1
143,24,1244.05,532.76,32.83,83.60,1,-1,-1,-1
143,26,1068.96,520.07,23.56,54.53,1,-1,-1,-1
143,31,1382.76,522.05,25.55,69.61,1,-1,-1,-1
143,39,1171.40,521.66,23.97,58.55,1,-1,-1,-1
143,41,97.24,581.70,46.28,135.84,1,-1,-1,-1
143,46,1334.01,528.35,24.99,61.73,1,-1,-1,-1
143,47,1161.50,521.51,22.52,56.17,1,-1,-1,-1
143,48,1554.45,546.78,43.16,118.95,1,-1,-1,-1
144,6,1853.98,687.76,77.22,329.67,1,-1,-1,-1
144,11,-19.72,617.13,48.89,182.65,1,-1,-1,-1
144,12,1688.77,559.90,58.29,120.09,1,-1,-1,-1
144,14,991.02,503.05,20.09,46.02,1,-1,-1,-1
144,15,703.03,507.77,14.80,34.93,1,-1,-1,-1
144,22,478.86,537.49,23.47,68.15,1,-1,-1,-1
144,23,386.67,528.92,25.02,70.63,1,-1,-1,-1
144,24,1241.13,533.82,32.60,84.30,1,-1,-1,-1
144,26,1065.26,520.05,24.08,55.77,1,-1,-1,-1
144,31,1379.06,522.70,24.67,71.91,1,-1,-1,-1
144,39,1156.97,522.08,22.24,56.41,1,-1,-1,-1
144,41,87.64,582.20,46.78,136.23,1,-1,-1,-1
144,46,1334.80,526.85,25.14,64.86,1,-1,-1,-1
144,47,1146.70,520.96,22.52,56.17,1,-1,-1,-1
144,48,1550.03,548.17,44.03,120.31,1,-1,-1,-1
144,49,1170.80,522.50,23.20,58.50,1,-1,-1,-1
145,12,1687.36,562.06,56.41,121.92,1,-1,-1,-1
145,14,988.12,503.34,19.89,46.85,1,-1,-1,-1
145,15,704.33,507.12,14.80,34.93,1,-1,-1,-1
145,22,473.82,539.81,23.49,66.57,1,-1,-1,-1
145,23,380.62,529.47,25.01,69.56,1,-1,-1,-1
145,24,1237.31,536.09,32.32,80.17,1,-1,-1,-1
145,26,1061.54,522.13,23.81,56.07,1,-1,-1,-1
145,31,1375.06,523.65,25.11,71.27,1,-1,-1,-1
145,39,1142.52,522.98,22.24,56.41,1,-1,-1,-1
145,41,77.88,580.19,48.06,138.45,1,-1,-1,-1
145,46,1332.58,527.42,25.46,63.98,1,-1,-1,-1
145,47,1131.90,520.41,22.52,56.17,1,-1,-1,-1
145,48,1545.76,548.45,45.06,122.96,1,-1,-1,-1
145,49,1166.88,522.92,23.27,58.71,1,-1,-1,-1
146,12,1685.95,563.22,54.93,121.35,1,-1,-1,-1
146,14,985.43,503.61,19.90,47.09,1,-1,-1,-1
146,22,470.17,538.64,23.64,67.22,1,-1,-1,-1
146,23,375.75,527.55,24.93,70.50,1,-1,-1,-1
146,24,1235.24,534.25,29.30,78.37,1,-1,-1,-1
146,26,1059.92,521.52,23.94,56.58,1,-1,-1,-1
146,31,1371.88,523.13,24.61,70.73,1,-1,-1,-1
146,39,1128.07,523.88,22.24,56.41,1,-1,-1,-1
146,41,69.94,578.72,47.32,138.83,1,-1,-1,-1
146,46,1328.05,527.65,24.65,64.34,1,-1,-1,-1
146,47,1105.69,520.17,21.25,53.04,1,-1,-1,-1
146,48,1541.85,549.25,44.74,122.01,1,-1,-1,-1
146,49,1161.73,520.82,23.15,60.38,1,-1,-1,-1
147,12,1684.93,566.20,51.62,119.49,1,-1,-1,-1
147,14,981.39,504.72,20.04,46.26,1,-1,-1,-1
147,22,465.03,539.74,23.19,66.86,1,-1,-1,-1
147,23,370.53,526.64,25.19,70.78,1,-1,-1,-1
147,24,1228.30,529.28,23.42,67.40,1,-1,-1,-1
147,26,1059.20,520.87,23.42,57.08,1,-1,-1,-1
147,31,1367.96,524.82,25.79,70.36,1,-1,-1,-1
147,39,1109.26,521.36,20.39,53.39,1,-1,-1,-1
147,41,60.82,582.26,48.21,136.92,1,-1,-1,-1
147,46,1326.39,528.87,25.45,63.89,1,-1,-1,-1
147,47,1085.92,519.08,21.25,53.04,1,-1,-1,-1
147,48,1535.05,551.55,46.95,119.27,1,-1,-1,-1
147,49,1162.51,520.66,23.61,60.95,1,-1,-1,-1
148,12,1683.59,567.65,50.77,119.71,1,-1,-1,-1
148,14,977.99,505.47,20.22,47.13,1,-1,-1,-1
148,22,458.75,540.83,23.83,67.10,1,-1,-1,-1
148,23,363.79,527.73,25.83,71.21,1,-1,-1,-1
148,24,1214.85,517.03,23.42,67.40,1,-1,-1,-1
148,26,1056.41,521.72,23.48,57.17,1,-1,-1,-1
148,31,1362.88,525.68,27.62,70.39,1,-1,-1,-1
148,39,1091.98,519.73,20.39,53.39,1,-1,-1,-1
148,41,52.88,584.71,47.85,137.61,1,-1,-1,-1
148,46,1332.62,527.85,27.03,64.32,1,-1,-1,-1
148,47,1066.16,518.00,21.25,53.04,1,-1,-1,-1
148,48,1529.14,552.14,48.88,118.87,1,-1,-1,-1
148,49,1164.87,521.16,23.39,60.08,1,-1,-1,-1
149,12,1682.12,566.71,49.60,120.12,1,-1,-1,-1
149,14,974.75,505.90,20.07,47.46,1,-1,-1,-1
149,22,453.08,540.12,23.95,68.29,1,-1,-1,-1
149,23,359.16,530.10,25.39,71.83,1,-1,-1,-1
149,24,1202.80,518.59,22.29,59.91,1,-1,-1,-1
149,26,1049.73,521.16,24.47,57.61,1,-1,-1,-1
149,31,1356.36,523.27,29.99,72.78,1,-1,-1,-1
149,39,1074.70,518.10,20.39,53.39,1,-1,-1,-1
149,41,43.68,583.56,48.31,141.17,1,-1,-1,-1
149,46,1336.98,522.60,28.62,69.70,1,-1,-1,-1
149,47,1046.39,516.92,21.25,53.04,1,-1,-1,-1
149,48,1521.92,552.11,51.34,118.75,1,-1,-1,-1
149,49,1161.23,519.44,23.82,60.30,1,-1,-1,-1
150,12,1679.50,565.98,48.13,119.97,1,-1,-1,-1
150,14,970.19,505.06,20.30,47.70,1,-1,-1,-1
150,22,447.56,540.45,24.75,69.49,1,-1,-1,-1
150,23,353.75,531.49,25.61,70.76,1,-1,-1,-1
150,24,1191.51,517.87,21.81,58.57,1,-1,-1,-1
150,26,1045.64,520.19,23.93,57.32,1,-1,-1,-1
150,31,1351.36,521.65,30.84,74.12,1,-1,-1,-1
150,39,1057.41,516.46,20.39,53.39,1,-1,-1,-1
150,41,32.73,585.96,48.79,139.79,1,-1,-1,-1
150,46,1338.98,520.05,28.62,69.70,1,-1,-1,-1
150,47,1024.79,519.45,20.23,49.72,1,-1,-1,-1
150,48,1515.64,552.06,51.66,118.93,1,-1,-1,-1
150,49,1152.36,519.01,24.23,60.65,1,-1,-1,-1
150,50,399.10,527.60,25.40,68.30,1,-1,-1,-1
151,12,1675.18,564.82,49.23,119.01,1,-1,-1,-1
151,14,966.13,504.55,20.93,49.52,1,-1,-1,-1
151,22,441.64,542.97,24.72,68.10,1,-1,-1,-1
151,23,346.55,533.56,26.86,69.74,1,-1,-1,-1
151,24,1192.10,518.70,21.17,57.96,1,-1,-1,-1
151,26,1054.05,521.35,22.02,54.58,1,-1,-1,-1
151,31,1346.28,521.04,31.79,75.09,1,-1,-1,-1
151,39,1038.43,519.36,22.43,55.85,1,-1,-1,-1
151,41,21.33,586.42,49.36,145.61,1,-1,-1,-1
151,46,1340.98,517.50,28.62,69.70,1,-1,-1,-1
151,47,1016.97,522.07,21.47,50.48,1,-1,-1,-1
151,48,1512.03,552.97,51.69,118.35,1,-1,-1,-1
151,49,1150.80,520.13,24.00,60.62,1,-1,-1,-1
151,50,388.81,529.00,28.62,68.58,1,-1,-1,-1
152,12,1670.76,563.81,49.77,119.98,1,-1,-1,-1
152,14,962.44,505.40,20.07,49.02,1,-1,-1,-1
152,22,434.88,543.94,23.37,68.66,1,-1,-1,-1
152,23,340.27,534.05,27.31,71.81,1,-1,-1,-1
152,24,1197.75,520.55,21.17,57.96,1,-1,-1,-1
152,26,1063.86,521.42,21.59,53.82,1,-1,-1,-1
152,31,1339.85,520.72,32.64,76.15,1,-1,-1,-1
152,39,1022.05,522.40,22.62,54.13,1,-1,-1,-1
152,41,10.41,587.71,50.16,147.91,1,-1,-1,-1
152,46,1342.98,514.95,28.62,69.70,1,-1,-1,-1
152,47,1015.97,525.62,21.47,50.48,1,-1,-1,-1
152,48,1508.95,552.10,50.09,118.73,1,-1,-1,-1
152,49,1146.67,521.26,24.00,61.02,1,-1,-1,-1
152,50,366.32,529.52,26.58,71.95,1,-1,-1,-1
152,51,1037.20,521.50,23.50,57.80,1,-1,-1,-1
153,12,1667.33,562.15,49.51,120.83,1,-1,-1,-1
153,14,958.49,504.00,20.23,49.77,1,-1,-1,-1
153,22,429.11,543.94,24.23,68.20,1,-1,-1,-1
153,23,333.95,533.71,27.65,71.59,1,-1,-1,-1
153,24,1203.40,522.40,21.17,57.96,1,-1,-1,-1
153,26,1064.10,519.94,20.90,53.39,1,-1,-1,-1
153,31,1336.29,522.65,31.14,73.03,1,-1,-1,-1
153,39,1005.20,519.68,20.58,52.71,1,-1,-1,-1
153,41,2.18,592.08,47.46,144.54,1,-1,-1,-1
153,47,1016.32,525.20,22.19,52.38,1,-1,-1,-1
153,48,1502.96,550.35,49.26,118.08,1,-1,-1,-1
153,49,1138.30,520.10,23.37,61.50,1,-1,-1,-1
153,50,355.79,529.06,25.19,69.47,1,-1,-1,-1
153,51,1035.45,521.01,23.50,57.66,1,-1,-1,-1
154,12,1665.51,561.88,47.26,119.41,1,-1,-1,-1
154,14,953.63,504.24,20.42,49.93,1,-1,-1,-1
154,22,422.56,544.41,24.00,67.64,1,-1,-1,-1
154,23,328.20,534.52,26.29,71.67,1,-1,-1,-1
154,24,1209.05,524.25,21.17,57.96,1,-1,-1,-1
154,26,1069.68,518.61,20.97,54.10,1,-1,-1,-1
154,31,1330.75,523.41,30.62,72.94,1,-1,-1,-1
154,39,973.43,508.58,21.22,52.21,1,-1,-1,-1
154,41,-0.52,591.94,40.49,148.01,1,-1,-1,-1
154,47,1012.72,521.98,20.80,55.33,1,-1,-1,-1
154,48,1497.83,551.58,47.26,117.25,1,-1,-1,-1
154,49,1129.95,519.98,24.02,62.69,1,-1,-1,-1
154,50,348.15,528.30,25.48,73.34,1,-1,-1,-1
154,51,1029.77,519.99,23.36,59.02,1,-1,-1,-1
155,12,1662.56,561.64,46.24,118.70,1,-1,-1,-1
155,14,948.50,504.53,20.90,50.26,1,-1,-1,-1
155,22,415.36,544.95,24.70,67.33,1,-1,-1,-1
155,23,320.65,536.56,26.30,71.41,1,-1,-1,-1
155,24,1204.90,522.53,20.07,57.08,1,-1,-1,-1
155,26,1083.29,518.59,21.06,54.45,1,-1,-1,-1
155,31,1323.33,522.60,29.77,72.70,1,-1,-1,-1
155,39,937.63,496.33,21.22,52.21,1,-1,-1,-1
155,41,-0.54,583.27,35.60,155.98,1,-1,-1,-1
155,47,1006.87,520.48,20.80,55.33,1,-1,-1,-1
155,48,1492.16,549.64,47.85,120.16,1,-1,-1,-1
155,49,1124.96,520.33,23.80,63.40,1,-1,-1,-1
155,50,332.05,532.70,25.48,73.34,1,-1,-1,-1
155,51,1023.18,518.91,23.67,59.57,1,-1,-1,-1
156,12,1657.40,554.47,47.26,125.70,1,-1,-1,-1
156,14,944.99,505.19,20.48,49.52,1,-1,-1,-1
156,22,410.20,546.99,24.63,68.08,1,-1,-1,-1
156,23,311.89,536.90,27.35,72.45,1,-1,-1,-1
156,24,1198.86,519.80,20.23,57.65,1,-1,-1,-1
156,26,1092.73,520.13,22.00,56.16,1,-1,-1,-1
156,31,1316.70,522.46,28.88,71.72,1,-1,-1,-1
156,39,901.83,484.08,21.22,52.21,1,-1,-1,-1
156,41,-3.34,577.02,35.60,155.98,1,-1,-1,-1
156,47,991.63,516.82,20.31,49.92,1,-1,-1,-1
156,48,1487.01,546.07,46.83,122.71,1,-1,-1,-1
156,49,1123.01,519.87,23.87,62.84,1,-1,-1,-1
156,50,325.23,534.16,25.91,73.73,1,-1,-1,-1
156,51,1017.27,518.34,22.99,59.10,1,-1,-1,-1
157,12,1651.19,541.64,50.51,137.32,1,-1,-1,-1
157,14,939.84,505.86,20.56,49.30,1,-1,-1,-1
157,22,404.58,550.21,23.07,66.48,1,-1,-1,-1
157,23,305.65,538.45,26.96,71.65,1,-1,-1,-1
157,24,1197.72,520.48,20.35,60.91,1,-1,-1,-1
157,26,1098.18,522.49,22.21,57.94,1,-1,-1,-1
157,31,1311.42,521.08,28.89,72.90,1,-1,-1,-1
157,39,866.03,471.83,21.22,52.21,1,-1,-1,-1
157,41,-6.14,570.77,35.60,155.98,1,-1,-1,-1
157,47,988.89,517.29,20.44,49.63,1,-1,-1,-1
157,48,1481.65,546.09,46.95,123.33,1,-1,-1,-1
157,49,1120.86,520.76,23.75,61.06,1,-1,-1,-1
157,50,333.70,534.79,24.64,70.91,1,-1,-1,-1
157,51,1013.59,519.53,23.42,58.26,1,-1,-1,-1
158,12,1647.09,534.44,50.51,137.32,1,-1,-1,-1
158,14,935.36,505.67,21.15,49.79,1,-1,-1,-1
158,22,397.92,551.28,24.21,66.92,1,-1,-1,-1
158,23,301.85,539.97,25.59,71.47,1,-1,-1,-1
158,24,1196.62,523.81,21.29,62.16,1,-1,-1,-1
158,26,1102.59,522.03,22.76,59.24,1,-1,-1,-1
158,31,1309.47,520.78,28.27,73.18,1,-1,-1,-1
158,41,-8.94,564.52,35.60,155.98,1,-1,-1,-1
158,47,993.31,521.50,20.97,50.03,1,-1,-1,-1
158,48,1476.81,546.92,47.90,121.91,1,-1,-1,-1
158,49,1120.08,520.31,24.84,62.49,1,-1,-1,-1
158,50,338.74,535.18,24.82,69.36,1,-1,-1,-1
158,51,1012.64,520.69,23.48,58.15,1,-1,-1,-1
159,12,1642.99,527.24,50.51,137.32,1,-1,-1,-1
159,14,932.67,505.37,20.34,49.31,1,-1,-1,-1
159,22,392.15,553.52,23.36,65.43,1,-1,-1,-1
159,23,295.91,540.38,25.39,73.24,1,-1,-1,-1
159,24,1190.89,523.15,21.93,59.46,1,-1,-1,-1
159,26,1111.14,520.21,24.26,62.01,1,-1,-1,-1
159,31,1305.27,521.39,27.94,72.70,1,-1,-1,-1
159,47,991.53,521.23,21.20,51.34,1,-1,-1,-1
159,48,1472.29,545.61,46.29,120.57,1,-1,-1,-1
159,49,1119.48,520.61,24.84,62.49,1,-1,-1,-1
159,50,332.85,537.29,24.88,69.25,1,-1,-1,-1
159,51,1009.55,520.31,23.07,57.97,1,-1,-1,-1
160,12,1638.89,520.04,50.51,137.32,1,-1,-1,-1
160,14,928.40,505.66,20.24,49.44,1,-1,-1,-1
160,22,386.27,554.24,23.32,67.16,1,-1,-1,-1
160,23,289.25,542.31,26.03,74.05,1,-1,-1,-1
160,24,1183.72,520.13,22.33,60.68,1,-1,-1,-1
160,26,1121.99,520.91,24.26,62.01,1,-1,-1,-1
160,31,1296.86,521.99,29.59,73.47,1,-1,-1,-1
160,47,987.11,520.79,21.76,52.57,1,-1,-1,-1
160,48,1465.74,545.09,46.44,121.36,1,-1,-1,-1
160,49,1114.48,520.27,25.09,63.62,1,-1,-1,-1
160,50,328.49,539.67,24.19,69.77,1,-1,-1,-1
160,51,1005.76,520.04,23.30,58.34,1,-1,-1,-1
161,14,925.09,505.39,20.28,50.25,1,-1,-1,-1
161,22,381.40,555.39,23.52,67.26,1,-1,-1,-1
161,23,282.86,542.80,27.41,75.28,1,-1,-1,-1
161,24,1180.27,520.04,22.66,61.74,1,-1,-1,-1
161,26,1132.84,521.61,24.26,62.01,1,-1,-1,-1
161,31,1290.64,522.23,31.28,73.70,1,-1,-1,-1
161,47,986.32,520.84,22.21,54.13,1,-1,-1,-1
161,48,1460.74,547.37,45.57,121.53,1,-1,-1,-1
161,49,1109.62,520.07,25.10,62.83,1,-1,-1,-1
161,50,318.76,540.11,31.83,70.70,1,-1,-1,-1
161,51,1004.27,520.35,22.81,58.38,1,-1,-1,-1
162,14,921.88,505.03,21.34,50.92,1,-1,-1,-1
162,22,376.58,554.46,23.71,67.29,1,-1,-1,-1
162,23,276.74,542.76,27.54,74.73,1,-1,-1,-1
162,24,1179.50,520.65,21.85,61.43,1,-1,-1,-1
162,26,1130.96,520.27,23.87,60.46,1,-1,-1,-1
162,31,1285.80,523.17,29.68,70.97,1,-1,-1,-1
162,47,979.74,519.10,21.08,55.72,1,-1,-1,-1
162,48,1456.20,549.93,45.10,120.81,1,-1,-1,-1
162,49,1105.21,519.33,24.96,63.51,1,-1,-1,-1
162,50,317.58,540.98,32.51,70.56,1,-1,-1,-1
162,51,1000.79,520.21,23.01,60.35,1,-1,-1,-1
163,14,918.05,506.20,20.96,49.22,1,-1,-1,-1
163,22,371.42,555.04,23.70,68.21,1,-1,-1,-1
163,23,270.70,545.56,26.39,72.05,1,-1,-1,-1
163,24,1172.39,519.02,20.97,61.55,1,-1,-1,-1
163,26,1134.14,516.86,23.96,59.16,1,-1,-1,-1
163,31,1275.09,521.03,30.39,74.07,1,-1,-1,-1
163,47,979.29,519.13,21.30,58.09,1,-1,-1,-1
163,48,1450.99,551.03,45.73,119.75,1,-1,-1,-1
163,49,1101.82,519.28,24.92,63.64,1,-1,-1,-1
163,50,311.96,540.60,28.16,72.34,1,-1,-1,-1
163,51,995.66,520.40,23.14,60.60,1,-1,-1,-1
164,14,915.18,505.73,20.57,48.79,1,-1,-1,-1
164,22,365.67,556.44,24.19,66.94,1,-1,-1,-1
164,23,265.09,546.53,25.77,71.87,1,-1,-1,-1
164,24,1169.72,516.86,20.57,62.21,1,-1,-1,-1
164,26,1141.73,514.97,23.22,57.02,1,-1,-1,-1
164,31,1270.77,521.53,30.05,72.55,1,-1,-1,-1
164,47,988.94,519.54,21.65,59.08,1,-1,-1,-1
164,48,1445.60,550.83,46.27,118.11,1,-1,-1,-1
164,49,1099.66,519.15,24.70,63.19,1,-1,-1,-1
164,50,301.43,541.13,27.00,70.91,1,-1,-1,-1
164,51,991.31,519.65,23.14,60.60,1,-1,-1,-1
165,14,912.72,506.05,19.68,49.08,1,-1,-1,-1
165,22,360.63,557.44,23.85,65.02,1,-1,-1,-1
165,23,260.35,547.20,25.51,72.31,1,-1,-1,-1
165,24,1168.68,516.53,20.24,60.80,1,-1,-1,-1
165,26,1148.88,514.02,23.22,57.02,1,-1,-1,-1
165,31,1270.52,521.07,29.94,73.57,1,-1,-1,-1
165,47,993.94,518.54,21.65,59.08,1,-1,-1,-1
165,48,1441.08,550.35,45.31,115.72,1,-1,-1,-1
165,49,1095.04,519.99,25.26,62.92,1,-1,-1,-1
165,50,296.98,542.22,26.02,69.78,1,-1,-1,-1
165,51,987.69,519.81,22.69,58.22,1,-1,-1,-1
166,14,909.13,506.72,20.32,49.23,1,-1,-1,-1
166,22,355.45,558.71,23.53,65.57,1,-1,-1,-1
166,23,254.75,548.21,26.27,73.28,1,-1,-1,-1
166,24,1163.86,515.23,20.56,61.57,1,-1,-1,-1
166,26,1156.03,513.07,23.22,57.02,1,-1,-1,-1
166,31,1265.91,521.81,29.84,73.31,1,-1,-1,-1
166,47,998.94,517.54,21.65,59.08,1,-1,-1,-1
166,48,1436.65,548.97,44.53,117.60,1,-1,-1,-1
166,49,1090.39,520.08,25.71,62.35,1,-1,-1,-1
166,50,294.11,542.84,24.54,70.50,1,-1,-1,-1
166,51,984.91,520.23,22.42,58.00,1,-1,-1,-1
167,14,906.95,505.67,20.38,49.91,1,-1,-1,-1
167,22,350.25,559.13,23.58,66.15,1,-1,-1,-1
167,23,247.80,547.81,26.78,74.07,1,-1,-1,-1
167,24,1160.20,515.68,21.22,62.50,1,-1,-1,-1
167,26,1163.18,512.12,23.22,57.02,1,-1,-1,-1
167,31,1259.78,524.04,30.58,72.67,1,-1,-1,-1
167,47,997.54,519.66,21.97,58.18,1,-1,-1,-1
167,48,1433.23,548.09,42.97,119.21,1,-1,-1,-1
167,49,1087.77,518.60,26.19,63.15,1,-1,-1,-1
167,50,285.36,543.17,23.74,71.41,1,-1,-1,-1
167,51,981.64,520.46,22.27,58.00,1,-1,-1,-1
168,14,904.26,504.53,20.18,49.83,1,-1,-1,-1
168,22,344.83,557.62,24.50,66.05,1,-1,-1,-1
168,23,242.88,547.48,27.00,72.83,1,-1,-1,-1
168,24,1156.25,515.58,22.12,61.87,1,-1,-1,-1
168,31,1253.92,522.67,28.98,72.13,1,-1,-1,-1
168,47,997.59,520.41,21.29,56.37,1,-1,-1,-1
168,48,1429.47,544.54,43.34,122.98,1,-1,-1,-1
168,49,1084.73,518.34,26.90,62.98,1,-1,-1,-1
168,50,276.54,542.25,24.90,71.19,1,-1,-1,-1
168,51,977.74,519.51,22.43,58.35,1,-1,-1,-1
169,14,900.90,504.49,19.77,50.44,1,-1,-1,-1
169,22,339.97,556.32,24.78,67.34,1,-1,-1,-1
169,23,238.87,547.63,25.60,72.53,1,-1,-1,-1
169,24,1152.11,515.08,22.52,62.73,1,-1,-1,-1
169,31,1248.59,522.98,27.60,70.36,1,-1,-1,-1
169,47,1002.79,519.99,21.23,55.27,1,-1,-1,-1
169,48,1426.17,542.88,42.82,125.16,1,-1,-1,-1
169,49,1081.76,519.24,26.34,62.15,1,-1,-1,-1
169,50,272.51,542.28,24.62,69.31,1,-1,-1,-1
169,51,975.42,519.03,22.41,59.08,1,-1,-1,-1
170,14,897.38,504.64,19.65,50.62,1,-1,-1,-1
170,22,334.58,557.54,24.65,67.03,1,-1,-1,-1
170,23,233.25,548.18,25.88,73.56,1,-1,-1,-1
170,24,1149.16,513.81,21.95,63.76,1,-1,-1,-1
170,31,1245.33,522.53,27.11,71.37,1,-1,-1,-1
170,47,1011.20,519.39,21.56,55.50,1,-1,-1,-1
170,48,1422.27,543.52,43.23,124.56,1,-1,-1,-1
170,49,1077.79,518.56,26.03,62.75,1,-1,-1,-1
170,50,269.25,542.11,25.80,70.91,1,-1,-1,-1
170,51,974.40,518.59,22.54,59.80,1,-1,-1,-1
171,14,894.56,503.94,20.11,51.52,1,-1,-1,-1
171,22,329.84,557.59,24.62,66.10,1,-1,-1,-1
171,23,229.23,548.72,25.61,73.66,1,-1,-1,-1
171,24,1146.94,511.36,21.28,63.72,1,-1,-1,-1
171,31,1242.30,521.10,28.15,72.30,1,-1,-1,-1
171,47,1020.89,518.32,21.38,55.78,1,-1,-1,-1
171,48,1418.10,542.58,43.42,124.31,1,-1,-1,-1
171,49,1074.25,518.20,25.94,62.92,1,-1,-1,-1
171,50,266.65,541.64,25.73,71.46,1,-1,-1,-1
171,51,972.07,517.76,22.58,61.27,1,-1,-1,-1
172,14,891.31,505.02,20.80,49.96,1,-1,-1,-1
172,22,326.43,557.54,23.83,66.24,1,-1,-1,-1
172,23,224.59,547.76,26.79,75.02,1,-1,-1,-1
172,24,1141.13,511.23,20.95,63.36,1,-1,-1,-1
172,31,1239.14,521.24,28.82,72.37,1,-1,-1,-1
172,47,1030.05,518.09,21.81,55.86,1,-1,-1,-1
172,48,1412.28,541.07,44.88,123.60,1,-1,-1,-1
172,49,1071.79,518.55,25.21,62.77,1,-1,-1,-1
172,50,263.10,540.48,24.66,72.40,1,-1,-1,-1
172,51,966.90,517.71,22.45,61.50,1,-1,-1,-1
173,14,888.93,505.49,20.94,49.43,1,-1,-1,-1
173,22,322.58,557.82,23.46,66.21,1,-1,-1,-1
173,23,218.36,547.58,27.22,74.52,1,-1,-1,-1
173,24,1138.99,512.23,20.35,63.81,1,-1,-1,-1
173,31,1237.75,521.42,28.52,71.69,1,-1,-1,-1
173,47,1033.06,518.65,22.57,55.89,1,-1,-1,-1
173,48,1406.29,541.76,46.29,123.18,1,-1,-1,-1
173,49,1070.18,517.78,24.22,63.21,1,-1,-1,-1
173,50,261.08,539.83,24.48,73.73,1,-1,-1,-1
173,51,964.06,517.38,22.56,62.27,1,-1,-1,-1
174,14,887.60,505.89,20.77,49.62,1,-1,-1,-1
174,22,318.21,558.12,22.93,64.73,1,-1,-1,-1
174,23,212.63,547.83,25.95,73.24,1,-1,-1,-1
174,24,1137.60,512.57,20.67,64.01,1,-1,-1,-1
174,31,1235.99,521.17,28.51,70.37,1,-1,-1,-1
174,47,1032.84,518.10,22.80,57.16,1,-1,-1,-1
174,48,1400.21,542.63,48.68,124.24,1,-1,-1,-1
174,49,1067.42,517.73,24.84,63.48,1,-1,-1,-1
174,50,252.15,540.69,25.26,73.36,1,-1,-1,-1
174,51,961.89,517.87,22.52,62.01,1,-1,-1,-1
175,14,885.37,506.02,20.79,48.84,1,-1,-1,-1
175,22,313.31,556.98,23.61,66.39,1,-1,-1,-1
175,23,210.14,547.73,25.42,72.16,1,-1,-1,-1
175,24,1132.48,512.63,21.81,65.47,1,-1,-1,-1
175,31,1232.06,521.99,29.20,72.84,1,-1,-1,-1
175,47,1031.25,518.11,22.66,57.12,1,-1,-1,-1
175,48,1393.90,542.85,52.12,123.23,1,-1,-1,-1
175,49,1063.04,517.83,25.44,63.56,1,-1,-1,-1
175,50,244.67,540.57,25.99,72.06,1,-1,-1,-1
175,51,961.97,517.72,23.28,61.86,1,-1,-1,-1
176,14,883.04,505.91,20.17,48.95,1,-1,-1,-1
176,22,307.76,556.55,24.65,68.15,1,-1,-1,-1
176,23,205.66,548.23,24.43,72.96,1,-1,-1,-1
176,24,1129.97,514.07,23.06,65.91,1,-1,-1,-1
176,31,1226.98,524.20,29.41,73.16,1,-1,-1,-1
176,47,1014.64,519.77,37.53,56.69,1,-1,-1,-1
176,48,1388.65,544.15,53.23,120.62,1,-1,-1,-1
176,49,1058.94,518.73,25.13,62.19,1,-1,-1,-1
176,50,240.78,540.31,26.35,72.58,1,-1,-1,-1
176,51,965.33,519.01,23.57,61.61,1,-1,-1,-1
177,14,881.07,505.47,19.84,48.57,1,-1,-1,-1
177,22,302.93,555.85,25.18,68.60,1,-1,-1,-1
177,23,198.53,548.27,24.90,74.25,1,-1,-1,-1
177,24,1126.21,512.49,25.12,66.39,1,-1,-1,-1
177,31,1222.32,523.03,30.87,75.71,1,-1,-1,-1
177,47,1015.92,518.96,41.85,60.48,1,-1,-1,-1
177,48,1384.75,545.79,52.44,119.28,1,-1,-1,-1
177,49,1054.69,519.28,25.32,62.34,1,-1,-1,-1
177,50,236.58,539.17,27.29,74.83,1,-1,-1,-1
177,51,964.81,519.51,23.24,62.51,1,-1,-1,-1
178,14,879.46,505.04,19.81,48.73,1,-1,-1,-1
178,22,298.94,555.90,25.54,68.67,1,-1,-1,-1
178,23,194.98,547.84,25.32,74.42,1,-1,-1,-1
178,24,1122.25,511.83,25.95,66.33,1,-1,-1,-1
178,31,1220.24,524.18,31.80,76.96,1,-1,-1,-1
178,47,1037.36,519.40,28.86,61.68,1,-1,-1,-1
178,48,1383.40,546.66,51.92,119.85,1,-1,-1,-1
178,49,1052.49,519.02,25.52,62.94,1,-1,-1,-1
178,50,234.18,539.08,26.53,75.02,1,-1,-1,-1
178,51,958.25,518.36,24.19,63.06,1,-1,-1,-1
179,14,877.25,505.92,19.87,48.36,1,-1,-1,-1
179,22,295.23,556.41,25.37,69.88,1,-1,-1,-1
179,23,190.86,547.90,25.87,74.27,1,-1,-1,-1
179,24,1117.00,513.27,27.38,68.55,1,-1,-1,-1
179,31,1215.42,525.95,33.13,77.20,1,-1,-1,-1
179,47,1039.74,519.57,24.90,61.13,1,-1,-1,-1
179,48,1383.20,548.11,51.35,118.98,1,-1,-1,-1
179,49,1050.74,518.46,25.50,63.26,1,-1,-1,-1
179,50,231.37,539.58,25.53,74.24,1,-1,-1,-1
179,51,955.07,519.05,25.18,63.09,1,-1,-1,-1
180,14,875.11,506.67,20.24,48.95,1,-1,-1,-1
180,22,291.50,558.01,25.04,69.26,1,-1,-1,-1
180,23,183.42,550.40,25.19,72.19,1,-1,-1,-1
180,24,1112.41,515.20,28.73,69.35,1,-1,-1,-1
180,31,1210.07,527.33,34.09,77.06,1,-1,-1,-1
180,47,1035.19,518.32,24.90,61.13,1,-1,-1,-1
180,48,1380.22,549.72,51.03,118.43,1,-1,-1,-1
180,49,1048.39,518.26,25.85,63.78,1,-1,-1,-1
180,50,229.24,540.02,25.93,73.79,1,-1,-1,-1
180,51,953.44,519.46,25.82,62.61,1,-1,-1,-1
181,14,871.60,506.27,20.77,50.59,1,-1,-1,-1
181,22,287.13,559.21,25.36,69.85,1,-1,-1,-1
181,23,178.04,551.96,25.62,72.90,1,-1,-1,-1
181,24,1111.24,514.94,28.36,68.69,1,-1,-1,-1
181,31,1204.49,532.25,32.70,79.40,1,-1,-1,-1
181,47,1030.64,517.07,24.90,61.13,1,-1,-1,-1
181,48,1377.23,549.25,50.10,119.88,1,-1,-1,-1
181,49,1046.08,519.15,25.61,64.07,1,-1,-1,-1
181,50,223.74,539.72,26.33,75.27,1,-1,-1,-1
181,51,951.25,519.76,26.79,64.42,1,-1,-1,-1
182,14,868.97,506.54,19.88,49.13,1,-1,-1,-1
182,22,282.55,559.24,25.88,71.14,1,-1,-1,-1
182,23,173.90,553.24,26.31,74.37,1,-1,-1,-1
182,24,1108.73,513.54,28.11,68.84,1,-1,-1,-1
182,31,1182.49,538.96,35.36,89.41,1,-1,-1,-1
182,47,1026.09,515.82,24.90,61.13,1,-1,-1,-1
182,48,1375.51,547.40,49.33,120.38,1,-1,-1,-1
182,49,1043.57,520.94,24.62,63.81,1,-1,-1,-1
182,50,212.97,541.35,25.47,72.98,1,-1,-1,-1
182,51,951.82,520.67,27.43,66.37,1,-1,-1,-1
182,52,1612.60,552.60,49.40,130.60,1,-1,-1,-1
183,14,866.80,505.43,20.94,51.14,1,-1,-1,-1
183,22,276.68,558.20,26.24,73.70,1,-1,-1,-1
183,23,168.16,554.17,26.58,75.44,1,-1,-1,-1
183,24,1104.40,513.37,29.22,69.37,1,-1,-1,-1
183,31,1166.32,540.71,37.77,97.66,1,-1,-1,-1
183,48,1372.03,545.60,50.85,122.99,1,-1,-1,-1
183,49,1040.70,522.15,25.03,63.45,1,-1,-1,-1
183,50,205.76,541.03,26.33,74.39,1,-1,-1,-1
183,51,948.80,519.47,26.57,67.16,1,-1,-1,-1
183,52,1612.32,553.09,51.92,132.21,1,-1,-1,-1
184,14,865.44,505.81,20.42,51.53,1,-1,-1,-1
184,22,271.66,559.75,26.21,72.58,1,-1,-1,-1
184,23,164.33,554.81,26.52,74.85,1,-1,-1,-1
184,24,1102.49,514.27,30.33,69.60,1,-1,-1,-1
184,31,1166.58,539.47,39.68,100.98,1,-1,-1,-1
184,48,1368.92,545.60,50.25,124.40,1,-1,-1,-1
184,49,1038.84,522.36,25.01,62.58,1,-1,-1,-1
184,50,203.07,539.38,26.24,75.87,1,-1,-1,-1
184,51,944.26,519.04,26.59,66.77,1,-1,-1,-1
184,52,1612.94,554.56,52.33,129.75,1,-1,-1,-1
184,53,493.90,514.90,16.20,40.60,1,-1,-1,-1
185,14,863.11,506.83,20.20,50.60,1,-1,-1,-1
185,22,268.15,561.90,25.99,73.57,1,-1,-1,-1
185,23,160.45,556.12,26.65,74.19,1,-1,-1,-1
185,24,1098.78,515.16,30.66,69.18,1,-1,-1,-1
185,31,1167.33,539.28,40.81,101.97,1,-1,-1,-1
185,48,1366.85,543.60,50.29,126.36,1,-1,-1,-1
185,49,1036.12,522.14,25.21,63.15,1,-1,-1,-1
185,50,199.25,541.17,25.30,74.21,1,-1,-1,-1
185,51,938.26,520.53,25.48,65.67,1,-1,-1,-1
185,52,1612.12,553.24,53.01,129.79,1,-1,-1,-1
185,53,491.38,515.53,16.13,40.46,1,-1,-1,-1
186,14,860.33,507.41,21.04,50.74,1,-1,-1,-1
186,22,263.95,562.68,25.86,73.31,1,-1,-1,-1
186,23,155.46,556.13,27.80,74.90,1,-1,-1,-1
186,24,1093.03,515.20,31.25,69.54,1,-1,-1,-1
186,31,1167.66,539.28,41.50,99.26,1,-1,-1,-1
186,48,1364.45,542.67,51.07,126.25,1,-1,-1,-1
186,49,1032.90,522.57,25.27,62.77,1,-1,-1,-1
186,50,197.45,542.84,25.44,75.81,1,-1,-1,-1
186,51,928.22,520.70,25.07,64.36,1,-1,-1,-1
186,52,1611.81,553.83,52.51,127.49,1,-1,-1,-1
186,53,489.32,517.57,16.04,39.65,1,-1,-1,-1
187,14,858.45,507.91,21.50,51.13,1,-1,-1,-1
187,22,259.79,563.37,25.19,72.39,1,-1,-1,-1
187,23,148.66,556.62,28.64,76.72,1,-1,-1,-1
187,24,1087.73,514.67,30.86,70.00,1,-1,-1,-1
187,31,1169.04,536.82,43.32,99.15,1,-1,-1,-1
187,48,1361.88,542.87,51.02,125.86,1,-1,-1,-1
187,49,1030.30,522.07,25.50,62.72,1,-1,-1,-1
187,50,201.02,544.22,25.90,77.27,1,-1,-1,-1
187,51,922.77,519.76,24.39,63.27,1,-1,-1,-1
187,52,1611.64,554.82,52.29,125.68,1,-1,-1,-1
187,53,485.21,519.45,15.87,38.77,1,-1,-1,-1
188,14,856.53,508.99,20.66,49.71,1,-1,-1,-1
188,22,255.86,565.41,25.55,71.84,1,-1,-1,-1
188,23,144.07,559.37,28.05,75.80,1,-1,-1,-1
188,24,1082.71,516.35,31.24,69.58,1,-1,-1,-1
188,31,1170.94,535.88,43.03,98.27,1,-1,-1,-1
188,48,1360.74,545.90,50.10,124.42,1,-1,-1,-1
188,49,1028.35,521.58,25.43,62.36,1,-1,-1,-1
188,50,206.27,548.45,25.55,74.98,1,-1,-1,-1
188,51,921.01,521.51,25.31,63.08,1,-1,-1,-1
188,52,1610.21,554.66,53.49,126.46,1,-1,-1,-1
188,53,479.40,519.98,16.24,39.98,1,-1,-1,-1
188,54,186.00,548.50,27.10,74.90,1,-1,-1,-1
188,55,1050.60,520.10,27.50,62.70,1,-1,-1,-1
189,14,855.03,509.50,19.92,48.93,1,-1,-1,-1
189,22,251.66,566.87,25.09,71.25,1,-1,-1,-1
189,23,141.71,561.19,27.53,75.80,1,-1,-1,-1
189,24,1078.73,517.86,31.77,69.80,1,-1,-1,-1
189,31,1170.63,536.68,42.17,98.50,1,-1,-1,-1
189,48,1359.44,548.37,49.54,124.20,1,-1,-1,-1
189,49,1024.55,521.29,25.62,63.23,1,-1,-1,-1
189,50,209.52,551.90,25.55,74.98,1,-1,-1,-1
189,51,919.48,522.80,26.91,64.21,1,-1,-1,-1
189,52,1609.10,553.44,54.55,129.22,1,-1,-1,-1
189,53,475.66,521.45,16.21,40.20,1,-1,-1,-1
189,54,181.10,549.48,27.24,75.11,1,-1,-1,-1
189,55,1059.00,519.61,28.90,64.52,1,-1,-1,-1
189,56,1008.50,524.10,24.30,61.00,1,-1,-1,-1
190,14,853.76,509.97,19.21,48.56,1,-1,-1,-1
190,22,247.67,567.40,24.89,71.57,1,-1,-1,-1
190,23,137.67,562.15,27.30,75.73,1,-1,-1,-1
190,24,1077.15,517.65,32.00,70.15,1,-1,-1,-1
190,31,1166.09,539.04,41.98,95.07,1,-1,-1,-1
190,48,1356.53,548.37,50.63,124.76,1,-1,-1,-1
190,49,1021.13,521.17,25.82,63.84,1,-1,-1,-1
190,50,212.77,555.35,25.55,74.98,1,-1,-1,-1
190,51,918.49,523.15,27.25,63.71,1,-1,-1,-1
190,52,1606.76,552.98,57.24,131.24,1,-1,-1,-1
190,53,471.42,521.54,16.41,39.99,1,-1,-1,-1
190,54,174.90,550.45,27.00,78.39,1,-1,-1,-1
190,55,1072.00,520.21,28.90,64.52,1,-1,-1,-1
190,56,1006.12,523.68,24.58,61.70,1,-1,-1,-1
191,14,851.70,510.59,19.55,48.03,1,-1,-1,-1
191,22,242.49,567.18,25.46,72.78,1,-1,-1,-1
191,23,131.60,564.60,26.88,74.59,1,-1,-1,-1
191,24,1076.05,518.51,31.23,68.58,1,-1,-1,-1
191,31,1164.64,539.12,42.06,91.94,1,-1,-1,-1
191,48,1353.80,549.09,50.68,124.23,1,-1,-1,-1
191,49,1019.07,521.95,25.73,63.32,1,-1,-1,-1
191,50,216.02,558.80,25.55,74.98,1,-1,-1,-1
191,51,917.40,524.46,27.71,63.98,1,-1,-1,-1
191,52,1604.14,552.14,59.59,131.63,1,-1,-1,-1
191,53,469.14,521.69,15.84,39.23,1,-1,-1,-1
191,54,171.46,551.96,25.60,78.47,1,-1,-1,-1
191,55,1085.00,520.81,28.90,64.52,1,-1,-1,-1
191,56,1004.80,524.78,24.59,61.14,1,-1,-1,-1
192,14,850.21,510.21,19.66,48.08,1,-1,-1,-1
192,22,237.21,568.50,25.21,71.95,1,-1,-1,-1
192,23,125.62,565.78,27.10,73.90,1,-1,-1,-1
192,24,1073.31,518.50,30.58,68.03,1,-1,-1,-1
192,31,1170.64,536.58,35.72,89.25,1,-1,-1,-1
192,48,1351.06,548.82,51.32,124.49,1,-1,-1,-1
192,49,1016.27,522.95,25.73,63.32,1,-1,-1,-1
192,51,915.08,523.86,27.63,64.21,1,-1,-1,-1
192,52,1601.99,549.96,62.40,131.61,1,-1,-1,-1
192,53,465.10,522.05,17.14,38.65,1,-1,-1,-1
192,54,171.27,552.74,23.99,77.93,1,-1,-1,-1
192,55,1098.00,521.41,28.90,64.52,1,-1,-1,-1
192,56,1005.56,523.91,25.16,61.88,1,-1,-1,-1
193,14,848.31,510.35,19.41,48.79,1,-1,-1,-1
193,22,232.77,570.56,24.92,71.22,1,-1,-1,-1
193,23,121.48,565.22,26.75,75.79,1,-1,-1,-1
193,24,1070.72,518.64,30.66,68.01,1,-1,-1,-1
193,31,1168.95,533.32,34.38,93.56,1,-1,-1,-1
193,48,1349.22,548.58,51.17,124.85,1,-1,-1,-1
193,49,1013.47,523.95,25.73,63.32,1,-1,-1,-1
193,51,911.94,523.75,28.80,64.62,1,-1,-1,-1
193,52,1601.86,549.18,63.73,133.42,1,-1,-1,-1
193,53,460.76,522.16,17.04,38.96,1,-1,-1,-1
193,54,169.92,551.30,23.51,79.94,1,-1,-1,-1
193,55,1121.22,522.91,24.84,63.95,1,-1,-1,-1
193,56,1005.46,524.25,25.68,61.61,1,-1,-1,-1
194,14,845.20,511.69,19.12,48.45,1,-1,-1,-1
194,22,229.10,572.62,25.26,71.90,1,-1,-1,-1
194,23,118.36,566.03,27.00,78.18,1,-1,-1,-1
194,24,1068.40,519.22,30.76,68.35,1,-1,-1,-1
194,31,1163.25,533.97,33.62,98.91,1,-1,-1,-1
194,48,1347.39,547.35,50.56,125.51,1,-1,-1,-1
194,49,1010.67,524.95,25.73,63.32,1,-1,-1,-1
194,51,910.48,526.04,29.15,63.98,1,-1,-1,-1
194,52,1602.03,551.64,66.16,133.20,1,-1,-1,-1
194,53,455.84,522.02,17.36,40.74,1,-1,-1,-1
194,54,154.15,554.31,25.67,79.00,1,-1,-1,-1
194,55,1130.31,524.61,23.27,65.73,1,-1,-1,-1
194,56,1004.71,525.30,26.53,62.16,1,-1,-1,-1
195,14,843.22,512.22,19.32,48.48,1,-1,-1,-1
195,22,225.50,573.51,25.57,71.48,1,-1,-1,-1
195,23,115.06,566.84,26.86,78.05,1,-1,-1,-1
195,24,1066.83,519.99,30.58,67.97,1,-1,-1,-1
195,31,1158.10,536.97,33.62,98.91,1,-1,-1,-1
195,48,1345.84,545.12,50.52,126.55,1,-1,-1,-1
195,51,908.35,525.18,29.53,65.60,1,-1,-1,-1
195,52,1604.21,553.22,64.86,132.43,1,-1,-1,-1
195,53,453.30,521.64,17.39,42.60,1,-1,-1,-1
195,54,144.27,557.08,25.83,78.93,1,-1,-1,-1
195,55,1125.15,525.32,23.08,64.73,1,-1,-1,-1
195,56,1004.43,524.70,27.00,63.31,1,-1,-1,-1
196,14,842.51,512.33,19.51,49.76,1,-1,-1,-1
196,22,220.79,575.61,24.82,71.00,1,-1,-1,-1
196,23,109.83,569.00,26.54,77.11,1,-1,-1,-1
196,24,1063.35,518.84,31.01,68.48,1,-1,-1,-1
196,31,1152.95,539.97,33.62,98.91,1,-1,-1,-1
196,48,1344.43,543.73,50.23,129.32,1,-1,-1,-1
196,51,905.57,525.42,30.28,66.16,1,-1,-1,-1
196,52,1606.21,553.64,63.84,130.94,1,-1,-1,-1
196,53,451.15,524.61,16.84,41.34,1,-1,-1,-1
196,54,143.20,557.79,27.42,78.91,1,-1,-1,-1
196,55,1122.69,527.36,22.95,65.55,1,-1,-1,-1
196,56,1003.59,524.07,27.63,64.28,1,-1,-1,-1
197,14,841.05,512.96,19.71,49.86,1,-1,-1,-1
197,22,216.86,576.14,25.30,73.03,1,-1,-1,-1
197,23,103.85,570.08,27.28,78.01,1,-1,-1,-1
197,24,1059.93,516.94,31.70,70.24,1,-1,-1,-1
197,31,1147.80,542.97,33.62,98.91,1,-1,-1,-1
197,48,1343.64,543.84,49.65,130.14,1,-1,-1,-1
197,51,904.24,526.51,29.73,65.84,1,-1,-1,-1
197,52,1606.93,552.72,63.74,130.84,1,-1,-1,-1
197,53,447.94,526.69,16.25,40.19,1,-1,-1,-1
197,54,138.40,558.14,27.62,79.46,1,-1,-1,-1
197,55,1124.02,531.70,25.30,71.53,1,-1,-1,-1
197,56,1002.01,523.80,27.75,64.64,1,-1,-1,-1
198,14,839.91,512.83,19.49,49.82,1,-1,-1,-1
198,22,213.42,576.43,25.86,74.06,1,-1,-1,-1
198,23,99.36,569.67,28.62,79.68,1,-1,-1,-1
198,24,1056.44,517.23,31.42,71.26,1,-1,-1,-1
198,48,1343.27,543.98,49.19,130.46,1,-1,-1,-1
198,51,904.23,527.38,28.87,65.11,1,-1,-1,-1
198,52,1607.11,552.38,64.97,130.81,1,-1,-1,-1
198,53,444.29,526.95,16.22,38.80,1,-1,-1,-1
198,54,135.54,558.91,27.11,78.93,1,-1,-1,-1
198,55,1117.32,532.19,26.35,70.67,1,-1,-1,-1
198,56,999.72,523.99,27.85,64.47,1,-1,-1,-1
199,14,838.62,512.10,19.29,51.07,1,-1,-1,-1
199,22,208.22,577.56,26.03,74.51,1,-1,-1,-1
199,23,94.75,568.70,28.96,81.52,1,-1,-1,-1
199,24,1052.61,518.67,30.92,70.52,1,-1,-1,-1
199,48,1341.77,544.59,49.20,130.42,1,-1,-1,-1
199,51,904.82,529.51,27.77,63.70,1,-1,-1,-1
199,52,1608.86,553.40,64.85,130.24,1,-1,-1,-1
199,53,441.06,526.69,15.71,38.17,1,-1,-1,-1
199,54,138.17,558.32,25.77,81.71,1,-1,-1,-1
199,55,1112.14,530.76,26.52,73.49,1,-1,-1,-1
199,56,999.38,525.74,27.47,62.60,1,-1,-1,-1
199,57,986.00,527.00,26.20,61.90,1,-1,-1,-1
200,14,837.26,512.44,18.53,51.02,1,-1,-1,-1
200,22,203.92,578.51,26.08,75.41,1,-1,-1,-1
200,23,91.83,568.64,28.08,81.78,1,-1,-1,-1
200,24,1051.04,518.86,31.60,70.37,1,-1,-1,-1
200,48,1341.31,545.06,48.15,129.50,1,-1,-1,-1
200,51,903.56,530.98,27.65,62.86,1,-1,-1,-1
200,52,1611.30,550.98,64.05,131.96,1,-1,-1,-1
200,53,438.15,525.83,15.49,38.47,1,-1,-1,-1
200,54,137.26,559.58,24.67,81.14,1,-1,-1,-1
200,55,1111.75,533.14,26.86,73.71,1,-1,-1,-1
200,56,1000.38,526.78,28.12,61.62,1,-1,-1,-1
200,57,985.09,527.70,26.06,60.92,1,-1,-1,-1
201,14,835.76,512.92,18.02,50.38,1,-1,-1,-1
201,22,201.66,579.64,25.74,74.91,1,-1,-1,-1
201,23,87.91,569.31,28.37,80.89,1,-1,-1,-1
201,24,1049.54,520.62,30.62,68.85,1,-1,-1,-1
201,48,1341.63,545.47,47.20,128.66,1,-1,-1,-1
201,51,899.08,531.00,26.29,60.93,1,-1,-1,-1
201,52,1614.83,547.83,61.49,132.90,1,-1,-1,-1
201,53,434.92,524.73,16.48,39.40,1,-1,-1,-1
201,54,122.71,561.94,27.14,80.62,1,-1,-1,-1
201,55,1113.17,534.76,24.86,71.95,1,-1,-1,-1
201,56,1010.76,525.35,28.46,62.10,1,-1,-1,-1
201,57,984.05,527.79,27.00,61.89,1,-1,-1,-1
202,14,834.83,513.48,17.38,50.32,1,-1,-1,-1
202,22,198.26,580.58,25.29,74.13,1,-1,-1,-1
202,23,81.32,570.36,29.02,82.23,1,-1,-1,-1
202,24,1046.69,521.87,29.98,69.44,1,-1,-1,-1
202,48,1339.85,546.52,48.32,128.83,1,-1,-1,-1
202,51,894.13,530.82,26.09,59.93,1,-1,-1,-1
202,52,1616.32,547.82,62.83,134.86,1,-1,-1,-1
202,53,432.58,524.67,16.14,40.24,1,-1,-1,-1
202,54,111.19,562.94,27.95,81.10,1,-1,-1,-1
202,55,1113.94,536.67,23.42,71.64,1,-1,-1,-1
202,56,1018.93,524.78,28.91,63.08,1,-1,-1,-1
202,57,983.79,528.33,27.35,63.16,1,-1,-1,-1
203,14,834.10,514.43,17.18,50.24,1,-1,-1,-1
203,22,192.75,580.72,25.79,75.65,1,-1,-1,-1
203,23,77.71,571.28,28.45,83.19,1,-1,-1,-1
203,24,1043.41,522.49,29.64,69.06,1,-1,-1,-1
203,48,1336.83,547.74,49.92,129.23,1,-1,-1,-1
203,51,892.71,531.29,25.96,58.93,1,-1,-1,-1
203,52,1617.82,547.85,64.21,135.80,1,-1,-1,-1
203,53,430.77,527.38,15.34,37.62,1,-1,-1,-1
203,54,109.42,562.63,28.41,81.94,1,-1,-1,-1
203,55,1109.98,538.80,22.85,70.91,1,-1,-1,-1
203,56,1020.62,524.98,28.55,63.44,1,-1,-1,-1
203,57,983.70,528.63,26.75,62.42,1,-1,-1,-1
204,14,832.82,514.78,17.54,50.14,1,-1,-1,-1
204,22,187.60,581.54,25.59,76.18,1,-1,-1,-1
204,23,74.47,572.00,29.39,84.81,1,-1,-1,-1
204,24,1040.76,522.42,30.03,69.02,1,-1,-1,-1
204,48,1335.72,548.83,50.53,128.44,1,-1,-1,-1
204,51,892.08,530.97,24.66,58.21,1,-1,-1,-1
204,52,1619.69,545.48,64.76,136.43,1,-1,-1,-1
204,53,429.65,528.61,15.73,37.96,1,-1,-1,-1
204,54,107.20,560.28,28.33,84.92,1,-1,-1,-1
204,55,1107.03,540.23,23.02,71.18,1,-1,-1,-1
204,56,1019.20,524.41,28.52,64.04,1,-1,-1,-1
204,57,993.02,526.80,28.33,63.67,1,-1,-1,-1
205,14,832.10,515.30,17.79,49.83,1,-1,-1,-1
205,22,183.53,582.68,26.23,76.33,1,-1,-1,-1
205,23,69.80,575.83,29.33,82.77,1,-1,-1,-1
205,24,1039.65,522.49,30.43,69.50,1,-1,-1,-1
205,48,1335.61,548.66,50.65,128.20,1,-1,-1,-1
205,51,890.83,531.62,23.92,57.85,1,-1,-1,-1
205,52,1621.98,544.20,65.77,136.27,1,-1,-1,-1
205,53,428.91,530.99,15.29,35.75,1,-1,-1,-1
205,54,107.43,559.57,27.33,86.31,1,-1,-1,-1
205,55,1101.84,538.97,24.34,72.94,1,-1,-1,-1
205,56,1018.25,524.38,28.57,64.71,1,-1,-1,-1
205,57,999.65,526.36,28.87,64.25,1,-1,-1,-1
205,58,976.90,526.80,25.60,63.10,1,-1,-1,-1
206,14,831.87,515.93,17.52,49.46,1,-1,-1,-1
206,22,180.80,582.93,26.56,77.08,1,-1,-1,-1
206,23,64.03,575.42,29.24,82.79,1,-1,-1,-1
206,24,1036.71,523.22,30.97,69.29,1,-1,-1,-1
206,48,1334.67,548.01,51.95,129.32,1,-1,-1,-1
206,51,889.43,533.06,24.47,58.17,1,-1,-1,-1
206,52,1624.42,546.46,66.07,134.12,1,-1,-1,-1
206,53,427.39,532.28,15.37,35.50,1,-1,-1,-1
206,54,109.01,559.77,26.54,87.35,1,-1,-1,-1
206,55,1098.26,536.42,24.87,73.47,1,-1,-1,-1
206,56,1021.22,526.57,27.89,66.45,1,-1,-1,-1
206,57,995.89,526.39,28.61,64.42,1,-1,-1,-1
206,58,973.96,528.13,26.16,62.89,1,-1,-1,-1
207,14,829.74,517.72,18.91,48.51,1,-1,-1,-1
207,22,177.86,583.89,26.80,78.07,1,-1,-1,-1
207,23,59.12,575.15,29.14,83.01,1,-1,-1,-1
207,24,1033.41,524.00,30.85,69.79,1,-1,-1,-1
207,48,1334.77,548.32,52.05,130.15,1,-1,-1,-1
207,51,887.00,534.25,25.19,57.35,1,-1,-1,-1
207,52,1627.67,551.40,63.64,132.29,1,-1,-1,-1
207,53,426.23,533.60,15.46,35.50,1,-1,-1,-1
207,54,108.67,560.08,27.84,89.00,1,-1,-1,-1
207,55,1097.12,535.11,25.38,73.91,1,-1,-1,-1
207,56,1022.72,530.77,27.89,66.45,1,-1,-1,-1
207,57,991.66,527.11,28.74,65.04,1,-1,-1,-1
207,58,974.60,528.56,26.26,63.74,1,-1,-1,-1
208,14,827.51,518.63,19.39,47.87,1,-1,-1,-1
208,22,173.67,586.62,25.75,77.53,1,-1,-1,-1
208,23,58.82,576.56,27.78,83.42,1,-1,-1,-1
208,24,1030.98,524.71,30.75,69.80,1,-1,-1,-1
208,48,1334.36,549.37,51.95,130.18,1,-1,-1,-1
208,51,884.92,533.83,25.76,56.26,1,-1,-1,-1
208,52,1630.41,555.41,63.96,131.25,1,-1,-1,-1
208,53,425.39,534.60,15.42,35.01,1,-1,-1,-1
208,54,109.57,561.83,27.84,89.00,1,-1,-1,-1
208,55,1097.18,535.88,25.11,76.35,1,-1,-1,-1
208,56,1024.22,534.97,27.89,66.45,1,-1,-1,-1
208,57,987.91,528.71,28.74,65.04,1,-1,-1,-1
208,58,977.40,527.17,26.08,65.04,1,-1,-1,-1
209,14,826.00,518.54,18.91,47.40,1,-1,-1,-1
209,22,169.90,587.05,25.36,76.67,1,-1,-1,-1
209,23,64.06,573.47,28.63,85.44,1,-1,-1,-1
209,24,1029.21,524.93,30.43,69.80,1,-1,-1,-1
209,48,1332.65,549.92,52.26,131.11,1,-1,-1,-1
209,51,883.79,533.49,25.65,56.85,1,-1,-1,-1
209,52,1632.40,554.78,66.65,134.22,1,-1,-1,-1
209,53,422.70,535.05,15.76,35.07,1,-1,-1,-1
209,54,91.66,566.89,31.03,86.97,1,-1,-1,-1
209,55,1096.78,537.43,25.59,77.37,1,-1,-1,-1
209,56,1025.72,539.17,27.89,66.45,1,-1,-1,-1
209,57,984.16,530.31,28.74,65.04,1,-1,-1,-1
209,58,978.28,527.35,26.23,65.43,1,-1,-1,-1
209,59,49.70,574.50,28.50,84.00,1,-1,-1,-1
210,14,824.87,520.14,18.55,46.63,1,-1,-1,-1
210,22,165.05,587.25,26.16,77.18,1,-1,-1,-1
210,23,70.38,568.89,28.68,88.70,1,-1,-1,-1
210,24,1028.03,525.45,30.48,70.29,1,-1,-1,-1
210,48,1331.59,549.46,51.94,132.01,1,-1,-1,-1
210,51,882.23,533.81,25.26,57.72,1,-1,-1,-1
210,52,1634.18,553.95,69.06,136.52,1,-1,-1,-1
210,53,419.55,535.90,15.76,35.07,1,-1,-1,-1
210,54,80.06,570.04,31.03,86.97,1,-1,-1,-1
210,55,1093.88,538.38,26.72,78.44,1,-1,-1,-1
210,57,980.41,531.91,28.74,65.04,1,-1,-1,-1
210,58,977.60,529.04,27.82,65.69,1,-1,-1,-1
210,59,46.97,574.22,28.50,87.99,1,-1,-1,-1
211,14,824.76,522.19,17.12,47.24,1,-1,-1,-1
211,22,160.95,589.15,27.45,77.96,1,-1,-1,-1
211,23,74.33,567.49,28.68,88.70,1,-1,-1,-1
211,24,1026.42,527.38,30.63,70.23,1,-1,-1,-1
211,48,1330.66,550.85,51.98,131.86,1,-1,-1,-1
211,51,880.95,533.13,25.36,61.07,1,-1,-1,-1
211,52,1638.69,554.04,70.70,139.03,1,-1,-1,-1
211,53,416.40,536.75,15.76,35.07,1,-1,-1,-1
211,54,68.14,568.79,28.35,88.74,1,-1,-1,-1
211,55,1090.84,543.04,29.72,74.49,1,-1,-1,-1
211,57,989.36,529.16,40.54,67.53,1,-1,-1,-1
211,58,977.15,530.57,28.37,65.91,1,-1,-1,-1
211,59,43.51,576.13,28.50,88.84,1,-1,-1,-1
212,14,824.46,522.68,16.54,47.14,1,-1,-1,-1
212,22,158.25,588.60,27.20,78.55,1,-1,-1,-1
212,23,78.28,566.09,28.68,88.70,1,-1,-1,-1
212,24,1024.83,528.46,30.12,70.00,1,-1,-1,-1
212,48,1330.99,551.75,51.15,131.89,1,-1,-1,-1
212,51,880.17,533.14,25.46,62.91,1,-1,-1,-1
212,52,1643.57,554.98,70.35,138.10,1,-1,-1,-1
212,53,413.25,537.60,15.76,35.07,1,-1,-1,-1
212,54,57.89,572.13,28.52,87.31,1,-1,-1,-1
212,55,1094.82,543.07,28.86,74.71,1,-1,-1,-1
212,57,992.42,529.86,32.32,65.27,1,-1,-1,-1
212,58,977.41,531.19,28.25,65.27,1,-1,-1,-1
212,59,39.72,578.25,29.13,87.20,1,-1,-1,-1
213,14,824.52,522.69,16.58,47.04,1,-1,-1,-1
213,22,153.90,589.48,26.92,78.51,1,-1,-1,-1
213,23,82.23,564.69,28.68,88.70,1,-1,-1,-1
213,24,1022.86,529.34,29.62,68.81,1,-1,-1,-1
213,48,1331.40,551.37,51.33,132.67,1,-1,-1,-1
213,51,878.72,533.69,25.14,63.39,1,-1,-1,-1
213,52,1645.44,555.01,71.50,137.40,1,-1,-1,-1
213,54,53.60,574.51,28.02,89.19,1,-1,-1,-1
213,55,1099.49,542.35,28.33,76.73,1,-1,-1,-1
213,57,994.00,530.96,29.51,64.80,1,-1,-1,-1
213,58,978.71,531.80,27.72,64.73,1,-1,-1,-1
213,59,38.99,577.75,28.97,88.95,1,-1,-1,-1
214,14,824.58,523.99,17.09,46.73,1,-1,-1,-1
214,22,150.72,591.07,27.40,80.39,1,-1,-1,-1
214,24,1020.09,530.28,29.60,69.64,1,-1,-1,-1
214,48,1331.92,552.07,51.45,132.48,1,-1,-1,-1
214,51,877.84,534.35,25.74,63.61,1,-1,-1,-1
214,52,1650.93,554.47,72.20,136.98,1,-1,-1,-1
214,54,53.41,574.17,29.48,89.06,1,-1,-1,-1
214,55,1098.63,545.18,27.75,77.69,1,-1,-1,-1
214,57,995.92,533.28,27.33,65.08,1,-1,-1,-1
214,58,973.73,533.55,27.22,65.97,1,-1,-1,-1
214,59,27.47,579.50,29.97,88.15,1,-1,-1,-1
215,14,824.12,523.50,17.10,46.22,1,-1,-1,-1
215,22,148.59,590.15,26.91,80.82,1,-1,-1,-1
215,24,1018.69,531.01,29.53,69.26,1,-1,-1,-1
215,48,1332.48,553.02,52.25,133.68,1,-1,-1,-1
215,51,878.46,533.93,25.57,63.60,1,-1,-1,-1
215,52,1656.58,553.34,73.67,141.19,1,-1,-1,-1
215,54,51.71,572.95,28.23,88.39,1,-1,-1,-1
215,55,1099.10,545.72,28.62,78.82,1,-1,-1,-1
215,57,993.72,534.28,26.26,64.53,1,-1,-1,-1
215,58,975.74,533.94,26.72,65.15,1,-1,-1,-1
215,59,21.19,578.07,29.50,88.46,1,-1,-1,-1
215,60,1176.60,553.60,48.40,113.60,1,-1,-1,-1
216,14,823.76,523.54,16.47,45.58,1,-1,-1,-1
216,22,145.57,590.41,26.62,81.16,1,-1,-1,-1
216,24,1018.30,531.76,29.58,68.31,1,-1,-1,-1
216,48,1333.87,554.02,52.22,135.59,1,-1,-1,-1
216,51,877.66,534.30,25.73,63.11,1,-1,-1,-1
216,52,1660.70,554.25,75.23,141.62,1,-1,-1,-1
216,54,45.74,575.27,29.47,87.00,1,-1,-1,-1
216,55,1103.87,542.68,29.17,80.63,1,-1,-1,-1
216,57,998.16,534.31,25.45,63.46,1,-1,-1,-1
216,58,977.61,532.31,25.51,65.40,1,-1,-1,-1
216,59,27.30,577.59,29.50,87.58,1,-1,-1,-1
216,60,1174.78,550.59,51.13,119.55,1,-1,-1,-1
216,61,10.10,580.70,32.50,86.40,1,-1,-1,-1
217,14,824.14,522.61,16.00,46.85,1,-1,-1,-1
217,22,143.20,589.67,26.89,82.87,1,-1,-1,-1
217,24,1016.08,531.82,30.71,68.86,1,-1,-1,-1
217,48,1335.74,554.60,51.71,135.81,1,-1,-1,-1
217,51,877.27,533.34,25.29,63.59,1,-1,-1,-1
217,52,1666.35,553.04,76.54,142.94,1,-1,-1,-1
217,54,41.06,577.07,30.33,87.07,1,-1,-1,-1
217,55,1105.63,540.82,30.59,82.15,1,-1,-1,-1
217,57,999.49,533.60,27.44,65.17,1,-1,-1,-1
217,58,969.21,533.73,26.62,66.94,1,-1,-1,-1
217,59,29.70,579.19,29.50,87.58,1,-1,-1,-1
217,60,1175.86,550.37,52.30,121.26,1,-1,-1,-1
217,61,9.54,579.51,32.50,87.45,1,-1,-1,-1
218,14,824.51,521.15,16.35,47.52,1,-1,-1,-1
218,22,140.75,589.63,26.83,82.47,1,-1,-1,-1
218,24,1013.37,530.06,31.68,69.94,1,-1,-1,-1
218,48,1337.41,554.42,51.63,135.94,1,-1,-1,-1
218,51,877.49,531.77,24.32,62.20,1,-1,-1,-1
218,52,1673.36,551.68,76.02,145.85,1,-1,-1,-1
218,54,37.38,575.25,30.10,88.70,1,-1,-1,-1
218,55,1104.93,539.79,29.90,85.40,1,-1,-1,-1
218,57,997.09,533.30,26.29,65.19,1,-1,-1,-1
218,58,967.82,534.55,26.75,66.42,1,-1,-1,-1
218,59,32.10,580.79,29.50,87.58,1,-1,-1,-1
218,60,1175.76,553.34,54.33,119.47,1,-1,-1,-1
218,61,8.29,578.45,32.50,88.74,1,-1,-1,-1
219,14,824.26,520.05,16.88,48.69,1,-1,-1,-1
219,22,137.76,591.16,26.74,81.44,1,-1,-1,-1
219,24,1010.91,528.85,32.12,71.03,1,-1,-1,-1
219,48,1338.88,554.08,51.54,135.77,1,-1,-1,-1
219,51,877.18,531.01,23.68,61.01,1,-1,-1,-1
219,52,1678.72,551.74,76.29,143.44,1,-1,-1,-1
219,54,28.78,574.92,29.47,90.66,1,-1,-1,-1
219,55,1105.49,539.64,28.50,83.44,1,-1,-1,-1
219,57,994.79,532.88,25.67,65.34,1,-1,-1,-1
219,58,967.79,532.95,26.64,67.18,1,-1,-1,-1
219,59,34.50,582.39,29.50,87.58,1,-1,-1,-1
219,60,1174.86,555.59,54.33,119.47,1,-1,-1,-1
219,61,7.45,577.39,32.36,91.23,1,-1,-1,-1
220,14,824.79,520.75,16.68,48.07,1,-1,-1,-1
220,22,135.76,594.24,26.50,80.50,1,-1,-1,-1
220,24,1009.45,529.80,31.33,70.87,1,-1,-1,-1
220,48,1339.97,553.18,52.07,137.12,1,-1,-1,-1
220,51,876.54,531.87,23.41,59.46,1,-1,-1,-1
220,52,1684.86,548.68,73.43,146.07,1,-1,-1,-1
220,54,18.18,576.57,29.47,90.66,1,-1,-1,-1
220,55,1104.58,539.64,26.82,80.82,1,-1,-1,-1
220,57,995.28,532.94,25.34,65.73,1,-1,-1,-1
220,58,967.16,533.46,26.54,67.26,1,-1,-1,-1
220,59,39.91,574.90,27.54,92.14,1,-1,-1,-1
220,60,1173.96,557.84,54.33,119.47,1,-1,-1,-1
220,61,8.49,579.36,32.81,92.61,1,-1,-1,-1
220,62,1080.60,542.50,30.60,80.20,1,-1,-1,-1
221,14,824.91,520.74,16.69,48.44,1,-1,-1,-1
221,22,133.77,595.30,26.71,80.15,1,-1,-1,-1
221,24,1009.57,530.52,32.01,71.59,1,-1,-1,-1
221,48,1341.77,553.44,51.74,136.48,1,-1,-1,-1
221,51,877.66,531.90,21.58,58.93,1,-1,-1,-1
221,52,1692.03,550.84,72.50,145.60,1,-1,-1,-1
221,54,6.47,579.33,30.47,91.53,1,-1,-1,-1
221,55,1101.82,540.07,26.18,79.76,1,-1,-1,-1
221,57,997.07,533.08,25.38,66.90,1,-1,-1,-1
221,58,968.91,533.49,26.37,66.80,1,-1,-1,-1
221,59,47.76,567.01,24.92,92.81,1,-1,-1,-1
221,60,1173.06,560.09,54.33,119.47,1,-1,-1,-1
221,61,10.44,583.11,32.81,92.61,1,-1,-1,-1
221,62,1076.68,543.13,29.97,80.27,1,-1,-1,-1
222,14,824.84,519.37,17.05,49.11,1,-1,-1,-1
222,22,131.79,595.49,27.40,79.42,1,-1,-1,-1
222,24,1009.88,528.83,32.42,72.93,1,-1,-1,-1
222,48,1343.27,552.28,52.13,135.93,1,-1,-1,-1
222,51,878.41,531.05,21.58,58.93,1,-1,-1,-1
222,52,1699.06,548.80,73.97,149.52,1,-1,-1,-1
222,54,2.28,581.23,30.56,90.95,1,-1,-1,-1
222,55,1102.70,538.46,25.84,78.95,1,-1,-1,-1
222,57,996.70,531.93,25.04,66.90,1,-1,-1,-1
222,58,970.63,530.79,26.04,67.15,1,-1,-1,-1
222,59,55.01,559.61,24.92,92.81,1,-1,-1,-1
222,61,12.39,586.86,32.81,92.61,1,-1,-1,-1
222,62,1070.54,542.97,30.48,80.29,1,-1,-1,-1
223,14,824.52,519.79,17.43,49.80,1,-1,-1,-1
223,22,129.86,595.71,28.17,80.31,1,-1,-1,-1
223,24,1009.27,528.49,30.45,70.88,1,-1,-1,-1
223,48,1345.11,550.42,52.46,137.80,1,-1,-1,-1
223,51,879.16,530.20,21.58,58.93,1,-1,-1,-1
223,52,1707.15,547.71,72.24,147.83,1,-1,-1,-1
223,54,2.73,582.30,30.94,90.56,1,-1,-1,-1
223,55,1113.75,533.64,29.45,84.72,1,-1,-1,-1
223,57,994.36,531.32,24.10,66.62,1,-1,-1,-1
223,58,969.24,530.85,26.22,66.55,1,-1,-1,-1
223,59,62.26,552.21,24.92,92.81,1,-1,-1,-1
223,61,14.34,590.61,32.81,92.61,1,-1,-1,-1
223,62,1065.95,543.21,32.10,80.72,1,-1,-1,-1
224,14,824.36,521.02,17.20,50.01,1,-1,-1,-1
224,22,127.98,595.33,29.10,82.96,1,-1,-1,-1
224,24,1008.72,528.63,29.78,70.75,1,-1,-1,-1
224,48,1347.43,549.68,52.91,139.34,1,-1,-1,-1
224,51,879.91,529.35,21.58,58.93,1,-1,-1,-1
224,52,1713.21,547.35,71.65,145.92,1,-1,-1,-1
224,54,2.18,583.89,30.70,92.20,1,-1,-1,-1
224,55,1122.91,534.00,31.52,86.25,1,-1,-1,-1
224,57,995.81,531.25,24.52,67.03,1,-1,-1,-1
224,58,971.87,531.23,25.72,66.73,1,-1,-1,-1
224,59,69.51,544.81,24.92,92.81,1,-1,-1,-1
224,62,1063.53,544.49,32.87,79.03,1,-1,-1,-1
225,14,824.95,520.43,16.64,50.14,1,-1,-1,-1
225,22,125.64,597.84,29.03,81.94,1,-1,-1,-1
225,24,1009.28,529.29,29.87,71.63,1,-1,-1,-1
225,48,1349.71,549.12,52.97,139.73,1,-1,-1,-1
225,52,1718.92,547.38,70.71,145.70,1,-1,-1,-1
225,54,1.86,586.40,29.72,91.92,1,-1,-1,-1
225,55,1121.93,533.56,32.27,90.06,1,-1,-1,-1
225,57,997.14,530.07,25.98,66.94,1,-1,-1,-1
225,58,980.73,530.86,24.94,65.31,1,-1,-1,-1
225,62,1061.27,544.74,35.48,80.55,1,-1,-1,-1
226,14,825.10,520.11,17.31,52.21,1,-1,-1,-1
226,22,123.68,600.71,28.80,82.19,1,-1,-1,-1
226,24,1010.67,530.71,28.84,72.52,1,-1,-1,-1
226,48,1352.35,548.82,52.36,140.34,1,-1,-1,-1
226,52,1724.05,545.53,72.87,147.87,1,-1,-1,-1
226,54,1.66,589.73,28.38,92.61,1,-1,-1,-1
226,55,1121.03,533.98,33.48,91.21,1,-1,-1,-1
226,57,997.19,528.72,25.98,66.94,1,-1,-1,-1
226,58,991.49,530.72,25.33,67.68,1,-1,-1,-1
226,62,1059.72,546.20,35.91,84.29,1,-1,-1,-1
226,63,1201.20,556.70,55.00,126.10,1,-1,-1,-1
226,64,971.00,532.10,25.30,69.70,1,-1,-1,-1
227,14,826.47,521.47,17.23,52.13,1,-1,-1,-1
227,22,122.90,602.20,29.22,83.25,1,-1,-1,-1
227,24,1009.69,531.31,29.44,72.72,1,-1,-1,-1
227,48,1354.76,549.87,52.32,141.36,1,-1,-1,-1
227,52,1733.73,544.97,70.79,146.28,1,-1,-1,-1
227,54,2.04,592.08,26.29,91.27,1,-1,-1,-1
227,55,1120.49,533.09,36.15,91.76,1,-1,-1,-1
227,57,997.24,527.37,25.98,66.94,1,-1,-1,-1
227,58,1002.34,532.42,25.33,67.68,1,-1,-1,-1
227,62,1059.13,549.17,36.25,81.71,1,-1,-1,-1
227,63,1204.21,556.91,53.67,127.01,1,-1,-1,-1
227,64,976.81,531.96,26.00,68.44,1,-1,-1,-1
228,14,827.71,521.92,17.14,50.99,1,-1,-1,-1
228,22,120.81,601.85,28.93,84.19,1,-1,-1,-1
228,24,1008.67,531.21,30.18,72.84,1,-1,-1,-1
228,48,1357.13,551.08,52.73,143.21,1,-1,-1,-1
228,52,1741.33,543.17,70.45,148.60,1,-1,-1,-1
228,54,2.66,593.58,23.71,91.85,1,-1,-1,-1
228,55,1120.55,531.09,38.43,96.06,1,-1,-1,-1
228,57,997.29,526.02,25.98,66.94,1,-1,-1,-1
228,58,1013.19,534.12,25.33,67.68,1,-1,-1,-1
228,62,1060.21,549.71,36.15,81.21,1,-1,-1,-1
228,63,1206.19,556.56,54.81,128.40,1,-1,-1,-1
228,64,979.86,531.45,26.56,68.06,1,-1,-1,-1
229,14,827.65,521.43,17.18,50.72,1,-1,-1,-1
229,22,117.88,601.84,28.63,84.69,1,-1,-1,-1
229,24,1008.04,530.37,31.80,73.37,1,-1,-1,-1
229,48,1359.07,551.33,53.41,144.04,1,-1,-1,-1
229,52,1748.21,542.63,70.69,149.65,1,-1,-1,-1
229,54,1.20,594.87,23.07,92.10,1,-1,-1,-1
229,55,1121.11,532.15,37.78,95.67,1,-1,-1,-1
229,57,995.21,529.10,26.83,68.31,1,-1,-1,-1
229,58,1039.13,537.07,24.05,71.82,1,-1,-1,-1
229,62,1061.78,548.61,36.11,82.11,1,-1,-1,-1
229,63,1206.91,555.48,56.27,130.36,1,-1,-1,-1
229,64,978.83,531.42,27.29,68.23,1,-1,-1,-1
229,65,384.50,537.60,16.40,37.80,1,-1,-1,-1
230,14,827.82,521.59,17.47,50.78,1,-1,-1,-1
230,22,115.44,602.55,28.75,86.45,1,-1,-1,-1
230,24,1007.92,529.86,30.68,73.39,1,-1,-1,-1
230,48,1360.85,551.33,54.52,142.89,1,-1,-1,-1
230,52,1757.21,543.42,69.72,149.83,1,-1,-1,-1
230,54,0.46,595.32,22.11,93.29,1,-1,-1,-1
230,55,1122.56,533.53,37.79,93.52,1,-1,-1,-1
230,57,994.79,529.65,26.83,68.31,1,-1,-1,-1
230,58,1049.48,538.85,24.92,73.21,1,-1,-1,-1
230,62,1062.67,547.56,35.33,83.50,1,-1,-1,-1
230,63,1210.20,557.93,55.66,128.78,1,-1,-1,-1
230,64,978.11,532.11,27.09,68.56,1,-1,-1,-1
230,65,383.17,537.81,15.84,37.73,1,-1,-1,-1
231,14,828.57,522.79,17.63,50.30,1,-1,-1,-1
231,22,113.91,601.79,28.64,88.30,1,-1,-1,-1
231,24,1009.85,531.22,29.85,72.70,1,-1,-1,-1
231,48,1362.34,551.97,54.79,142.76,1,-1,-1,-1
231,52,1766.98,545.74,68.73,148.55,1,-1,-1,-1
231,54,0.67,597.02,21.68,91.69,1,-1,-1,-1
231,55,1123.81,534.18,37.66,94.21,1,-1,-1,-1
231,57,989.56,532.58,25.06,65.71,1,-1,-1,-1
231,58,1044.01,538.98,26.45,73.06,1,-1,-1,-1
231,62,1063.31,548.12,35.38,83.43,1,-1,-1,-1
231,63,1212.68,558.93,56.46,130.26,1,-1,-1,-1
231,64,970.84,536.56,25.98,66.84,1,-1,-1,-1
231,65,382.71,537.67,16.09,37.29,1,-1,-1,-1
232,14,829.80,522.74,17.61,49.67,1,-1,-1,-1
232,22,112.42,601.14,28.68,89.28,1,-1,-1,-1
232,24,1009.28,531.10,31.64,72.63,1,-1,-1,-1
232,48,1364.77,554.60,53.33,139.64,1,-1,-1,-1
232,52,1774.58,546.60,70.53,147.53,1,-1,-1,-1
232,54,1.71,598.48,20.65,90.65,1,-1,-1,-1
232,55,1123.38,533.47,38.67,95.04,1,-1,-1,-1
232,57,984.22,532.17,24.67,63.95,1,-1,-1,-1
232,58,1048.33,540.89,25.50,75.33,1,-1,-1,-1
232,62,1063.55,545.42,36.16,84.39,1,-1,-1,-1
232,63,1213.70,558.41,57.54,130.01,1,-1,-1,-1
232,64,961.99,540.86,25.98,66.84,1,-1,-1,-1
232,65,382.29,538.39,15.33,36.53,1,-1,-1,-1
233,14,830.41,522.50,17.81,49.20,1,-1,-1,-1
233,22,110.84,599.23,29.19,90.97,1,-1,-1,-1
233,24,1008.59,529.20,30.84,72.33,1,-1,-1,-1
233,48,1367.08,554.02,53.94,139.40,1,-1,-1,-1
233,52,1781.47,546.49,71.42,147.44,1,-1,-1,-1
233,54,1.38,599.52,22.22,88.58,1,-1,-1,-1
233,55,1123.94,532.82,38.34,94.31,1,-1,-1,-1
233,57,986.04,529.93,23.99,64.90,1,-1,-1,-1
233,58,1049.72,541.45,25.36,74.26,1,-1,-1,-1
233,62,1064.37,546.13,35.49,81.67,1,-1,-1,-1
233,63,1217.02,556.32,58.63,131.47,1,-1,-1,-1
233,64,953.14,545.16,25.98,66.84,1,-1,-1,-1
233,65,379.45,538.29,16.22,36.30,1,-1,-1,-1
234,14,830.56,522.77,18.08,49.27,1,-1,-1,-1
234,22,109.62,599.02,28.92,89.94,1,-1,-1,-1
234,24,1009.20,527.26,30.95,73.36,1,-1,-1,-1
234,48,1369.97,552.38,54.19,141.36,1,-1,-1,-1
234,52,1792.07,544.92,73.37,150.84,1,-1,-1,-1
234,54,1.16,597.65,21.51,87.69,1,-1,-1,-1
234,55,1123.15,531.15,39.15,97.10,1,-1,-1,-1
234,57,989.40,529.23,23.58,64.97,1,-1,-1,-1
234,58,1045.68,537.92,25.39,74.22,1,-1,-1,-1
234,62,1063.35,544.37,36.90,85.40,1,-1,-1,-1
234,63,1223.38,557.89,58.33,132.19,1,-1,-1,-1
234,64,944.29,549.46,25.98,66.84,1,-1,-1,-1
234,65,378.96,537.52,16.63,36.65,1,-1,-1,-1
235,14,832.07,521.09,18.73,49.71,1,-1,-1,-1
235,22,108.30,599.52,28.83,89.28,1,-1,-1,-1
235,24,1010.38,527.16,29.66,71.01,1,-1,-1,-1
235,48,1373.91,552.31,54.55,141.67,1,-1,-1,-1
235,52,1803.16,546.95,73.32,147.10,1,-1,-1,-1
235,54,1.14,595.63,20.94,86.23,1,-1,-1,-1
235,55,1123.58,531.59,37.72,94.93,1,-1,-1,-1
235,57,992.90,528.61,24.71,63.45,1,-1,-1,-1
235,58,1043.47,534.32,25.89,71.55,1,-1,-1,-1
235,62,1063.70,543.23,37.60,85.26,1,-1,-1,-1
235,63,1226.98,560.96,58.59,130.52,1,-1,-1,-1
235,65,379.54,536.80,16.82,36.89,1,-1,-1,-1
236,14,834.50,521.21,18.15,48.93,1,-1,-1,-1
236,22,107.37,598.73,28.88,90.06,1,-1,-1,-1
236,24,1012.22,525.03,34.10,73.94,1,-1,-1,-1
236,48,1377.12,552.86,54.65,141.27,1,-1,-1,-1
236,52,1812.15,541.80,75.48,151.09,1,-1,-1,-1
236,54,1.68,596.58,20.42,86.56,1,-1,-1,-1
236,55,1130.69,528.13,33.43,92.46,1,-1,-1,-1
236,57,991.44,525.50,22.60,62.02,1,-1,-1,-1
236,58,1039.42,528.12,25.89,71.55,1,-1,-1,-1
236,62,1066.19,542.78,37.81,87.04,1,-1,-1,-1
236,63,1234.52,563.42,52.09,128.90,1,-1,-1,-1
236,65,379.69,535.67,17.23,37.74,1,-1,-1,-1
236,66,1107.00,535.60,34.00,90.20,1,-1,-1,-1
237,14,835.91,521.79,18.53,47.72,1,-1,-1,-1
237,22,106.59,599.05,28.75,89.60,1,-1,-1,-1
237,24,1013.79,526.24,33.82,72.65,1,-1,-1,-1
237,48,1379.33,551.83,53.78,141.29,1,-1,-1,-1
237,52,1822.86,539.52,75.63,150.47,1,-1,-1,-1
237,54,1.71,597.21,20.20,86.87,1,-1,-1,-1
237,55,1137.19,525.54,31.10,89.48,1,-1,-1,-1
237,57,987.76,524.08,21.55,61.79,1,-1,-1,-1
237,58,1037.21,528.20,28.00,72.49,1,-1,-1,-1
237,62,1075.37,540.13,35.21,88.13,1,-1,-1,-1
237,63,1240.42,565.92,52.09,128.90,1,-1,-1,-1
237,65,379.81,535.02,17.14,37.64,1,-1,-1,-1
237,66,1102.73,535.60,35.89,89.99,1,-1,-1,-1
238,14,837.78,520.40,19.14,48.27,1,-1,-1,-1
238,22,106.15,599.09,29.00,89.39,1,-1,-1,-1
238,24,1013.53,526.98,31.01,72.41,1,-1,-1,-1
238,48,1381.96,550.29,53.86,142.70,1,-1,-1,-1
238,52,1835.50,538.20,73.93,151.54,1,-1,-1,-1
238,54,2.71,594.11,19.78,88.29,1,-1,-1,-1
238,55,1149.23,521.22,28.93,89.63,1,-1,-1,-1
238,57,988.76,524.73,21.55,61.79,1,-1,-1,-1
238,58,1044.62,531.36,26.67,71.73,1,-1,-1,-1
238,62,1075.62,535.78,33.38,86.36,1,-1,-1,-1
238,63,1246.32,568.42,52.09,128.90,1,-1,-1,-1
238,65,379.54,533.89,17.88,38.45,1,-1,-1,-1
238,66,1093.72,533.74,38.70,93.99,1,-1,-1,-1
239,14,839.72,519.14,19.39,49.48,1,-1,-1,-1
239,22,106.05,598.34,28.30,89.54,1,-1,-1,-1
239,24,1015.36,525.29,31.07,73.80,1,-1,-1,-1
239,48,1387.05,549.03,51.44,143.75,1,-1,-1,-1
239,52,1846.18,534.89,74.61,156.90,1,-1,-1,-1
239,54,1.89,591.39,20.21,91.80,1,-1,-1,-1
239,55,1159.03,519.78,28.28,88.21,1,-1,-1,-1
239,57,988.18,525.67,22.36,63.34,1,-1,-1,-1
239,58,1039.26,528.78,29.14,73.39,1,-1,-1,-1
239,62,1067.87,531.08,33.38,86.36,1,-1,-1,-1
239,63,1252.22,570.92,52.09,128.90,1,-1,-1,-1
239,65,380.19,532.97,18.66,39.26,1,-1,-1,-1
239,66,1091.00,533.17,38.42,94.21,1,-1,-1,-1
240,14,841.39,518.02,20.24,50.05,1,-1,-1,-1
240,22,105.23,597.86,28.79,89.93,1,-1,-1,-1
240,24,1010.70,524.03,28.29,71.77,1,-1,-1,-1
240,48,1392.41,547.56,51.06,144.69,1,-1,-1,-1
240,52,1855.65,534.10,68.09,158.51,1,-1,-1,-1
240,54,1.29,590.77,19.08,92.01,1,-1,-1,-1
240,55,1160.45,521.39,26.96,87.50,1,-1,-1,-1
240,57,987.58,526.45,22.36,63.34,1,-1,-1,-1
240,58,1029.08,525.89,31.70,71.58,1,-1,-1,-1
240,62,1052.06,529.61,29.90,74.49,1,-1,-1,-1
240,65,380.97,532.68,18.41,38.87,1,-1,-1,-1
240,66,1092.07,534.53,39.67,97.07,1,-1,-1,-1
241,14,844.44,517.57,20.14,51.14,1,-1,-1,-1
241,22,105.23,598.97,28.80,89.56,1,-1,-1,-1
241,24,1000.40,522.08,28.29,71.77,1,-1,-1,-1
241,48,1397.78,546.64,51.02,146.66,1,-1,-1,-1
241,52,1869.01,532.68,54.52,161.65,1,-1,-1,-1
241,54,1.19,590.17,19.08,92.01,1,-1,-1,-1
241,55,1162.66,521.20,25.59,87.29,1,-1,-1,-1
241,57,986.98,527.22,22.36,63.34,1,-1,-1,-1
241,58,1019.43,525.60,27.50,69.35,1,-1,-1,-1
241,62,1033.86,524.98,27.24,70.86,1,-1,-1,-1
241,65,381.11,533.32,18.12,38.47,1,-1,-1,-1
241,66,1098.08,531.86,31.85,91.77,1,-1,-1,-1
242,14,846.73,518.50,20.25,51.18,1,-1,-1,-1
242,22,105.38,598.76,29.01,90.50,1,-1,-1,-1
242,24,990.10,520.13,28.29,71.77,1,-1,-1,-1
242,48,1402.34,546.40,50.66,148.58,1,-1,-1,-1
242,52,1877.31,533.58,54.52,161.65,1,-1,-1,-1
242,54,1.09,589.57,19.08,92.01,1,-1,-1,-1
242,55,1166.84,521.16,24.76,88.07,1,-1,-1,-1
242,57,986.38,528.00,22.36,63.34,1,-1,-1,-1
242,58,1001.38,524.20,27.50,69.35,1,-1,-1,-1
242,62,1020.96,522.69,28.89,73.62,1,-1,-1,-1
242,65,382.12,534.33,17.90,37.86,1,-1,-1,-1
242,66,1116.27,527.76,27.05,88.36,1,-1,-1,-1
243,14,849.07,517.83,20.29,52.24,1,-1,-1,-1
243,22,105.65,598.50,29.35,90.36,1,-1,-1,-1
243,24,979.80,518.18,28.29,71.77,1,-1,-1,-1
243,48,1406.28,548.48,51.18,147.61,1,-1,-1,-1
243,52,1885.61,534.48,54.52,161.65,1,-1,-1,-1
243,54,1.91,589.62,19.24,94.31,1,-1,-1,-1
243,55,1170.78,522.41,25.84,85.57,1,-1,-1,-1
243,58,983.33,522.80,27.50,69.35,1,-1,-1,-1
243,62,1022.16,523.36,30.09,73.75,1,-1,-1,-1
243,65,382.79,534.23,18.04,38.10,1,-1,-1,-1
243,66,1148.59,526.21,26.74,85.73,1,-1,-1,-1
244,14,851.78,516.81,20.02,51.58,1,-1,-1,-1
244,22,105.69,597.77,29.81,91.09,1,-1,-1,-1
244,48,1411.77,548.97,49.93,148.23,1,-1,-1,-1
244,52,1893.91,535.38,54.52,161.65,1,-1,-1,-1
244,54,2.19,589.85,19.24,94.31,1,-1,-1,-1
244,55,1164.95,523.51,24.27,81.67,1,-1,-1,-1
244,58,965.28,521.40,27.50,69.35,1,-1,-1,-1
244,62,1026.61,523.35,30.73,73.50,1,-1,-1,-1
244,65,383.53,534.15,17.80,37.82,1,-1,-1,-1
244,66,1178.75,521.03,26.57,84.94,1,-1,-1,-1
244,67,903.30,531.70,24.80,62.40,1,-1,-1,-1
245,14,854.76,515.74,20.35,52.22,1,-1,-1,-1
245,22,106.13,598.57,29.80,91.17,1,-1,-1,-1
245,48,1418.81,550.51,47.81,148.77,1,-1,-1,-1
245,54,2.47,590.09,19.24,94.31,1,-1,-1,-1
245,55,1156.63,522.64,23.10,76.86,1,-1,-1,-1
245,62,1028.66,523.39,31.41,74.27,1,-1,-1,-1
245,65,384.97,534.03,17.59,38.30,1,-1,-1,-1
245,66,1203.50,517.53,26.57,84.94,1,-1,-1,-1
245,67,903.86,529.95,26.13,64.99,1,-1,-1,-1
245,68,1182.00,520.50,26.00,78.00,1,-1,-1,-1
246,14,857.37,516.74,20.60,51.09,1,-1,-1,-1
246,22,107.09,598.90,29.80,92.24,1,-1,-1,-1
246,48,1425.38,550.87,47.24,151.17,1,-1,-1,-1
246,54,2.76,590.32,19.24,94.31,1,-1,-1,-1
246,55,1150.52,525.70,22.89,69.40,1,-1,-1,-1
246,62,1030.62,523.93,32.10,75.76,1,-1,-1,-1
246,65,385.76,533.58,17.60,39.21,1,-1,-1,-1
246,66,1228.25,514.03,26.57,84.94,1,-1,-1,-1
246,67,905.67,527.62,26.81,68.22,1,-1,-1,-1
246,68,1184.03,522.81,26.77,77.65,1,-1,-1,-1
247,14,861.60,518.63,19.83,49.84,1,-1,-1,-1
247,22,107.23,599.33,30.15,93.12,1,-1,-1,-1
247,48,1431.13,550.56,48.68,152.45,1,-1,-1,-1
247,55,1142.22,527.80,22.89,69.40,1,-1,-1,-1
247,62,1032.84,526.37,33.43,72.57,1,-1,-1,-1
247,65,386.59,532.92,17.60,39.34,1,-1,-1,-1
247,66,1253.00,510.53,26.57,84.94,1,-1,-1,-1
247,67,908.26,527.65,27.57,68.70,1,-1,-1,-1
247,68,1192.60,524.00,25.74,74.89,1,-1,-1,-1
248,14,865.58,518.77,19.53,50.72,1,-1,-1,-1
248,22,107.54,599.69,30.40,94.44,1,-1,-1,-1
248,48,1437.27,550.79,47.92,152.56,1,-1,-1,-1
248,55,1133.92,529.90,22.89,69.40,1,-1,-1,-1
248,62,1036.63,527.45,33.06,72.03,1,-1,-1,-1
248,65,388.04,534.10,17.46,37.91,1,-1,-1,-1
248,67,912.15,528.16,27.59,68.84,1,-1,-1,-1
248,68,1201.60,521.50,25.74,74.89,1,-1,-1,-1
249,14,869.55,519.35,20.77,51.13,1,-1,-1,-1
249,22,108.97,600.39,29.91,95.11,1,-1,-1,-1
249,48,1441.25,549.89,49.38,153.92,1,-1,-1,-1
249,55,1125.62,532.00,22.89,69.40,1,-1,-1,-1
249,62,1042.59,527.58,33.72,72.36,1,-1,-1,-1
249,65,390.54,535.49,17.28,37.76,1,-1,-1,-1
249,67,915.73,528.60,28.16,70.42,1,-1,-1,-1
249,68,1199.12,521.80,28.58,75.39,1,-1,-1,-1
250,14,872.73,519.67,21.21,50.69,1,-1,-1,-1
250,22,109.46,600.85,30.11,96.15,1,-1,-1,-1
250,48,1447.90,548.83,47.71,156.56,1,-1,-1,-1
250,62,1049.54,526.83,33.72,72.36,1,-1,-1,-1
250,65,394.04,536.47,16.45,37.30,1,-1,-1,-1
250,67,919.83,530.58,27.77,68.03,1,-1,-1,-1
250,68,1199.95,522.17,28.58,75.39,1,-1,-1,-1
251,14,873.25,517.98,21.90,51.33,1,-1,-1,-1
251,22,109.42,600.89,29.96,96.82,1,-1,-1,-1
251,48,1455.03,548.05,49.10,156.66,1,-1,-1,-1
251,62,1056.49,526.08,33.72,72.36,1,-1,-1,-1
251,65,397.89,537.23,16.28,36.32,1,-1,-1,-1
251,67,924.55,530.09,28.63,69.55,1,-1,-1,-1
251,68,1200.77,522.55,28.58,75.39,1,-1,-1,-1
252,14,876.91,518.59,20.92,50.19,1,-1,-1,-1
252,22,110.72,602.53,28.80,96.10,1,-1,-1,-1
252,48,1462.01,547.45,49.10,155.15,1,-1,-1,-1
252,62,1063.44,525.33,33.72,72.36,1,-1,-1,-1
252,65,400.19,536.01,16.50,38.06,1,-1,-1,-1
252,67,930.25,530.90,27.07,69.09,1,-1,-1,-1
252,68,1201.60,522.92,28.58,75.39,1,-1,-1,-1
253,14,882.85,518.47,21.40,50.34,1,-1,-1,-1
253,22,117.30,602.30,30.76,97.29,1,-1,-1,-1
253,48,1467.86,545.85,50.64,156.16,1,-1,-1,-1
253,65,403.71,537.62,16.85,38.09,1,-1,-1,-1
253,67,934.81,532.26,27.16,68.54,1,-1,-1,-1
254,14,887.44,518.66,21.82,49.40,1,-1,-1,-1
254,22,120.14,604.11,29.53,96.95,1,-1,-1,-1
254,48,1475.40,542.78,50.19,158.85,1,-1,-1,-1
254,65,408.50,538.36,17.03,38.45,1,-1,-1,-1
254,67,939.76,532.32,26.07,68.02,1,-1,-1,-1
255,14,891.00,519.20,21.53,51.08,1,-1,-1,-1
255,22,119.11,607.62,29.51,97.19,1,-1,-1,-1
255,48,1481.57,541.83,51.39,158.39,1,-1,-1,-1
255,65,411.39,538.09,17.22,38.69,1,-1,-1,-1
255,67,943.69,532.35,26.09,66.26,1,-1,-1,-1
255,69,1.00,605.20,22.90,100.40,1,-1,-1,-1
256,14,896.56,520.94,21.02,50.39,1,-1,-1,-1
256,22,121.12,610.59,30.48,97.90,1,-1,-1,-1
256,48,1487.16,541.18,53.22,158.68,1,-1,-1,-1
256,65,414.12,539.91,16.72,37.86,1,-1,-1,-1
256,67,948.82,532.82,27.22,67.06,1,-1,-1,-1
256,69,1.00,606.18,23.25,99.84,1,-1,-1,-1
257,14,900.58,519.28,22.27,50.89,1,-1,-1,-1
257,22,122.85,611.78,30.84,97.76,1,-1,-1,-1
257,48,1495.03,543.43,53.76,154.07,1,-1,-1,-1
257,65,417.23,540.03,17.12,37.40,1,-1,-1,-1
257,67,954.06,532.14,27.28,68.28,1,-1,-1,-1
257,69,1.07,607.68,23.77,99.60,1,-1,-1,-1
258,14,905.02,518.04,21.59,49.71,1,-1,-1,-1
258,22,126.37,611.95,31.09,97.79,1,-1,-1,-1
258,48,1502.51,542.69,56.87,155.35,1,-1,-1,-1
258,65,421.39,540.49,16.97,36.98,1,-1,-1,-1
258,67,959.62,530.58,26.94,67.59,1,-1,-1,-1
258,69,1.11,611.01,23.23,98.83,1,-1,-1,-1
258,70,1120.90,548.40,38.70,96.80,1,-1,-1,-1
259,14,912.07,519.01,21.46,49.77,1,-1,-1,-1
259,22,129.57,614.15,30.19,95.77,1,-1,-1,-1
259,48,1506.14,542.90,62.98,155.18,1,-1,-1,-1
259,65,425.69,541.62,16.64,36.71,1,-1,-1,-1
259,67,965.57,531.30,26.28,66.83,1,-1,-1,-1
259,69,0.88,610.23,22.93,102.45,1,-1,-1,-1
259,70,1125.31,545.25,38.49,99.04,1,-1,-1,-1
260,14,918.44,518.96,22.54,51.47,1,-1,-1,-1
260,22,131.66,614.46,30.41,96.07,1,-1,-1,-1
260,48,1507.32,540.60,70.62,158.20,1,-1,-1,-1
260,65,429.97,540.37,17.59,38.87,1,-1,-1,-1
260,67,968.99,532.72,26.50,66.25,1,-1,-1,-1
260,69,0.94,608.30,23.05,104.65,1,-1,-1,-1
260,70,1131.84,545.61,39.76,97.82,1,-1,-1,-1
261,14,922.65,518.09,22.58,50.72,1,-1,-1,-1
261,22,132.83,616.00,30.89,95.95,1,-1,-1,-1
261,48,1511.85,535.36,77.47,163.31,1,-1,-1,-1
261,65,434.80,540.40,16.76,38.68,1,-1,-1,-1
261,67,972.44,532.20,26.57,66.49,1,-1,-1,-1
261,69,1.10,608.29,23.08,107.56,1,-1,-1,-1
261,70,1138.44,544.52,40.91,99.28,1,-1,-1,-1
262,14,927.07,517.61,22.73,50.29,1,-1,-1,-1
262,22,135.08,616.85,29.99,95.78,1,-1,-1,-1
262,48,1517.24,539.23,82.46,160.36,1,-1,-1,-1
262,65,439.29,539.69,16.02,39.18,1,-1,-1,-1
262,67,978.68,532.46,26.45,66.29,1,-1,-1,-1
262,69,1.62,610.86,25.41,106.40,1,-1,-1,-1
262,70,1143.14,542.10,40.97,100.34,1,-1,-1,-1
262,71,1191.70,529.50,38.90,106.00,1,-1,-1,-1
263,14,929.98,516.85,25.79,51.56,1,-1,-1,-1
263,22,138.44,614.98,30.35,98.45,1,-1,-1,-1
263,48,1528.77,546.94,82.77,157.17,1,-1,-1,-1
263,65,442.77,538.62,16.99,40.11,1,-1,-1,-1
263,67,985.27,532.71,26.42,67.14,1,-1,-1,-1
263,69,2.87,610.62,27.01,107.38,1,-1,-1,-1
263,70,1150.31,539.64,40.08,102.48,1,-1,-1,-1
263,71,1196.46,528.45,39.04,108.73,1,-1,-1,-1
264,14,934.40,517.64,24.96,49.98,1,-1,-1,-1
264,22,141.48,613.50,29.89,100.73,1,-1,-1,-1
264,48,1538.68,543.07,85.24,164.33,1,-1,-1,-1
264,65,445.67,538.88,17.56,40.17,1,-1,-1,-1
264,67,989.74,533.43,25.14,66.48,1,-1,-1,-1
264,69,3.06,610.53,28.26,108.37,1,-1,-1,-1
264,70,1156.22,531.48,41.28,112.50,1,-1,-1,-1
264,71,1203.46,526.66,39.85,113.05,1,-1,-1,-1
265,14,940.18,516.44,23.94,51.46,1,-1,-1,-1
265,22,143.62,614.32,29.20,99.73,1,-1,-1,-1
265,48,1540.50,528.60,87.31,178.94,1,-1,-1,-1
265,65,449.98,538.82,17.45,40.61,1,-1,-1,-1
265,67,993.92,531.31,26.72,68.73,1,-1,-1,-1
265,69,3.66,610.80,29.41,107.76,1,-1,-1,-1
265,70,1160.31,532.64,39.83,113.34,1,-1,-1,-1
265,71,1209.28,532.56,36.46,109.65,1,-1,-1,-1
265,72,1035.80,527.20,31.90,77.70,1,-1,-1,-1
266,14,945.25,518.00,23.91,50.02,1,-1,-1,-1
266,22,145.79,615.48,29.69,99.43,1,-1,-1,-1
266,48,1544.63,519.85,95.63,190.04,1,-1,-1,-1
266,65,454.57,539.94,16.78,38.92,1,-1,-1,-1
266,67,998.14,529.75,27.34,68.50,1,-1,-1,-1
266,69,4.43,608.72,31.43,108.84,1,-1,-1,-1
266,70,1172.01,530.11,33.86,117.65,1,-1,-1,-1
266,71,1213.57,536.26,37.61,109.55,1,-1,-1,-1
266,72,1038.25,528.60,34.28,77.98,1,-1,-1,-1
267,14,950.18,519.71,23.90,49.31,1,-1,-1,-1
267,22,149.02,614.80,29.84,101.93,1,-1,-1,-1
267,48,1557.23,520.15,95.63,190.04,1,-1,-1,-1
267,65,459.13,539.88,17.22,39.61,1,-1,-1,-1
267,67,1005.10,530.95,26.75,68.22,1,-1,-1,-1
267,69,5.20,609.37,32.95,107.55,1,-1,-1,-1
267,70,1182.66,525.61,33.86,117.65,1,-1,-1,-1
267,71,1220.34,532.44,41.10,114.69,1,-1,-1,-1
267,72,1045.72,532.41,34.99,76.59,1,-1,-1,-1
268,14,956.57,520.84,24.81,50.07,1,-1,-1,-1
268,22,151.46,612.97,30.37,104.15,1,-1,-1,-1
268,48,1569.83,520.45,95.63,190.04,1,-1,-1,-1
268,65,463.95,538.97,17.90,41.77,1,-1,-1,-1
268,67,1013.00,530.65,27.00,71.01,1,-1,-1,-1
268,69,5.47,610.14,34.87,106.33,1,-1,-1,-1
268,70,1193.31,521.11,33.86,117.65,1,-1,-1,-1
268,71,1225.28,531.77,44.46,115.33,1,-1,-1,-1
268,72,1049.96,530.81,36.96,82.55,1,-1,-1,-1
269,14,963.53,522.20,26.06,50.23,1,-1,-1,-1
269,22,153.56,609.85,32.35,104.67,1,-1,-1,-1
269,48,1561.20,577.34,69.71,185.67,1,-1,-1,-1
269,65,469.23,538.76,17.06,41.23,1,-1,-1,-1
269,67,1017.39,531.14,24.34,71.70,1,-1,-1,-1
269,69,4.11,608.64,35.73,107.01,1,-1,-1,-1
269,70,1203.96,516.61,33.86,117.65,1,-1,-1,-1
269,71,1229.93,532.72,44.46,115.33,1,-1,-1,-1
269,72,1053.94,528.95,38.88,82.23,1,-1,-1,-1
270,14,969.28,518.80,24.27,49.09,1,-1,-1,-1
270,22,157.99,608.04,31.13,104.27,1,-1,-1,-1
270,48,1564.33,599.36,64.73,180.79,1,-1,-1,-1
270,65,473.23,535.49,17.65,40.58,1,-1,-1,-1
270,67,1023.39,530.60,25.08,70.65,1,-1,-1,-1
270,69,2.93,606.27,36.55,107.56,1,-1,-1,-1
270,71,1234.58,533.67,44.46,115.33,1,-1,-1,-1
270,72,1060.39,526.30,39.17,81.09,1,-1,-1,-1
271,14,975.18,515.80,24.22,49.31,1,-1,-1,-1
271,22,160.45,608.96,30.83,102.75,1,-1,-1,-1
271,48,1587.27,596.22,59.46,198.44,1,-1,-1,-1
271,65,476.63,533.91,17.54,40.10,1,-1,-1,-1
271,67,1029.16,530.04,27.68,68.52,1,-1,-1,-1
271,69,5.19,603.14,37.42,108.08,1,-1,-1,-1
271,71,1239.23,534.62,44.46,115.33,1,-1,-1,-1
271,72,1065.57,527.57,39.33,77.74,1,-1,-1,-1
272,14,980.32,517.68,24.70,47.48,1,-1,-1,-1
272,22,162.41,607.97,31.72,103.00,1,-1,-1,-1
272,48,1602.11,603.04,66.84,198.69,1,-1,-1,-1
272,65,479.86,535.00,17.58,40.59,1,-1,-1,-1
272,67,1033.98,529.41,27.35,70.39,1,-1,-1,-1
272,69,7.82,601.20,37.69,107.53,1,-1,-1,-1
272,72,1068.85,529.24,40.85,78.48,1,-1,-1,-1
273,14,984.07,517.95,24.63,45.18,1,-1,-1,-1
273,22,165.18,607.34,31.43,104.40,1,-1,-1,-1
273,48,1613.36,600.82,71.64,197.65,1,-1,-1,-1
273,65,485.27,534.78,17.46,40.53,1,-1,-1,-1
273,67,1041.33,528.74,26.47,73.62,1,-1,-1,-1
273,69,14.48,602.97,37.00,106.46,1,-1,-1,-1
273,72,1076.13,530.55,39.27,78.21,1,-1,-1,-1
273,73,183.50,592.60,36.10,106.50,1,-1,-1,-1
274,14,989.40,517.35,25.03,42.33,1,-1,-1,-1
274,22,167.29,604.96,31.27,106.50,1,-1,-1,-1
274,48,1627.37,597.66,72.80,205.31,1,-1,-1,-1
274,65,491.76,533.36,17.07,41.14,1,-1,-1,-1
274,67,1048.24,528.26,24.74,73.47,1,-1,-1,-1
274,69,18.36,603.00,37.14,105.02,1,-1,-1,-1
274,72,1081.11,528.55,39.64,79.32,1,-1,-1,-1
274,73,185.95,590.57,36.31,107.76,1,-1,-1,-1
275,14,994.75,515.53,24.03,43.29,1,-1,-1,-1
275,22,171.40,602.91,30.10,107.76,1,-1,-1,-1
275,48,1641.35,600.18,79.45,207.75,1,-1,-1,-1
275,65,496.05,531.27,17.58,42.93,1,-1,-1,-1
275,67,1052.11,526.70,24.15,72.51,1,-1,-1,-1
275,69,18.12,603.34,38.65,103.12,1,-1,-1,-1
275,72,1085.51,529.72,38.00,75.88,1,-1,-1,-1
275,73,188.34,589.64,37.21,109.82,1,-1,-1,-1
276,14,999.54,514.58,23.59,44.35,1,-1,-1,-1
276,22,174.66,607.24,28.28,104.57,1,-1,-1,-1
276,48,1656.52,601.99,81.24,215.98,1,-1,-1,-1
276,65,500.58,531.10,17.17,42.42,1,-1,-1,-1
276,67,1056.57,527.76,25.52,71.10,1,-1,-1,-1
276,69,19.95,605.27,38.83,102.96,1,-1,-1,-1
276,72,1090.97,531.94,37.51,75.26,1,-1,-1,-1
276,73,190.62,591.28,36.57,109.74,1,-1,-1,-1
277,14,1004.82,514.28,23.53,43.26,1,-1,-1,-1
277,22,176.40,609.78,27.80,104.52,1,-1,-1,-1
277,48,1670.51,602.06,87.44,226.35,1,-1,-1,-1
277,65,506.06,531.21,16.77,41.92,1,-1,-1,-1
277,67,1063.65,528.78,27.60,70.82,1,-1,-1,-1
277,69,20.76,604.73,39.44,104.53,1,-1,-1,-1
277,72,1097.01,531.86,37.50,72.91,1,-1,-1,-1
277,73,190.39,595.07,35.75,110.13,1,-1,-1,-1
278,14,1009.64,514.60,23.16,42.45,1,-1,-1,-1
278,22,179.31,609.71,28.22,105.21,1,-1,-1,-1
278,48,1684.92,606.52,98.89,224.08,1,-1,-1,-1
278,65,510.75,531.43,16.86,41.06,1,-1,-1,-1
278,67,1071.51,528.09,27.32,72.70,1,-1,-1,-1
278,69,21.39,604.79,40.46,105.21,1,-1,-1,-1
278,72,1101.89,529.74,40.23,75.77,1,-1,-1,-1
278,73,193.99,596.22,34.95,109.20,1,-1,-1,-1
279,14,1014.28,515.50,23.40,39.68,1,-1,-1,-1
279,22,181.52,609.42,30.52,106.39,1,-1,-1,-1
279,48,1703.36,609.54,100.58,225.14,1,-1,-1,-1
279,65,517.49,529.83,16.12,42.49,1,-1,-1,-1
279,67,1076.64,526.85,25.42,72.77,1,-1,-1,-1
279,69,22.67,605.65,40.70,105.69,1,-1,-1,-1
279,72,1105.90,530.39,39.79,77.05,1,-1,-1,-1
279,73,201.04,593.84,37.08,109.55,1,-1,-1,-1
279,74,1221.30,560.50,34.70,91.30,1,-1,-1,-1
280,14,1019.76,516.73,24.10,40.47,1,-1,-1,-1
280,22,182.52,608.77,33.58,108.01,1,-1,-1,-1
280,48,1719.59,614.27,99.96,225.67,1,-1,-1,-1
280,65,521.54,529.43,16.60,44.04,1,-1,-1,-1
280,67,1081.00,527.95,23.65,70.62,1,-1,-1,-1
280,69,24.20,607.49,41.19,107.38,1,-1,-1,-1
280,72,1109.42,531.16,39.03,78.00,1,-1,-1,-1
280,73,204.37,595.09,36.68,110.49,1,-1,-1,-1
280,74,1228.79,556.65,41.70,105.72,1,-1,-1,-1
281,14,1025.49,517.25,24.80,41.96,1,-1,-1,-1
281,22,184.64,608.70,33.81,109.05,1,-1,-1,-1
281,48,1735.97,614.36,103.84,227.58,1,-1,-1,-1
281,65,523.48,531.36,16.81,44.08,1,-1,-1,-1
281,67,1090.41,529.11,24.04,67.53,1,-1,-1,-1
281,69,25.51,610.21,41.97,109.35,1,-1,-1,-1
281,72,1114.93,530.26,38.73,78.42,1,-1,-1,-1
281,73,206.45,598.35,36.69,109.17,1,-1,-1,-1
281,74,1237.36,556.73,45.69,111.17,1,-1,-1,-1
282,14,1030.47,516.22,24.59,43.04,1,-1,-1,-1
282,22,185.50,610.57,33.59,108.67,1,-1,-1,-1
282,48,1757.41,616.74,100.94,227.73,1,-1,-1,-1
282,65,528.06,532.69,16.87,42.97,1,-1,-1,-1
282,67,1100.59,528.88,24.36,65.48,1,-1,-1,-1
282,69,26.74,611.39,42.20,109.60,1,-1,-1,-1
282,72,1120.40,529.14,40.11,78.41,1,-1,-1,-1
282,73,210.77,598.79,37.47,109.75,1,-1,-1,-1
282,74,1241.35,558.68,46.40,109.30,1,-1,-1,-1
282,75,1725.00,544.90,66.30,187.60,1,-1,-1,-1
283,14,1035.24,515.77,25.16,43.50,1,-1,-1,-1
283,22,186.62,614.29,35.28,107.15,1,-1,-1,-1
283,48,1778.55,618.41,99.09,232.96,1,-1,-1,-1
283,65,531.55,532.75,16.19,43.13,1,-1,-1,-1
283,67,1102.36,527.56,24.46,58.35,1,-1,-1,-1
283,69,28.15,612.94,42.13,109.18,1,-1,-1,-1
283,72,1126.37,528.95,39.19,79.80,1,-1,-1,-1
283,73,214.18,598.73,37.98,109.86,1,-1,-1,-1
283,74,1246.59,558.27,46.33,112.31,1,-1,-1,-1
283,75,1731.51,543.71,68.19,191.52,1,-1,-1,-1
284,14,1040.65,515.55,25.82,43.01,1,-1,-1,-1
284,22,191.10,617.39,34.03,106.13,1,-1,-1,-1
284,48,1802.46,622.08,97.14,231.66,1,-1,-1,-1
284,65,536.07,533.56,17.18,42.34,1,-1,-1,-1
284,67,1102.16,520.21,24.46,58.35,1,-1,-1,-1
284,69,29.76,613.29,43.86,110.80,1,-1,-1,-1
284,72,1131.42,528.67,40.04,81.41,1,-1,-1,-1
284,73,215.66,599.71,37.85,110.66,1,-1,-1,-1
284,74,1249.96,557.87,45.82,113.98,1,-1,-1,-1
284,75,1745.20,544.87,71.98,192.98,1,-1,-1,-1
284,76,1296.70,539.10,53.60,126.00,1,-1,-1,-1
285,14,1047.50,515.53,25.88,43.14,1,-1,-1,-1
285,22,194.29,617.42,33.24,108.70,1,-1,-1,-1
285,48,1825.38,619.63,95.92,241.98,1,-1,-1,-1
285,65,543.22,534.16,17.18,42.34,1,-1,-1,-1
285,67,1101.96,512.86,24.46,58.35,1,-1,-1,-1
285,69,31.55,611.56,46.90,113.32,1,-1,-1,-1
285,72,1135.40,528.95,41.34,81.26,1,-1,-1,-1
285,73,217.97,600.72,38.45,113.56,1,-1,-1,-1
285,74,1255.12,557.52,46.44,113.36,1,-1,-1,-1
285,75,1759.77,546.58,74.72,193.06,1,-1,-1,-1
285,76,1302.65,541.90,57.17,124.18,1,-1,-1,-1
285,77,1189.10,525.90,25.90,79.40,1,-1,-1,-1
286,14,1054.16,513.73,25.19,44.58,1,-1,-1,-1
286,22,196.31,620.50,32.86,107.72,1,-1,-1,-1
286,48,1845.81,607.50,81.63,259.63,1,-1,-1,-1
286,65,550.37,534.76,17.18,42.34,1,-1,-1,-1
286,67,1101.76,505.51,24.46,58.35,1,-1,-1,-1
286,69,34.83,612.06,47.60,114.15,1,-1,-1,-1
286,72,1142.45,527.89,39.42,79.40,1,-1,-1,-1
286,73,221.99,602.41,39.32,114.57,1,-1,-1,-1
286,74,1263.74,553.19,45.08,116.75,1,-1,-1,-1
286,75,1774.56,547.98,80.10,193.44,1,-1,-1,-1
286,76,1307.12,540.89,56.42,121.60,1,-1,-1,-1
286,77,1194.21,526.46,27.44,80.03,1,-1,-1,-1
287,14,1057.92,513.40,25.41,45.64,1,-1,-1,-1
287,22,197.86,623.15,32.19,106.94,1,-1,-1,-1
287,48,1862.88,606.76,63.13,261.71,1,-1,-1,-1
287,65,557.52,535.36,17.18,42.34,1,-1,-1,-1
287,69,37.86,614.44,46.69,113.97,1,-1,-1,-1
287,72,1151.27,527.75,38.15,78.98,1,-1,-1,-1
287,73,224.52,603.08,39.73,116.48,1,-1,-1,-1
287,74,1266.24,552.08,45.86,119.16,1,-1,-1,-1
287,75,1788.50,546.35,79.12,196.84,1,-1,-1,-1
287,76,1305.68,537.50,54.80,121.60,1,-1,-1,-1
287,77,1199.17,527.42,27.06,79.03,1,-1,-1,-1
288,14,1063.18,512.89,24.28,44.91,1,-1,-1,-1
288,22,199.82,623.38,31.71,107.47,1,-1,-1,-1
288,48,1873.03,611.36,63.13,261.71,1,-1,-1,-1
288,69,38.32,614.58,47.12,115.32,1,-1,-1,-1
288,72,1163.26,528.20,34.40,79.48,1,-1,-1,-1
288,73,225.81,603.52,39.99,116.91,1,-1,-1,-1
288,74,1269.43,553.97,43.79,119.40,1,-1,-1,-1
288,75,1800.16,544.06,82.33,200.24,1,-1,-1,-1
288,76,1309.75,534.78,52.91,125.10,1,-1,-1,-1
288,77,1206.19,528.45,29.54,78.45,1,-1,-1,-1
289,14,1068.46,511.08,24.92,45.88,1,-1,-1,-1
289,22,201.98,625.10,31.70,107.91,1,-1,-1,-1
289,48,1883.18,615.96,63.13,261.71,1,-1,-1,-1
289,69,38.63,616.45,47.67,115.80,1,-1,-1,-1
289,72,1177.31,527.90,30.97,77.68,1,-1,-1,-1
289,73,228.40,602.97,39.30,116.62,1,-1,-1,-1
289,74,1274.08,554.41,44.50,120.45,1,-1,-1,-1
289,75,1816.79,543.45,82.73,200.35,1,-1,-1,-1
289,76,1329.53,538.53,43.87,120.06,1,-1,-1,-1
289,77,1211.58,529.50,31.05,79.11,1,-1,-1,-1
290,14,1073.97,511.35,24.00,45.06,1,-1,-1,-1
290,22,203.99,624.92,33.10,109.65,1,-1,-1,-1
290,48,1893.33,620.56,63.13,261.71,1,-1,-1,-1
290,69,40.69,616.95,47.97,116.92,1,-1,-1,-1
290,72,1196.43,528.17,30.01,74.40,1,-1,-1,-1
290,73,231.48,603.41,38.11,115.77,1,-1,-1,-1
290,74,1279.25,563.98,40.58,111.17,1,-1,-1,-1
290,75,1837.51,543.83,75.64,201.02,1,-1,-1,-1
290,76,1340.16,539.57,39.34,123.45,1,-1,-1,-1
290,77,1216.48,529.00,27.45,74.13,1,-1,-1,-1
291,14,1078.85,511.64,24.00,47.61,1,-1,-1,-1
291,22,205.04,627.52,34.29,107.17,1,-1,-1,-1
291,69,41.58,618.93,49.11,116.21,1,-1,-1,-1
291,72,1215.47,526.31,30.35,77.55,1,-1,-1,-1
291,73,234.98,607.62,36.77,111.66,1,-1,-1,-1
291,74,1283.30,560.74,45.28,117.77,1,-1,-1,-1
291,75,1850.53,539.57,73.44,208.91,1,-1,-1,-1
291,76,1333.62,534.31,40.29,131.95,1,-1,-1,-1
291,77,1237.05,525.66,29.02,80.06,1,-1,-1,-1
292,14,1084.42,511.65,24.42,49.14,1,-1,-1,-1
292,22,205.87,630.30,34.86,106.77,1,-1,-1,-1
292,69,42.01,622.72,49.66,115.99,1,-1,-1,-1
292,72,1228.52,526.77,28.92,78.08,1,-1,-1,-1
292,73,237.32,610.37,35.67,109.45,1,-1,-1,-1
292,74,1287.95,556.63,48.94,119.61,1,-1,-1,-1
292,75,1857.75,536.85,66.76,213.17,1,-1,-1,-1
292,76,1331.36,539.04,42.89,125.83,1,-1,-1,-1
292,77,1250.35,529.42,29.64,81.49,1,-1,-1,-1
292,78,1203.50,526.40,28.50,76.70,1,-1,-1,-1
293,14,1089.76,511.23,24.20,48.76,1,-1,-1,-1
293,22,207.98,631.13,35.03,107.14,1,-1,-1,-1
293,69,43.11,622.90,50.67,118.45,1,-1,-1,-1
293,72,1231.78,526.34,31.14,79.77,1,-1,-1,-1
293,73,237.61,611.79,35.48,108.43,1,-1,-1,-1
293,74,1293.66,556.46,47.09,121.56,1,-1,-1,-1
293,75,1869.23,535.53,54.12,218.72,1,-1,-1,-1
293,76,1329.60,540.97,52.91,126.65,1,-1,-1,-1
293,77,1252.65,532.67,29.64,81.49,1,-1,-1,-1
293,78,1208.61,526.05,28.08,76.14,1,-1,-1,-1
293,79,1516.20,519.00,34.90,105.00,1,-1,-1,-1
294,14,1093.71,511.33,23.99,49.28,1,-1,-1,-1
294,22,209.71,632.15,34.94,108.09,1,-1,-1,-1
294,69,43.16,622.29,51.81,119.95,1,-1,-1,-1
294,72,1231.83,524.38,33.84,82.31,1,-1,-1,-1
294,73,238.07,613.81,35.21,107.78,1,-1,-1,-1
294,74,1299.66,556.96,47.09,121.56,1,-1,-1,-1
294,75,1876.83,536.68,54.12,218.72,1,-1,-1,-1
294,76,1330.46,536.72,60.39,132.98,1,-1,-1,-1
294,77,1254.95,535.92,29.64,81.49,1,-1,-1,-1
294,78,1206.85,521.62,25.99,64.63,1,-1,-1,-1
294,79,1523.06,518.72,35.53,107.66,1,-1,-1,-1
295,14,1097.91,510.65,24.77,51.67,1,-1,-1,-1
295,22,211.14,633.92,34.63,108.59,1,-1,-1,-1
295,69,43.85,622.86,51.94,120.48,1,-1,-1,-1
295,72,1237.61,524.39,32.62,79.29,1,-1,-1,-1
295,73,241.09,614.12,35.13,108.35,1,-1,-1,-1
295,74,1305.66,557.46,47.09,121.56,1,-1,-1,-1
295,75,1884.43,537.83,54.12,218.72,1,-1,-1,-1
295,76,1332.47,535.92,67.12,137.34,1,-1,-1,-1
295,77,1257.25,539.17,29.64,81.49,1,-1,-1,-1
295,78,1212.84,520.37,26.98,67.97,1,-1,-1,-1
295,79,1533.51,518.53,36.00,105.10,1,-1,-1,-1
296,14,1102.93,512.72,25.07,54.21,1,-1,-1,-1
296,22,212.54,632.88,35.17,112.03,1,-1,-1,-1
296,69,45.16,623.95,52.12,120.56,1,-1,-1,-1
296,72,1242.35,523.56,32.40,82.66,1,-1,-1,-1
296,73,244.40,612.06,37.07,113.57,1,-1,-1,-1
296,74,1311.66,557.96,47.09,121.56,1,-1,-1,-1
296,75,1892.03,538.98,54.12,218.72,1,-1,-1,-1
296,76,1336.29,541.28,68.93,136.26,1,-1,-1,-1
296,77,1269.10,532.68,28.21,79.40,1,-1,-1,-1
296,78,1229.71,526.92,26.50,73.17,1,-1,-1,-1
296,79,1542.28,520.28,36.35,104.68,1,-1,-1,-1
297,14,1107.62,515.32,24.32,53.85,1,-1,-1,-1
297,22,214.23,634.45,34.56,112.36,1,-1,-1,-1
297,69,46.15,624.84,52.67,121.08,1,-1,-1,-1
297,72,1247.18,526.23,31.07,81.43,1,-1,-1,-1
297,73,247.87,607.65,38.14,118.91,1,-1,-1,-1
297,76,1348.99,546.86,62.26,128.94,1,-1,-1,-1
297,77,1273.31,530.44,26.38,80.31,1,-1,-1,-1
297,78,1239.36,529.32,26.50,73.17,1,-1,-1,-1
297,79,1549.90,525.81,36.94,101.96,1,-1,-1,-1
298,14,1111.81,513.50,25.15,55.22,1,-1,-1,-1
298,22,216.02,634.68,34.10,112.95,1,-1,-1,-1
298,69,47.15,625.25,52.13,121.30,1,-1,-1,-1
298,72,1254.01,528.29,31.65,83.37,1,-1,-1,-1
298,73,249.21,605.22,39.23,121.00,1,-1,-1,-1
298,76,1367.00,549.70,59.14,121.07,1,-1,-1,-1
298,77,1271.31,532.84,26.38,80.31,1,-1,-1,-1
298,78,1249.01,531.72,26.50,73.17,1,-1,-1,-1
298,79,1557.28,524.19,36.35,104.79,1,-1,-1,-1
299,14,1116.85,514.93,25.74,54.01,1,-1,-1,-1
299,22,217.63,634.53,33.82,112.56,1,-1,-1,-1
299,69,47.44,624.92,52.39,121.51,1,-1,-1,-1
299,72,1261.11,531.76,32.53,84.02,1,-1,-1,-1
299,73,249.75,606.69,39.35,120.58,1,-1,-1,-1
299,76,1383.70,549.45,59.14,121.07,1,-1,-1,-1
299,77,1269.31,535.24,26.38,80.31,1,-1,-1,-1
299,78,1258.66,534.12,26.50,73.17,1,-1,-1,-1
299,79,1565.29,524.45,36.04,102.63,1,-1,-1,-1
300,14,1121.30,517.72,25.29,54.14,1,-1,-1,-1
300,22,219.62,637.57,33.95,111.54,1,-1,-1,-1
300,69,46.99,626.34,52.89,121.92,1,-1,-1,-1
300,72,1272.56,533.51,31.46,83.87,1,-1,-1,-1
300,73,248.78,612.84,38.47,118.07,1,-1,-1,-1
300,76,1400.40,549.20,59.14,121.07,1,-1,-1,-1
300,77,1267.31,537.64,26.38,80.31,1,-1,-1,-1
300,79,1574.85,527.79,36.08,102.26,1,-1,-1,-1
301,14,1125.15,517.75,24.60,56.00,1,-1,-1,-1
301,22,221.66,639.47,33.56,110.88,1,-1,-1,-1
301,69,45.84,628.56,52.69,121.91,1,-1,-1,-1
301,72,1280.40,532.80,29.53,84.10,1,-1,-1,-1
301,73,248.35,617.42,37.37,117.18,1,-1,-1,-1
301,76,1417.10,548.95,59.14,121.07,1,-1,-1,-1
301,79,1582.24,528.52,37.21,104.32,1,-1,-1,-1
302,14,1131.02,516.30,23.41,56.91,1,-1,-1,-1
302,22,222.09,639.55,33.52,109.84,1,-1,-1,-1
302,69,45.33,628.27,52.91,122.74,1,-1,-1,-1
302,72,1282.95,532.00,29.53,84.10,1,-1,-1,-1
302,73,250.22,616.96,37.04,116.07,1,-1,-1,-1
302,79,1590.16,528.56,36.01,104.03,1,-1,-1,-1
303,14,1136.23,517.00,22.84,55.57,1,-1,-1,-1
303,22,221.88,640.90,34.07,111.70,1,-1,-1,-1
303,69,46.14,631.74,51.71,123.41,1,-1,-1,-1
303,72,1285.50,531.20,29.53,84.10,1,-1,-1,-1
303,73,252.28,615.64,39.18,119.94,1,-1,-1,-1
303,79,1598.22,528.15,36.98,107.65,1,-1,-1,-1
304,14,1140.31,520.01,24.28,55.38,1,-1,-1,-1
304,22,222.58,641.81,33.81,112.96,1,-1,-1,-1
304,69,46.78,633.85,51.63,123.33,1,-1,-1,-1
304,72,1288.05,530.40,29.53,84.10,1,-1,-1,-1
304,73,254.28,614.41,39.47,124.25,1,-1,-1,-1
304,79,1607.73,534.76,37.42,107.96,1,-1,-1,-1
305,14,1144.73,521.92,25.13,55.39,1,-1,-1,-1
305,22,223.08,643.89,33.59,114.04,1,-1,-1,-1
305,69,46.64,637.22,51.96,123.38,1,-1,-1,-1
305,73,253.82,617.17,39.35,126.53,1,-1,-1,-1
305,79,1615.79,537.60,37.26,109.11,1,-1,-1,-1
306,14,1148.25,524.91,26.58,55.54,1,-1,-1,-1
306,22,222.88,646.56,33.74,113.87,1,-1,-1,-1
306,69,46.21,640.08,51.22,122.69,1,-1,-1,-1
306,73,253.60,619.01,39.39,128.05,1,-1,-1,-1
306,79,1622.11,540.25,36.45,108.19,1,-1,-1,-1
307,14,1151.99,526.34,25.96,56.77,1,-1,-1,-1
307,22,222.56,645.68,34.13,116.06,1,-1,-1,-1
307,69,45.91,637.65,51.35,124.80,1,-1,-1,-1
307,73,254.37,619.32,40.80,127.17,1,-1,-1,-1
307,79,1630.00,543.75,36.48,109.46,1,-1,-1,-1
308,14,1155.16,525.61,25.36,56.93,1,-1,-1,-1
308,22,222.12,650.04,34.32,116.37,1,-1,-1,-1
308,69,44.14,641.20,51.66,124.87,1,-1,-1,-1
308,73,254.44,621.16,39.68,129.71,1,-1,-1,-1
308,79,1638.75,543.46,37.76,109.14,1,-1,-1,-1
309,14,1160.48,527.04,25.04,56.00,1,-1,-1,-1
309,22,222.63,652.01,34.17,117.51,1,-1,-1,-1
309,69,42.27,642.61,52.81,125.52,1,-1,-1,-1
309,73,253.84,619.48,39.69,132.36,1,-1,-1,-1
309,79,1646.43,544.46,37.30,107.50,1,-1,-1,-1
310,14,1165.48,528.13,25.64,57.12,1,-1,-1,-1
310,22,222.79,652.67,33.77,117.71,1,-1,-1,-1
310,69,40.50,642.03,53.22,126.91,1,-1,-1,-1
310,73,255.29,619.43,39.00,133.86,1,-1,-1,-1
310,79,1651.70,544.00,36.88,109.81,1,-1,-1,-1
311,14,1168.89,528.77,25.82,57.46,1,-1,-1,-1
311,22,222.43,656.51,33.09,117.21,1,-1,-1,-1
311,69,38.93,644.00,53.07,128.16,1,-1,-1,-1
311,73,256.81,625.42,38.16,132.98,1,-1,-1,-1
311,79,1659.69,542.56,37.10,109.94,1,-1,-1,-1
312,14,1172.58,528.98,25.95,57.42,1,-1,-1,-1
312,22,222.11,657.27,33.24,116.64,1,-1,-1,-1
312,69,38.52,644.01,53.02,128.26,1,-1,-1,-1
312,73,256.76,623.67,38.68,136.63,1,-1,-1,-1
312,79,1668.57,541.94,37.66,111.66,1,-1,-1,-1
312,80,1249.20,518.00,23.60,61.20,1,-1,-1,-1
313,14,1177.16,528.27,26.40,59.37,1,-1,-1,-1
313,22,222.38,657.21,33.21,117.66,1,-1,-1,-1
313,69,37.85,645.19,52.45,129.76,1,-1,-1,-1
313,73,256.58,625.65,38.69,134.16,1,-1,-1,-1
313,79,1675.26,542.42,37.69,115.47,1,-1,-1,-1
313,80,1252.00,520.03,23.25,59.45,1,-1,-1,-1
314,14,1180.27,528.59,26.47,59.39,1,-1,-1,-1
314,22,223.09,658.64,32.78,119.58,1,-1,-1,-1
314,69,36.71,647.93,52.20,130.77,1,-1,-1,-1
314,73,257.06,628.95,38.77,134.47,1,-1,-1,-1
314,79,1681.93,542.75,35.60,112.20,1,-1,-1,-1
314,80,1255.72,520.64,23.98,61.38,1,-1,-1,-1
315,14,1183.95,530.12,25.93,59.12,1,-1,-1,-1
315,22,222.77,658.20,33.29,120.99,1,-1,-1,-1
315,69,36.12,647.39,52.13,131.84,1,-1,-1,-1
315,73,257.01,629.10,38.44,134.35,1,-1,-1,-1
315,79,1691.04,543.58,35.11,108.56,1,-1,-1,-1
315,80,1259.57,521.42,24.14,60.90,1,-1,-1,-1
315,81,1383.70,601.70,51.30,133.60,1,-1,-1,-1
316,14,1188.82,530.72,25.49,58.55,1,-1,-1,-1
316,22,222.50,656.99,33.37,121.49,1,-1,-1,-1
316,69,35.11,646.89,51.41,132.09,1,-1,-1,-1
316,73,257.05,628.29,38.27,134.88,1,-1,-1,-1
316,79,1700.49,544.16,36.22,105.79,1,-1,-1,-1
316,80,1265.11,521.44,24.18,61.46,1,-1,-1,-1
316,81,1388.11,600.09,52.49,135.35,1,-1,-1,-1
316,82,1343.40,579.00,66.70,140.60,1,-1,-1,-1
317,14,1191.79,529.36,26.41,58.79,1,-1,-1,-1
317,22,222.14,659.04,33.18,119.33,1,-1,-1,-1
317,69,32.16,645.72,52.59,133.92,1,-1,-1,-1
317,73,256.66,628.69,38.50,135.10,1,-1,-1,-1
317,79,1708.20,544.91,35.09,103.84,1,-1,-1,-1
317,80,1269.22,520.79,23.91,62.19,1,-1,-1,-1
317,81,1391.86,600.06,54.11,137.00,1,-1,-1,-1
317,82,1344.10,577.60,70.41,145.71,1,-1,-1,-1
318,14,1194.63,529.64,26.40,56.91,1,-1,-1,-1
318,22,221.85,660.09,33.33,119.59,1,-1,-1,-1
318,69,29.70,646.19,53.16,134.54,1,-1,-1,-1
318,73,256.73,630.10,38.78,135.10,1,-1,-1,-1
318,79,1714.80,545.94,36.57,102.76,1,-1,-1,-1
318,80,1273.42,520.13,23.34,61.36,1,-1,-1,-1
318,81,1394.03,600.24,54.80,139.87,1,-1,-1,-1
318,82,1347.09,578.24,71.52,145.84,1,-1,-1,-1
319,14,1198.10,529.21,26.40,58.02,1,-1,-1,-1
319,22,222.63,659.86,32.54,121.63,1,-1,-1,-1
319,69,27.86,648.07,52.70,134.86,1,-1,-1,-1
319,73,257.06,632.26,38.58,134.75,1,-1,-1,-1
319,79,1721.50,547.31,37.78,102.09,1,-1,-1,-1
319,80,1278.41,521.43,22.82,59.78,1,-1,-1,-1
319,81,1398.05,604.76,56.13,142.41,1,-1,-1,-1
319,82,1348.87,580.46,77.25,149.10,1,-1,-1,-1
320,14,1201.69,528.03,26.47,59.69,1,-1,-1,-1
320,22,222.42,659.26,32.51,125.25,1,-1,-1,-1
320,69,25.90,649.71,53.33,135.31,1,-1,-1,-1
320,73,255.96,631.99,38.88,137.24,1,-1,-1,-1
320,79,1728.78,546.47,37.02,102.10,1,-1,-1,-1
320,80,1281.48,522.16,23.65,60.21,1,-1,-1,-1
320,81,1402.49,611.91,54.36,137.57,1,-1,-1,-1
320,82,1351.77,583.83,78.68,148.61,1,-1,-1,-1
320,83,1524.00,595.80,44.40,131.60,1,-1,-1,-1
321,14,1205.50,528.60,26.49,59.07,1,-1,-1,-1
321,22,220.91,659.54,33.06,125.98,1,-1,-1,-1
321,69,23.13,650.24,54.36,136.91,1,-1,-1,-1
321,73,254.82,630.95,38.75,138.89,1,-1,-1,-1
321,79,1736.79,544.67,39.04,102.52,1,-1,-1,-1
321,80,1284.99,521.04,23.75,59.15,1,-1,-1,-1
321,81,1406.39,612.79,54.67,138.50,1,-1,-1,-1
321,82,1354.22,579.09,75.20,152.80,1,-1,-1,-1
321,83,1526.38,589.99,53.29,139.51,1,-1,-1,-1
322,14,1208.90,528.34,26.50,59.02,1,-1,-1,-1
322,22,219.74,659.85,33.02,126.49,1,-1,-1,-1
322,69,20.76,651.22,53.41,137.04,1,-1,-1,-1
322,73,254.18,631.28,38.86,138.27,1,-1,-1,-1
322,79,1743.21,545.37,39.92,102.30,1,-1,-1,-1
322,80,1288.17,519.64,24.49,60.73,1,-1,-1,-1
322,81,1409.76,612.48,54.62,140.95,1,-1,-1,-1
322,82,1357.97,579.30,72.75,150.35,1,-1,-1,-1
322,83,1534.50,587.38,55.40,143.49,1,-1,-1,-1
323,14,1211.94,527.92,26.29,58.45,1,-1,-1,-1
323,22,217.57,660.97,33.50,126.50,1,-1,-1,-1
323,69,18.12,650.54,54.17,139.18,1,-1,-1,-1
323,73,253.57,632.47,39.52,139.06,1,-1,-1,-1
323,79,1748.10,545.20,39.91,103.35,1,-1,-1,-1
323,80,1290.75,519.38,25.76,61.90,1,-1,-1,-1
323,81,1409.61,608.91,56.43,144.63,1,-1,-1,-1
323,82,1363.90,578.85,65.71,152.42,1,-1,-1,-1
323,83,1539.17,587.43,53.44,145.18,1,-1,-1,-1
324,14,1216.88,526.75,25.95,58.41,1,-1,-1,-1
324,22,215.88,659.80,32.52,126.85,1,-1,-1,-1
324,69,14.48,647.35,55.94,141.08,1,-1,-1,-1
324,73,252.73,631.82,39.79,139.44,1,-1,-1,-1
324,79,1756.79,543.92,38.36,107.72,1,-1,-1,-1
324,80,1294.07,518.51,25.02,61.90,1,-1,-1,-1
324,81,1411.45,609.61,58.02,143.70,1,-1,-1,-1
324,82,1369.12,576.45,62.34,152.82,1,-1,-1,-1
324,83,1542.32,588.37,54.32,146.45,1,-1,-1,-1
325,14,1222.08,526.88,24.93,56.16,1,-1,-1,-1
325,22,214.92,658.64,32.86,127.16,1,-1,-1,-1
325,69,11.99,645.86,56.82,142.99,1,-1,-1,-1
325,73,251.22,631.29,39.73,139.34,1,-1,-1,-1
325,79,1765.01,545.12,38.74,109.11,1,-1,-1,-1
325,80,1298.39,516.11,24.31,61.41,1,-1,-1,-1
325,81,1414.94,610.76,62.98,143.84,1,-1,-1,-1
325,82,1372.85,575.60,63.08,156.66,1,-1,-1,-1
325,83,1545.86,586.79,53.96,153.14,1,-1,-1,-1
326,14,1223.57,526.06,25.05,55.21,1,-1,-1,-1
326,22,212.71,659.62,32.61,127.19,1,-1,-1,-1
326,69,9.10,646.28,55.97,145.24,1,-1,-1,-1
326,73,248.85,632.44,40.27,138.82,1,-1,-1,-1
326,79,1770.68,545.16,39.83,111.69,1,-1,-1,-1
326,80,1300.88,515.87,24.23,61.12,1,-1,-1,-1
326,81,1422.10,608.19,62.64,149.34,1,-1,-1,-1
326,82,1376.65,575.15,59.94,162.01,1,-1,-1,-1
326,83,1550.33,586.90,51.26,153.18,1,-1,-1,-1
327,14,1224.70,523.93,25.79,56.25,1,-1,-1,-1
327,22,209.08,660.50,32.81,126.57,1,-1,-1,-1
327,69,4.89,645.60,55.50,146.33,1,-1,-1,-1
327,73,246.77,631.03,40.99,139.86,1,-1,-1,-1
327,79,1775.72,544.05,41.70,117.51,1,-1,-1,-1
327,80,1302.41,515.84,24.00,60.90,1,-1,-1,-1
327,81,1426.60,606.01,60.86,152.67,1,-1,-1,-1
327,82,1379.43,577.12,54.73,158.22,1,-1,-1,-1
327,83,1554.25,585.81,51.50,154.66,1,-1,-1,-1
328,14,1224.81,521.79,28.32,58.11,1,-1,-1,-1
328,22,205.66,661.16,32.45,127.99,1,-1,-1,-1
328,69,2.32,651.01,51.79,143.51,1,-1,-1,-1
328,73,243.40,633.60,41.42,139.47,1,-1,-1,-1
328,79,1781.96,544.10,42.12,122.19,1,-1,-1,-1
328,80,1304.26,514.31,24.91,60.83,1,-1,-1,-1
328,81,1428.08,605.80,58.37,153.81,1,-1,-1,-1
328,82,1378.62,580.27,50.16,155.20,1,-1,-1,-1
328,83,1558.63,584.19,50.24,157.14,1,-1,-1,-1
329,14,1226.51,520.38,27.81,57.75,1,-1,-1,-1
329,22,202.07,659.36,32.42,129.68,1,-1,-1,-1
329,69,2.08,649.42,52.36,145.32,1,-1,-1,-1
329,73,239.21,632.72,41.13,141.73,1,-1,-1,-1
329,79,1789.41,542.26,41.76,125.21,1,-1,-1,-1
329,80,1307.16,511.28,24.76,61.16,1,-1,-1,-1
329,81,1429.52,604.16,56.57,155.20,1,-1,-1,-1
329,82,1376.23,580.53,47.11,156.39,1,-1,-1,-1
329,83,1562.53,583.42,49.79,158.37,1,-1,-1,-1
330,14,1226.59,521.11,28.85,55.62,1,-1,-1,-1
330,22,198.21,657.49,31.91,129.48,1,-1,-1,-1
330,69,3.08,643.91,52.32,147.48,1,-1,-1,-1
330,73,235.40,629.85,40.83,143.74,1,-1,-1,-1
330,79,1796.98,540.89,40.60,124.71,1,-1,-1,-1
330,80,1312.56,510.47,23.88,59.51,1,-1,-1,-1
330,81,1429.57,604.01,55.96,153.80,1,-1,-1,-1
330,82,1375.63,578.48,46.47,158.43,1,-1,-1,-1
330,83,1565.50,583.81,50.78,160.77,1,-1,-1,-1
331,14,1228.53,518.46,26.37,53.22,1,-1,-1,-1
331,22,194.57,657.91,31.62,129.98,1,-1,-1,-1
331,69,1.07,643.94,48.95,150.71,1,-1,-1,-1
331,73,232.99,630.13,39.34,143.22,1,-1,-1,-1
331,79,1803.77,539.86,41.09,122.81,1,-1,-1,-1
331,80,1315.26,509.09,24.66,58.66,1,-1,-1,-1
331,81,1429.30,603.54,56.90,155.97,1,-1,-1,-1
331,82,1370.66,574.97,56.36,159.46,1,-1,-1,-1
331,83,1568.20,584.06,51.77,161.63,1,-1,-1,-1
332,14,1230.53,512.51,26.37,53.22,1,-1,-1,-1
332,22,190.75,656.70,33.29,129.23,1,-1,-1,-1
332,69,-0.12,644.20,44.15,148.04,1,-1,-1,-1
332,73,230.13,629.02,37.98,142.23,1,-1,-1,-1
332,79,1810.09,537.32,42.01,123.08,1,-1,-1,-1
332,80,1315.83,505.77,25.60,61.21,1,-1,-1,-1
332,81,1426.86,600.46,60.89,159.70,1,-1,-1,-1
332,82,1363.29,572.71,65.28,157.95,1,-1,-1,-1
332,83,1572.80,582.41,49.27,160.56,1,-1,-1,-1
333,14,1232.53,506.56,26.37,53.22,1,-1,-1,-1
333,22,187.19,652.96,33.65,132.08,1,-1,-1,-1
333,69,-0.15,642.39,39.78,147.73,1,-1,-1,-1
333,73,226.55,625.71,37.85,144.10,1,-1,-1,-1
333,79,1814.85,534.68,41.44,123.03,1,-1,-1,-1
333,80,1317.15,505.63,25.67,59.87,1,-1,-1,-1
333,81,1424.74,597.00,65.94,162.78,1,-1,-1,-1
333,82,1356.00,571.54,74.11,157.98,1,-1,-1,-1
333,83,1577.21,580.92,48.73,162.76,1,-1,-1,-1
334,14,1234.53,500.61,26.37,53.22,1,-1,-1,-1
334,22,181.63,651.53,35.57,133.00,1,-1,-1,-1
334,69,0.03,641.70,35.45,148.76,1,-1,-1,-1
334,73,222.72,622.05,38.94,146.13,1,-1,-1,-1
334,79,1819.37,529.34,41.83,125.88,1,-1,-1,-1
334,80,1319.24,503.53,24.50,59.19,1,-1,-1,-1
334,81,1423.62,594.49,70.25,165.87,1,-1,-1,-1
334,82,1352.45,567.31,84.04,162.06,1,-1,-1,-1
334,83,1581.66,582.05,47.73,160.90,1,-1,-1,-1
335,22,176.51,650.19,37.34,135.10,1,-1,-1,-1
335,69,0.06,640.46,29.61,150.54,1,-1,-1,-1
335,73,218.89,620.10,39.96,148.42,1,-1,-1,-1
335,79,1826.39,528.87,40.13,124.14,1,-1,-1,-1
335,80,1321.80,502.34,25.41,59.90,1,-1,-1,-1
335,81,1423.69,593.07,71.20,168.48,1,-1,-1,-1
335,82,1351.56,562.24,91.29,168.04,1,-1,-1,-1
335,83,1585.40,579.78,45.19,162.93,1,-1,-1,-1
336,22,172.56,651.87,37.73,136.50,1,-1,-1,-1
336,69,-0.26,642.84,27.92,150.02,1,-1,-1,-1
336,73,216.15,621.21,40.83,149.25,1,-1,-1,-1
336,79,1831.34,524.49,40.95,127.05,1,-1,-1,-1
336,80,1323.66,499.70,24.49,58.78,1,-1,-1,-1
336,81,1424.42,590.72,73.16,171.29,1,-1,-1,-1
336,82,1352.02,559.57,95.15,169.62,1,-1,-1,-1
336,83,1586.62,575.35,45.97,165.22,1,-1,-1,-1
337,22,168.29,654.15,36.66,136.71,1,-1,-1,-1
337,69,-0.21,645.49,27.92,150.02,1,-1,-1,-1
337,73,213.10,624.18,41.44,148.51,1,-1,-1,-1
337,79,1835.89,522.23,41.61,129.61,1,-1,-1,-1
337,80,1325.24,500.89,24.71,57.46,1,-1,-1,-1
337,81,1430.98,594.47,71.37,168.92,1,-1,-1,-1
337,82,1353.73,561.88,92.87,168.56,1,-1,-1,-1
337,83,1587.22,575.21,44.38,167.94,1,-1,-1,-1
338,22,162.29,658.69,37.39,137.19,1,-1,-1,-1
338,69,-0.16,648.14,27.92,150.02,1,-1,-1,-1
338,73,208.88,627.14,43.44,151.65,1,-1,-1,-1
338,79,1840.71,522.55,42.65,127.78,1,-1,-1,-1
338,80,1325.98,501.06,24.00,54.41,1,-1,-1,-1
338,81,1436.44,596.85,71.11,168.35,1,-1,-1,-1
338,82,1358.03,568.55,88.13,164.32,1,-1,-1,-1
338,83,1588.92,579.83,45.65,166.37,1,-1,-1,-1
338,84,1344.00,521.40,45.80,83.00,1,-1,-1,-1
339,22,158.75,662.47,36.28,137.62,1,-1,-1,-1
339,69,-0.11,650.79,27.92,150.02,1,-1,-1,-1
339,73,204.87,631.49,42.50,152.11,1,-1,-1,-1
339,79,1846.21,522.93,42.20,128.14,1,-1,-1,-1
339,80,1324.27,498.61,23.23,53.70,1,-1,-1,-1
339,81,1438.72,600.25,72.15,166.70,1,-1,-1,-1
339,82,1361.59,571.21,83.91,164.66,1,-1,-1,-1
339,83,1592.09,580.69,47.65,167.44,1,-1,-1,-1
339,84,1345.12,520.28,45.94,83.35,1,-1,-1,-1
340,22,155.42,663.89,37.62,136.91,1,-1,-1,-1
340,73,199.97,631.61,40.47,155.25,1,-1,-1,-1
340,79,1851.84,524.28,41.99,128.04,1,-1,-1,-1
340,80,1324.03,496.39,23.35,52.86,1,-1,-1,-1
340,81,1442.17,602.43,72.89,169.57,1,-1,-1,-1
340,82,1361.50,572.81,80.96,165.25,1,-1,-1,-1
340,83,1585.33,581.07,49.78,169.37,1,-1,-1,-1
340,84,1347.16,521.15,47.17,80.72,1,-1,-1,-1
341,22,150.74,665.13,37.82,140.89,1,-1,-1,-1
341,73,195.53,635.32,41.54,153.68,1,-1,-1,-1
341,79,1857.43,525.44,42.77,131.02,1,-1,-1,-1
341,80,1324.70,496.95,22.82,52.12,1,-1,-1,-1
341,81,1444.55,606.39,74.30,172.53,1,-1,-1,-1
341,82,1364.27,575.33,72.38,167.87,1,-1,-1,-1
341,83,1580.20,578.00,55.05,177.93,1,-1,-1,-1
341,84,1348.51,525.56,47.61,75.60,1,-1,-1,-1
342,22,145.12,667.05,38.16,143.14,1,-1,-1,-1
342,73,191.91,638.58,41.51,153.83,1,-1,-1,-1
342,79,1863.06,529.50,43.84,133.32,1,-1,-1,-1
342,80,1325.68,496.29,22.60,52.25,1,-1,-1,-1
342,81,1444.47,610.95,74.51,175.80,1,-1,-1,-1
342,82,1366.29,579.83,66.44,166.42,1,-1,-1,-1
342,83,1586.69,579.12,58.72,185.61,1,-1,-1,-1
342,84,1349.78,526.50,46.76,79.17,1,-1,-1,-1
343,22,139.64,672.56,37.77,145.14,1,-1,-1,-1
343,73,187.78,643.45,41.57,152.76,1,-1,-1,-1
343,79,1867.58,532.10,45.28,133.03,1,-1,-1,-1
343,80,1323.62,496.86,23.09,55.99,1,-1,-1,-1
343,81,1443.78,615.58,71.77,178.25,1,-1,-1,-1
343,82,1368.42,581.20,52.48,169.14,1,-1,-1,-1
343,83,1584.93,592.10,69.63,177.13,1,-1,-1,-1
343,84,1351.09,529.72,48.12,80.31,1,-1,-1,-1
344,22,133.70,682.42,37.09,142.10,1,-1,-1,-1
344,73,183.51,646.58,42.15,155.80,1,-1,-1,-1
344,79,1872.95,535.21,46.13,133.43,1,-1,-1,-1
344,80,1323.33,503.61,23.52,57.54,1,-1,-1,-1
344,81,1445.16,619.27,69.06,181.57,1,-1,-1,-1
344,82,1367.71,583.70,49.06,171.84,1,-1,-1,-1
344,83,1578.81,600.44,79.69,174.80,1,-1,-1,-1
344,84,1352.61,531.86,47.13,80.65,1,-1,-1,-1
345,22,127.18,687.38,38.71,142.87,1,-1,-1,-1
345,73,179.17,653.69,42.33,153.91,1,-1,-1,-1
345,79,1878.12,540.79,44.29,135.02,1,-1,-1,-1
345,80,1326.85,507.18,22.39,56.39,1,-1,-1,-1
345,81,1448.22,625.43,64.26,180.96,1,-1,-1,-1
345,82,1367.58,588.85,49.86,173.91,1,-1,-1,-1
345,83,1579.28,607.25,84.04,177.95,1,-1,-1,-1
345,84,1353.64,533.84,46.48,83.98,1,-1,-1,-1
345,85,1399.10,585.00,85.50,185.10,1,-1,-1,-1
346,22,122.35,690.95,38.07,144.36,1,-1,-1,-1
346,73,173.09,660.79,42.31,155.86,1,-1,-1,-1
346,79,1881.46,542.22,40.80,139.56,1,-1,-1,-1
346,80,1327.36,509.49,21.77,55.63,1,-1,-1,-1
346,81,1449.81,632.95,60.93,180.92,1,-1,-1,-1
346,82,1365.38,595.85,49.86,173.91,1,-1,-1,-1
346,83,1585.08,615.52,84.50,175.67,1,-1,-1,-1
346,84,1354.82,537.66,47.47,89.80,1,-1,-1,-1
346,85,1393.50,583.32,90.05,190.35,1,-1,-1,-1
347,22,116.63,693.64,38.58,148.17,1,-1,-1,-1
347,73,167.13,665.78,42.72,157.15,1,-1,-1,-1
347,79,1885.76,540.74,36.25,143.65,1,-1,-1,-1
347,80,1328.08,512.90,21.44,53.72,1,-1,-1,-1
347,81,1448.13,639.63,63.50,182.66,1,-1,-1,-1
347,82,1361.65,598.33,55.91,177.89,1,-1,-1,-1
347,83,1584.81,619.40,92.27,176.60,1,-1,-1,-1
347,84,1354.29,542.30,50.15,89.38,1,-1,-1,-1
347,85,1388.22,589.66,94.91,189.62,1,-1,-1,-1
348,22,109.58,695.46,38.45,150.36,1,-1,-1,-1
348,73,161.41,664.94,43.62,160.68,1,-1,-1,-1
348,79,1889.20,542.65,32.85,144.45,1,-1,-1,-1
348,80,1326.26,513.10,21.62,54.55,1,-1,-1,-1
348,81,1448.44,643.28,63.50,183.04,1,-1,-1,-1
348,82,1351.48,600.49,66.75,178.81,1,-1,-1,-1
348,83,1583.88,621.70,90.89,178.07,1,-1,-1,-1
348,84,1354.70,543.42,50.61,91.14,1,-1,-1,-1
348,85,1388.45,596.43,100.29,189.67,1,-1,-1,-1
349,22,102.90,700.97,38.77,147.24,1,-1,-1,-1
349,73,156.10,666.84,43.12,161.05,1,-1,-1,-1
349,79,1895.51,544.28,26.24,149.60,1,-1,-1,-1
349,80,1325.70,512.57,21.26,53.18,1,-1,-1,-1
349,81,1449.36,643.35,64.41,187.00,1,-1,-1,-1
349,82,1346.44,604.28,67.28,176.07,1,-1,-1,-1
349,83,1580.18,617.97,93.49,186.56,1,-1,-1,-1
349,84,1356.13,542.02,49.62,91.67,1,-1,-1,-1
349,85,1390.40,596.22,100.86,195.36,1,-1,-1,-1
350,22,98.33,702.91,39.14,146.86,1,-1,-1,-1
350,73,153.10,668.42,42.54,159.96,1,-1,-1,-1
350,79,1899.51,548.68,26.24,149.60,1,-1,-1,-1
350,80,1327.18,516.10,21.08,52.64,1,-1,-1,-1
350,81,1448.72,644.53,66.22,191.06,1,-1,-1,-1
350,82,1343.95,606.29,70.72,177.77,1,-1,-1,-1
350,83,1580.43,619.68,89.86,190.51,1,-1,-1,-1
350,84,1357.26,543.02,49.19,88.75,1,-1,-1,-1
350,85,1389.82,599.51,102.71,196.86,1,-1,-1,-1
350,86,1531.20,539.90,31.50,95.30,1,-1,-1,-1
351,22,91.88,702.31,40.30,147.45,1,-1,-1,-1
351,73,149.08,668.40,43.14,160.48,1,-1,-1,-1
351,79,1903.51,553.08,26.24,149.60,1,-1,-1,-1
351,80,1325.85,515.46,19.90,53.10,1,-1,-1,-1
351,81,1448.86,646.42,67.12,192.28,1,-1,-1,-1
351,82,1344.55,605.91,72.25,180.38,1,-1,-1,-1
351,83,1580.13,620.15,87.79,192.25,1,-1,-1,-1
351,84,1357.80,544.60,47.52,83.75,1,-1,-1,-1
351,85,1394.93,599.94,91.71,194.86,1,-1,-1,-1
351,86,1532.04,539.34,32.20,96.70,1,-1,-1,-1
351,87,1459.90,548.10,34.00,83.60,1,-1,-1,-1
351,88,1350.10,528.50,28.70,55.50,1,-1,-1,-1
352,22,84.14,699.84,41.28,153.43,1,-1,-1,-1
352,73,142.77,669.21,45.14,163.01,1,-1,-1,-1
352,79,1907.51,557.48,26.24,149.60,1,-1,-1,-1
352,80,1324.99,512.43,19.13,54.85,1,-1,-1,-1
352,81,1449.19,649.77,69.07,194.46,1,-1,-1,-1
352,82,1346.19,605.12,70.95,185.85,1,-1,-1,-1
352,83,1579.31,619.92,90.39,195.16,1,-1,-1,-1
352,84,1356.55,541.78,40.15,71.53,1,-1,-1,-1
352,85,1393.69,602.34,90.02,197.48,1,-1,-1,-1
352,86,1533.71,543.85,32.41,92.99,1,-1,-1,-1
352,87,1456.54,551.81,35.05,84.79,1,-1,-1,-1
352,88,1348.14,524.93,28.91,57.39,1,-1,-1,-1
353,22,77.68,699.63,41.36,156.14,1,-1,-1,-1
353,73,136.96,669.78,45.81,164.61,1,-1,-1,-1
353,80,1318.31,513.73,20.51,54.89,1,-1,-1,-1
353,81,1451.18,655.48,69.86,192.67,1,-1,-1,-1
353,82,1347.18,608.34,70.57,186.80,1,-1,-1,-1
353,83,1579.47,622.28,91.24,198.76,1,-1,-1,-1
353,84,1358.81,536.81,31.72,61.08,1,-1,-1,-1
353,85,1392.90,604.66,89.38,199.66,1,-1,-1,-1
353,86,1533.11,547.29,32.19,91.04,1,-1,-1,-1
353,87,1453.48,555.40,37.81,88.23,1,-1,-1,-1
353,88,1348.44,521.54,26.66,55.86,1,-1,-1,-1
354,22,72.56,703.82,40.83,153.38,1,-1,-1,-1
354,73,130.69,670.82,45.45,166.21,1,-1,-1,-1
354,80,1309.16,514.18,20.51,54.89,1,-1,-1,-1
354,81,1453.41,660.53,71.15,193.04,1,-1,-1,-1
354,82,1351.41,610.33,60.86,188.69,1,-1,-1,-1
354,83,1579.83,625.43,88.69,196.20,1,-1,-1,-1
354,84,1363.68,534.60,27.64,56.47,1,-1,-1,-1
354,85,1392.46,604.26,79.10,197.38,1,-1,-1,-1
354,86,1529.26,549.53,33.60,91.78,1,-1,-1,-1
354,87,1454.57,556.12,38.64,87.93,1,-1,-1,-1
354,88,1349.62,521.39,25.50,55.61,1,-1,-1,-1
355,22,67.46,704.50,40.67,155.14,1,-1,-1,-1
355,73,123.97,669.92,46.82,169.35,1,-1,-1,-1
355,80,1300.01,514.63,20.51,54.89,1,-1,-1,-1
355,81,1451.91,663.69,75.73,195.67,1,-1,-1,-1
355,82,1354.68,617.88,51.16,174.98,1,-1,-1,-1
355,83,1580.99,628.97,86.95,196.83,1,-1,-1,-1
355,84,1364.24,531.74,24.53,55.93,1,-1,-1,-1
355,85,1386.11,608.83,71.54,197.81,1,-1,-1,-1
355,86,1528.05,549.47,35.56,95.99,1,-1,-1,-1
355,87,1457.52,555.22,37.42,88.26,1,-1,-1,-1
355,88,1350.16,523.56,25.22,57.21,1,-1,-1,-1
356,22,60.10,705.95,41.67,155.60,1,-1,-1,-1
356,73,119.48,670.46,47.01,172.12,1,-1,-1,-1
356,80,1290.86,515.08,20.51,54.89,1,-1,-1,-1
356,81,1452.24,663.99,76.83,199.33,1,-1,-1,-1
356,82,1354.33,617.68,51.16,174.98,1,-1,-1,-1
356,83,1579.50,633.21,87.89,197.51,1,-1,-1,-1
356,84,1376.65,535.28,23.53,56.26,1,-1,-1,-1
356,85,1377.82,613.25,73.54,198.92,1,-1,-1,-1
356,86,1529.62,549.87,36.15,96.21,1,-1,-1,-1
356,87,1460.09,555.80,37.27,86.12,1,-1,-1,-1
356,88,1351.88,523.29,24.65,58.81,1,-1,-1,-1
357,22,52.40,707.00,41.76,157.84,1,-1,-1,-1
357,73,113.29,674.57,47.56,170.14,1,-1,-1,-1
357,81,1453.38,666.07,73.31,200.29,1,-1,-1,-1
357,82,1353.98,617.48,51.16,174.98,1,-1,-1,-1
357,83,1576.60,640.09,88.32,194.91,1,-1,-1,-1
357,84,1386.45,541.23,23.16,56.22,1,-1,-1,-1
357,85,1372.76,614.48,79.04,203.32,1,-1,-1,-1
357,86,1531.38,553.07,37.16,95.36,1,-1,-1,-1
357,87,1457.71,558.31,40.79,84.57,1,-1,-1,-1
357,88,1351.91,524.02,23.49,57.89,1,-1,-1,-1
358,22,46.83,707.51,42.56,160.96,1,-1,-1,-1
358,73,106.52,675.87,48.15,169.76,1,-1,-1,-1
358,81,1454.00,667.96,70.01,201.70,1,-1,-1,-1
358,82,1353.63,617.28,51.16,174.98,1,-1,-1,-1
358,83,1576.51,645.01,89.71,193.99,1,-1,-1,-1
358,84,1382.90,542.19,23.33,55.79,1,-1,-1,-1
358,85,1369.64,614.17,85.59,206.88,1,-1,-1,-1
358,86,1533.43,555.38,36.91,94.06,1,-1,-1,-1
358,87,1456.93,560.59,38.84,83.54,1,-1,-1,-1
358,88,1352.23,526.26,22.80,55.80,1,-1,-1,-1
359,22,40.42,711.64,43.01,163.30,1,-1,-1,-1
359,73,101.68,675.29,47.69,172.10,1,-1,-1,-1
359,81,1454.33,672.50,67.83,203.10,1,-1,-1,-1
359,83,1579.22,648.27,90.61,196.66,1,-1,-1,-1
359,84,1376.24,537.55,23.59,52.30,1,-1,-1,-1
359,85,1368.21,615.64,87.00,206.89,1,-1,-1,-1
359,86,1534.03,555.12,37.04,97.52,1,-1,-1,-1
359,87,1457.17,562.44,39.16,83.58,1,-1,-1,-1
359,88,1355.05,528.23,22.17,52.79,1,-1,-1,-1
360,22,30.70,715.35,45.10,162.81,1,-1,-1,-1
360,73,95.63,677.46,47.21,171.47,1,-1,-1,-1
360,81,1454.30,679.02,68.44,205.41,1,-1,-1,-1
360,83,1581.25,654.37,89.62,197.67,1,-1,-1,-1
360,84,1371.66,539.84,26.19,53.56,1,-1,-1,-1
360,85,1366.59,618.18,90.29,208.09,1,-1,-1,-1
360,86,1537.72,557.68,36.10,102.55,1,-1,-1,-1
360,87,1456.64,566.83,39.54,81.91,1,-1,-1,-1
360,88,1358.13,530.66,21.84,52.10,1,-1,-1,-1
361,22,20.61,715.95,46.43,162.73,1,-1,-1,-1
361,73,88.03,680.93,46.36,171.00,1,-1,-1,-1
361,81,1456.04,683.41,66.94,205.96,1,-1,-1,-1
361,83,1581.66,660.53,89.61,196.85,1,-1,-1,-1
361,84,1371.59,548.63,26.55,53.17,1,-1,-1,-1
361,85,1365.46,620.91,95.83,208.87,1,-1,-1,-1
361,86,1540.61,558.45,36.31,104.89,1,-1,-1,-1
361,87,1457.31,567.67,39.93,82.60,1,-1,-1,-1
361,88,1359.79,533.23,21.39,52.24,1,-1,-1,-1
362,22,11.00,718.44,46.34,163.90,1,-1,-1,-1
362,73,81.23,682.63,46.39,173.24,1,-1,-1,-1
362,81,1455.14,685.54,69.22,209.35,1,-1,-1,-1
362,83,1583.39,668.87,91.35,194.65,1,-1,-1,-1
362,84,1368.43,547.69,26.79,54.24,1,-1,-1,-1
362,85,1364.31,628.02,98.54,207.28,1,-1,-1,-1
362,86,1542.44,561.24,35.46,105.18,1,-1,-1,-1
362,87,1457.11,570.47,40.19,86.10,1,-1,-1,-1
362,88,1358.35,535.78,21.68,54.24,1,-1,-1,-1
363,22,5.39,724.12,45.12,165.37,1,-1,-1,-1
363,73,75.24,687.02,47.52,174.05,1,-1,-1,-1
363,81,1453.63,687.75,74.11,212.67,1,-1,-1,-1
363,83,1583.74,672.10,90.13,197.13,1,-1,-1,-1
363,84,1370.86,539.66,24.84,51.41,1,-1,-1,-1
363,85,1363.38,631.31,101.94,209.46,1,-1,-1,-1
363,86,1544.19,562.24,35.42,108.48,1,-1,-1,-1
363,87,1457.24,572.38,39.08,88.34,1,-1,-1,-1
363,88,1357.73,537.97,21.90,55.26,1,-1,-1,-1
363,89,1647.90,597.10,48.00,141.00,1,-1,-1,-1
364,22,1.81,724.92,44.90,166.93,1,-1,-1,-1
364,73,68.81,688.31,47.71,175.42,1,-1,-1,-1
364,81,1453.25,693.10,78.44,215.84,1,-1,-1,-1
364,83,1582.84,674.35,83.88,202.43,1,-1,-1,-1
364,84,1375.17,533.79,25.16,50.00,1,-1,-1,-1
364,85,1362.30,634.89,103.24,211.59,1,-1,-1,-1
364,86,1546.37,564.57,34.64,108.43,1,-1,-1,-1
364,87,1457.41,572.83,39.58,90.62,1,-1,-1,-1
364,88,1357.64,542.05,20.78,53.40,1,-1,-1,-1
364,89,1650.14,602.42,48.91,140.58,1,-1,-1,-1
365,22,0.20,722.12,40.21,171.74,1,-1,-1,-1
365,73,60.95,688.84,50.01,176.87,1,-1,-1,-1
365,81,1452.01,699.15,80.58,217.00,1,-1,-1,-1
365,83,1582.27,671.51,77.73,209.69,1,-1,-1,-1
365,84,1371.14,536.03,23.58,49.30,1,-1,-1,-1
365,85,1363.00,640.92,95.58,210.48,1,-1,-1,-1
365,86,1547.89,569.83,35.73,104.07,1,-1,-1,-1
365,87,1457.96,576.77,39.10,91.31,1,-1,-1,-1
365,88,1358.03,551.01,21.21,48.92,1,-1,-1,-1
365,89,1653.44,606.63,50.30,139.26,1,-1,-1,-1
365,90,1371.40,574.80,50.70,97.20,1,-1,-1,-1
366,22,0.73,725.66,39.92,168.00,1,-1,-1,-1
366,73,54.17,693.95,49.02,177.80,1,-1,-1,-1
366,81,1451.41,705.37,84.02,218.68,1,-1,-1,-1
366,83,1583.10,673.36,74.21,206.97,1,-1,-1,-1
366,84,1369.51,535.49,23.87,49.23,1,-1,-1,-1
366,85,1365.17,642.15,88.10,212.73,1,-1,-1,-1
366,86,1548.93,571.57,36.41,102.97,1,-1,-1,-1
366,87,1458.68,578.13,39.10,90.81,1,-1,-1,-1
366,88,1358.79,550.34,19.80,47.44,1,-1,-1,-1
366,89,1657.22,609.75,52.68,137.61,1,-1,-1,-1
366,90,1372.31,574.45,49.72,102.59,1,-1,-1,-1
367,22,1.58,730.52,41.31,168.21,1,-1,-1,-1
367,73,47.61,702.49,50.13,176.19,1,-1,-1,-1
367,81,1455.09,712.47,82.12,220.93,1,-1,-1,-1
367,83,1583.79,678.64,73.64,212.10,1,-1,-1,-1
367,84,1373.65,532.00,24.38,51.03,1,-1,-1,-1
367,85,1367.50,646.69,79.00,211.24,1,-1,-1,-1
367,86,1549.99,573.86,37.17,103.69,1,-1,-1,-1
367,87,1458.38,577.82,40.50,93.04,1,-1,-1,-1
367,88,1357.07,550.01,21.20,46.92,1,-1,-1,-1
367,89,1662.87,615.21,50.59,136.13,1,-1,-1,-1
367,90,1373.04,575.07,49.57,105.89,1,-1,-1,-1
368,22,1.02,731.11,39.69,167.92,1,-1,-1,-1
368,73,42.49,706.97,49.55,175.99,1,-1,-1,-1
368,81,1456.29,717.43,81.48,221.12,1,-1,-1,-1
368,83,1581.07,682.91,76.62,216.86,1,-1,-1,-1
368,84,1375.62,530.47,24.95,51.08,1,-1,-1,-1
368,85,1367.07,649.59,71.86,212.47,1,-1,-1,-1
368,86,1552.04,575.89,36.70,104.61,1,-1,-1,-1
368,87,1458.39,581.07,42.88,91.61,1,-1,-1,-1
368,88,1355.82,550.39,20.08,49.22,1,-1,-1,-1
368,89,1667.70,614.01,50.95,138.35,1,-1,-1,-1
368,90,1373.86,576.52,49.45,106.88,1,-1,-1,-1
369,22,1.79,732.14,37.11,159.65,1,-1,-1,-1
369,73,35.62,708.76,48.32,178.17,1,-1,-1,-1
369,81,1455.71,720.16,84.08,222.30,1,-1,-1,-1
369,83,1573.74,683.91,81.72,222.21,1,-1,-1,-1
369,84,1377.84,530.98,25.06,50.32,1,-1,-1,-1
369,85,1365.72,650.21,67.55,212.98,1,-1,-1,-1
369,86,1554.31,575.73,35.86,105.16,1,-1,-1,-1
369,87,1458.09,583.03,44.50,90.20,1,-1,-1,-1
369,88,1353.79,548.92,19.60,49.34,1,-1,-1,-1
369,89,1672.74,613.97,51.75,138.45,1,-1,-1,-1
369,90,1374.28,578.99,49.83,104.16,1,-1,-1,-1
370,22,1.89,732.39,37.11,159.65,1,-1,-1,-1
370,73,26.84,712.32,49.57,182.88,1,-1,-1,-1
370,81,1454.92,721.15,87.94,228.18,1,-1,-1,-1
370,83,1561.40,689.64,93.05,218.98,1,-1,-1,-1
370,84,1370.55,555.85,28.45,61.44,1,-1,-1,-1
370,85,1363.43,655.10,65.27,214.04,1,-1,-1,-1
370,86,1554.13,577.45,34.98,103.09,1,-1,-1,-1
370,87,1458.99,584.07,42.12,87.96,1,-1,-1,-1
370,88,1352.77,556.44,20.51,47.70,1,-1,-1,-1
370,89,1678.27,614.09,50.81,139.47,1,-1,-1,-1
370,90,1374.84,579.86,50.37,104.68,1,-1,-1,-1
371,22,1.99,732.64,37.11,159.65,1,-1,-1,-1
371,73,17.95,716.01,50.85,184.92,1,-1,-1,-1
371,81,1455.02,721.83,89.10,233.02,1,-1,-1,-1
371,83,1550.73,694.46,106.73,215.07,1,-1,-1,-1
371,84,1362.25,598.75,28.45,61.44,1,-1,-1,-1
371,85,1361.56,657.48,63.33,216.60,1,-1,-1,-1
371,86,1552.16,578.22,34.29,103.45,1,-1,-1,-1
371,87,1458.14,584.57,42.32,86.87,1,-1,-1,-1
371,88,1354.20,557.19,18.89,50.01,1,-1,-1,-1
371,89,1683.17,612.98,51.78,140.54,1,-1,-1,-1
371,90,1374.93,581.32,51.09,104.20,1,-1,-1,-1
372,22,2.09,732.89,37.11,159.65,1,-1,-1,-1
372,73,11.17,717.93,50.26,183.79,1,-1,-1,-1
372,81,1454.82,721.92,87.77,237.21,1,-1,-1,-1
372,83,1544.52,695.42,116.72,221.32,1,-1,-1,-1
372,84,1334.66,652.67,37.72,136.10,1,-1,-1,-1
372,85,1360.52,657.61,65.13,219.40,1,-1,-1,-1
372,86,1552.89,578.63,33.60,102.92,1,-1,-1,-1
372,87,1455.10,587.42,43.84,83.11,1,-1,-1,-1
372,88,1356.94,558.33,20.58,49.02,1,-1,-1,-1
372,89,1687.74,614.16,53.12,140.93,1,-1,-1,-1
372,90,1374.63,581.14,51.31,105.81,1,-1,-1,-1
373,73,4.65,722.54,49.94,182.19,1,-1,-1,-1
373,81,1454.54,721.91,87.44,241.75,1,-1,-1,-1
373,83,1545.07,697.00,119.65,225.02,1,-1,-1,-1
373,84,1317.41,723.65,37.72,136.10,1,-1,-1,-1
373,85,1358.77,659.30,70.92,220.80,1,-1,-1,-1
373,86,1557.01,578.45,31.29,103.61,1,-1,-1,-1
373,87,1454.19,587.21,43.74,84.85,1,-1,-1,-1
373,88,1359.49,561.64,21.36,50.69,1,-1,-1,-1
373,89,1694.77,614.95,50.24,140.70,1,-1,-1,-1
373,90,1375.10,578.72,50.39,107.13,1,-1,-1,-1
374,73,0.19,723.25,46.69,191.65,1,-1,-1,-1
374,81,1455.74,722.74,85.38,244.87,1,-1,-1,-1
374,83,1548.96,696.13,120.17,225.71,1,-1,-1,-1
374,84,1300.16,794.62,37.72,136.10,1,-1,-1,-1
374,85,1356.68,660.24,73.78,218.42,1,-1,-1,-1
374,86,1560.39,576.99,30.95,104.16,1,-1,-1,-1
374,87,1455.20,585.58,44.13,87.13,1,-1,-1,-1
374,88,1358.98,561.98,20.83,50.91,1,-1,-1,-1
374,89,1700.07,614.25,48.95,142.45,1,-1,-1,-1
374,90,1375.06,576.95,50.12,106.97,1,-1,-1,-1
375,73,-0.53,721.14,39.35,204.21,1,-1,-1,-1
375,81,1455.93,726.19,86.58,245.31,1,-1,-1,-1
375,83,1551.43,694.86,116.90,225.49,1,-1,-1,-1
375,84,1282.91,865.60,37.72,136.10,1,-1,-1,-1
375,85,1352.57,661.22,77.22,217.29,1,-1,-1,-1
375,86,1564.97,573.76,31.05,106.36,1,-1,-1,-1
375,87,1455.26,582.90,44.60,90.33,1,-1,-1,-1
375,88,1357.53,561.09,21.09,50.97,1,-1,-1,-1
375,89,1703.76,612.67,49.69,145.70,1,-1,-1,-1
375,90,1374.30,577.22,50.46,106.22,1,-1,-1,-1
375,91,1511.60,576.30,36.00,101.20,1,-1,-1,-1
376,73,-0.23,725.52,34.13,197.97,1,-1,-1,-1
376,81,1455.88,727.95,87.93,246.28,1,-1,-1,-1
376,83,1551.60,693.30,113.54,229.35,1,-1,-1,-1
376,85,1349.36,662.56,80.92,216.74,1,-1,-1,-1
376,86,1570.38,571.59,30.04,106.53,1,-1,-1,-1
376,87,1455.39,579.46,44.39,93.18,1,-1,-1,-1
376,88,1357.29,558.52,22.22,50.99,1,-1,-1,-1
376,89,1708.02,609.44,50.40,148.22,1,-1,-1,-1
376,90,1371.95,575.50,53.22,108.52,1,-1,-1,-1
376,91,1509.57,574.13,40.97,103.65,1,-1,-1,-1
377,73,-2.08,725.17,34.13,197.97,1,-1,-1,-1
377,81,1454.74,727.54,88.54,245.80,1,-1,-1,-1
377,83,1551.85,693.89,105.67,234.21,1,-1,-1,-1
377,85,1349.80,661.26,81.47,219.23,1,-1,-1,-1
377,86,1573.51,570.97,31.97,105.95,1,-1,-1,-1
377,87,1456.23,577.12,43.98,94.73,1,-1,-1,-1
377,88,1356.96,555.25,22.83,52.96,1,-1,-1,-1
377,89,1711.56,605.74,50.89,149.47,1,-1,-1,-1
377,90,1372.10,574.61,52.43,109.27,1,-1,-1,-1
377,91,1509.93,572.51,43.51,104.46,1,-1,-1,-1
378,73,-3.93,724.82,34.13,197.97,1,-1,-1,-1
378,81,1453.62,731.95,86.20,245.31,1,-1,-1,-1
378,83,1548.97,695.37,98.20,237.77,1,-1,-1,-1
378,85,1350.18,657.85,78.83,223.90,1,-1,-1,-1
378,86,1571.95,572.19,32.48,104.44,1,-1,-1,-1
378,87,1455.39,576.67,44.48,96.04,1,-1,-1,-1
378,88,1356.15,554.23,23.58,54.60,1,-1,-1,-1
378,89,1713.81,604.44,53.21,151.31,1,-1,-1,-1
378,90,1371.69,573.85,50.38,108.59,1,-1,-1,-1
378,91,1511.44,573.75,43.01,103.72,1,-1,-1,-1
379,73,-5.78,724.47,34.13,197.97,1,-1,-1,-1
379,81,1451.99,734.06,88.58,252.16,1,-1,-1,-1
379,83,1548.86,694.80,87.42,238.56,1,-1,-1,-1
379,85,1346.10,655.44,80.49,228.31,1,-1,-1,-1
379,86,1567.47,572.26,33.40,102.66,1,-1,-1,-1
379,87,1453.51,576.28,44.56,95.24,1,-1,-1,-1
379,88,1355.83,548.59,23.80,58.73,1,-1,-1,-1
379,89,1716.11,604.31,57.82,153.89,1,-1,-1,-1
379,90,1370.32,571.27,49.20,110.77,1,-1,-1,-1
379,91,1510.54,573.39,43.63,102.72,1,-1,-1,-1
380,81,1451.98,733.85,87.89,256.60,1,-1,-1,-1
380,83,1549.35,694.21,76.00,238.45,1,-1,-1,-1
380,85,1340.67,652.44,78.26,233.06,1,-1,-1,-1
380,86,1563.01,569.94,33.54,103.46,1,-1,-1,-1
380,87,1451.82,573.92,43.82,95.49,1,-1,-1,-1
380,88,1355.20,545.07,23.94,58.22,1,-1,-1,-1
380,89,1717.54,605.05,62.57,151.38,1,-1,-1,-1
380,90,1369.93,568.84,47.38,111.70,1,-1,-1,-1
380,91,1509.49,571.93,43.47,101.94,1,-1,-1,-1
381,81,1450.44,734.67,88.39,261.85,1,-1,-1,-1
381,83,1542.84,697.08,72.29,238.06,1,-1,-1,-1
381,85,1333.84,649.07,73.95,232.25,1,-1,-1,-1
381,86,1559.39,569.13,33.16,102.44,1,-1,-1,-1
381,87,1449.89,573.35,43.95,95.43,1,-1,-1,-1
381,88,1354.13,543.42,22.44,54.22,1,-1,-1,-1
381,89,1719.84,602.10,71.76,153.84,1,-1,-1,-1
381,90,1369.35,567.97,48.02,109.25,1,-1,-1,-1
381,91,1507.45,570.98,43.63,101.91,1,-1,-1,-1
382,81,1447.14,732.03,91.83,269.37,1,-1,-1,-1
382,83,1529.05,698.85,76.01,238.16,1,-1,-1,-1
382,85,1329.17,648.54,67.82,231.51,1,-1,-1,-1
382,86,1557.22,569.80,35.22,102.06,1,-1,-1,-1
382,87,1447.09,573.35,43.70,95.34,1,-1,-1,-1
382,88,1353.35,543.31,22.41,52.87,1,-1,-1,-1
382,89,1725.72,602.33,74.10,154.09,1,-1,-1,-1
382,90,1368.12,567.02,47.38,108.45,1,-1,-1,-1
382,91,1505.38,569.51,43.61,103.93,1,-1,-1,-1
383,81,1446.34,733.84,87.40,268.06,1,-1,-1,-1
383,83,1518.44,694.43,84.96,248.97,1,-1,-1,-1
383,85,1324.84,649.43,58.85,224.01,1,-1,-1,-1
383,86,1554.50,568.04,36.40,103.63,1,-1,-1,-1
383,87,1443.74,571.86,44.40,94.82,1,-1,-1,-1
383,88,1353.57,543.75,22.05,53.66,1,-1,-1,-1
383,89,1729.19,605.04,73.05,154.31,1,-1,-1,-1
383,90,1364.20,566.38,48.93,109.67,1,-1,-1,-1
383,91,1505.03,568.08,41.29,103.84,1,-1,-1,-1
384,81,1442.88,737.03,88.52,272.29,1,-1,-1,-1
384,83,1508.13,698.91,95.56,243.67,1,-1,-1,-1
384,85,1319.94,645.84,52.58,222.32,1,-1,-1,-1
384,86,1552.78,564.85,36.33,104.45,1,-1,-1,-1
384,87,1439.89,569.42,46.29,96.77,1,-1,-1,-1
384,88,1351.76,543.12,22.02,56.07,1,-1,-1,-1
384,89,1732.35,605.10,71.05,157.73,1,-1,-1,-1
384,90,1362.16,566.61,49.54,109.48,1,-1,-1,-1
384,91,1504.37,565.49,42.28,104.93,1,-1,-1,-1
384,92,1255.30,661.30,69.40,201.60,1,-1,-1,-1
385,81,1437.34,740.45,91.03,275.17,1,-1,-1,-1
385,83,1495.75,698.99,102.45,252.23,1,-1,-1,-1
385,85,1312.84,646.70,53.02,228.47,1,-1,-1,-1
385,86,1553.30,563.11,37.08,106.37,1,-1,-1,-1
385,87,1436.71,569.06,46.86,97.98,1,-1,-1,-1
385,88,1350.16,545.92,23.05,60.57,1,-1,-1,-1
385,89,1734.19,606.24,69.06,154.77,1,-1,-1,-1
385,90,1356.59,566.83,51.26,106.97,1,-1,-1,-1
385,91,1504.82,564.96,42.43,105.12,1,-1,-1,-1
385,92,1258.59,657.10,61.63,208.88,1,-1,-1,-1
386,81,1431.70,741.96,94.44,278.90,1,-1,-1,-1
386,83,1489.65,703.64,105.14,253.19,1,-1,-1,-1
386,85,1307.76,649.21,52.86,232.20,1,-1,-1,-1
386,86,1555.04,561.08,39.05,111.08,1,-1,-1,-1
386,87,1434.16,569.40,46.47,97.92,1,-1,-1,-1
386,88,1349.37,547.71,23.72,64.16,1,-1,-1,-1
386,89,1733.65,606.93,69.09,155.42,1,-1,-1,-1
386,90,1349.85,567.20,54.65,104.82,1,-1,-1,-1
386,91,1502.75,565.22,40.03,104.76,1,-1,-1,-1
386,92,1257.78,657.14,60.98,210.99,1,-1,-1,-1
387,81,1429.95,743.37,94.90,283.24,1,-1,-1,-1
387,83,1486.44,700.78,105.60,258.80,1,-1,-1,-1
387,85,1303.82,650.06,54.78,228.14,1,-1,-1,-1
387,86,1556.52,556.35,39.37,114.17,1,-1,-1,-1
387,87,1430.46,567.83,46.63,99.94,1,-1,-1,-1
387,88,1351.04,533.62,25.80,67.48,1,-1,-1,-1
387,89,1735.29,605.08,65.95,159.12,1,-1,-1,-1
387,90,1349.53,565.81,54.19,105.51,1,-1,-1,-1
387,91,1495.65,564.51,37.28,103.53,1,-1,-1,-1
387,92,1254.27,653.56,67.08,216.81,1,-1,-1,-1
388,81,1424.31,745.09,93.78,282.16,1,-1,-1,-1
388,83,1480.69,700.80,106.02,268.25,1,-1,-1,-1
388,85,1284.92,650.88,65.29,236.86,1,-1,-1,-1
388,86,1556.22,554.03,41.77,116.50,1,-1,-1,-1
388,87,1425.46,567.09,47.52,103.06,1,-1,-1,-1
388,88,1351.44,522.49,25.59,67.84,1,-1,-1,-1
388,89,1735.70,604.09,65.84,159.73,1,-1,-1,-1
388,90,1352.15,565.94,50.35,104.45,1,-1,-1,-1
388,91,1491.73,564.08,39.46,105.05,1,-1,-1,-1
388,92,1254.17,650.86,67.08,216.81,1,-1,-1,-1
389,81,1419.00,746.01,91.69,283.94,1,-1,-1,-1
389,83,1469.29,707.68,110.70,260.86,1,-1,-1,-1
389,85,1266.25,656.20,72.16,237.73,1,-1,-1,-1
389,86,1555.00,557.07,40.04,115.17,1,-1,-1,-1
389,87,1421.07,567.33,49.05,106.87,1,-1,-1,-1
389,88,1343.34,544.21,28.40,78.10,1,-1,-1,-1
389,89,1736.15,605.72,65.18,160.90,1,-1,-1,-1
389,90,1353.99,568.09,48.84,104.70,1,-1,-1,-1
389,91,1490.92,563.98,41.73,108.02,1,-1,-1,-1
389,92,1254.07,648.16,67.08,216.81,1,-1,-1,-1
390,81,1413.62,747.88,95.97,294.48,1,-1,-1,-1
390,83,1468.08,706.50,105.38,259.07,1,-1,-1,-1
390,85,1255.06,653.85,76.39,242.33,1,-1,-1,-1
390,86,1550.90,557.90,39.31,114.56,1,-1,-1,-1
390,87,1417.52,566.47,47.68,106.68,1,-1,-1,-1
390,88,1338.37,565.33,29.59,82.58,1,-1,-1,-1
390,89,1736.40,605.31,63.65,163.14,1,-1,-1,-1
390,90,1357.45,569.20,45.31,107.85,1,-1,-1,-1
390,91,1488.92,562.55,41.22,109.69,1,-1,-1,-1
390,92,1253.97,645.46,67.08,216.81,1,-1,-1,-1
391,81,1403.70,749.69,100.12,299.39,1,-1,-1,-1
391,83,1470.55,707.98,106.37,254.96,1,-1,-1,-1
391,85,1247.07,656.18,77.66,246.09,1,-1,-1,-1
391,86,1547.16,559.87,41.05,115.43,1,-1,-1,-1
391,87,1412.63,567.29,49.24,109.00,1,-1,-1,-1
391,88,1334.52,563.99,30.44,80.98,1,-1,-1,-1
391,89,1735.59,608.82,65.23,162.83,1,-1,-1,-1
391,90,1357.21,570.01,44.53,112.78,1,-1,-1,-1
391,91,1489.32,564.28,35.61,110.05,1,-1,-1,-1
392,81,1396.21,752.10,100.04,301.43,1,-1,-1,-1
392,83,1465.89,710.55,113.67,249.18,1,-1,-1,-1
392,85,1243.21,658.90,76.50,246.10,1,-1,-1,-1
392,86,1542.30,557.70,42.84,120.66,1,-1,-1,-1
392,87,1408.14,569.54,49.98,108.72,1,-1,-1,-1
392,88,1328.68,561.12,32.30,83.73,1,-1,-1,-1
392,89,1735.72,610.06,69.55,165.47,1,-1,-1,-1
392,90,1354.03,571.13,42.69,111.68,1,-1,-1,-1
392,91,1494.74,563.53,30.42,110.36,1,-1,-1,-1
393,81,1389.73,764.58,100.99,296.51,1,-1,-1,-1
393,83,1463.42,705.75,107.11,253.74,1,-1,-1,-1
393,85,1237.21,658.91,76.50,249.18,1,-1,-1,-1
393,86,1535.02,558.09,44.07,119.92,1,-1,-1,-1
393,87,1401.47,567.84,50.90,109.13,1,-1,-1,-1
393,88,1324.41,558.46,32.58,87.07,1,-1,-1,-1
393,89,1735.66,609.01,73.29,168.64,1,-1,-1,-1
393,90,1348.60,570.98,41.23,112.60,1,-1,-1,-1
393,91,1511.37,561.67,29.85,110.88,1,-1,-1,-1
394,81,1386.18,768.48,98.41,303.36,1,-1,-1,-1
394,83,1458.06,705.95,102.13,253.64,1,-1,-1,-1
394,85,1228.07,662.07,76.57,249.05,1,-1,-1,-1
394,86,1528.38,559.68,43.67,117.39,1,-1,-1,-1
394,87,1394.31,567.30,52.30,112.75,1,-1,-1,-1
394,88,1316.31,551.86,28.25,69.66,1,-1,-1,-1
394,89,1734.02,610.77,76.94,169.38,1,-1,-1,-1
394,90,1341.50,571.15,42.19,116.80,1,-1,-1,-1
394,91,1529.87,562.47,29.85,110.88,1,-1,-1,-1
395,81,1377.99,770.76,101.13,307.45,1,-1,-1,-1
395,83,1446.32,712.07,97.42,252.00,1,-1,-1,-1
395,85,1217.94,663.69,76.87,247.83,1,-1,-1,-1
395,86,1524.52,558.87,42.92,117.47,1,-1,-1,-1
395,87,1387.29,567.22,53.00,114.18,1,-1,-1,-1
395,88,1306.61,548.94,27.17,69.55,1,-1,-1,-1
395,89,1731.30,612.45,82.44,171.00,1,-1,-1,-1
395,90,1334.07,570.52,43.95,115.96,1,-1,-1,-1
395,91,1548.37,563.27,29.85,110.88,1,-1,-1,-1
396,81,1367.12,764.17,103.42,317.77,1,-1,-1,-1
396,83,1437.54,715.92,90.41,257.88,1,-1,-1,-1
396,85,1212.12,662.41,73.25,256.21,1,-1,-1,-1
396,86,1518.46,557.79,43.33,119.38,1,-1,-1,-1
396,87,1380.71,565.62,52.44,115.04,1,-1,-1,-1
396,88,1299.98,560.72,28.80,69.09,1,-1,-1,-1
396,89,1729.73,612.75,85.84,173.17,1,-1,-1,-1
396,90,1327.61,568.19,43.07,117.25,1,-1,-1,-1
396,91,1566.87,564.07,29.85,110.88,1,-1,-1,-1
397,81,1358.31,770.90,103.06,308.83,1,-1,-1,-1
397,83,1429.34,722.87,90.41,257.88,1,-1,-1,-1
397,85,1193.69,669.77,60.83,249.62,1,-1,-1,-1
397,86,1511.96,556.16,44.36,121.63,1,-1,-1,-1
397,87,1372.41,565.99,53.60,114.73,1,-1,-1,-1
397,88,1285.38,543.41,25.09,68.68,1,-1,-1,-1
397,89,1725.59,613.37,89.03,173.05,1,-1,-1,-1
397,90,1317.69,567.66,44.91,116.37,1,-1,-1,-1
397,93,1161.00,654.00,54.40,245.00,1,-1,-1,-1
398,81,1347.50,775.66,103.93,307.48,1,-1,-1,-1
398,83,1421.14,729.82,90.41,257.88,1,-1,-1,-1
398,85,1174.71,672.40,54.02,248.14,1,-1,-1,-1
398,86,1504.16,557.50,44.53,120.28,1,-1,-1,-1
398,87,1364.50,566.35,53.81,114.15,1,-1,-1,-1
398,88,1275.97,537.17,26.29,65.54,1,-1,-1,-1
398,89,1720.55,613.44,89.50,175.89,1,-1,-1,-1
398,90,1308.63,567.97,45.18,117.44,1,-1,-1,-1
398,93,1150.50,654.63,57.27,245.00,1,-1,-1,-1
399,81,1339.15,769.02,106.64,312.39,1,-1,-1,-1
399,83,1412.94,736.77,90.41,257.88,1,-1,-1,-1
399,85,1169.74,667.45,60.38,262.60,1,-1,-1,-1
399,86,1494.75,556.41,46.26,122.39,1,-1,-1,-1
399,87,1355.69,565.31,54.43,115.37,1,-1,-1,-1
399,88,1275.39,549.21,26.09,63.41,1,-1,-1,-1
399,89,1717.83,612.66,88.17,176.95,1,-1,-1,-1
399,90,1301.54,568.33,45.34,116.50,1,-1,-1,-1
399,93,1128.77,653.69,60.51,244.72,1,-1,-1,-1
400,81,1330.20,771.65,110.67,308.34,1,-1,-1,-1
400,85,1162.61,667.45,57.03,266.03,1,-1,-1,-1
400,86,1487.33,555.43,46.08,124.15,1,-1,-1,-1
400,87,1346.22,565.48,53.78,115.53,1,-1,-1,-1
400,88,1263.54,541.79,27.92,69.21,1,-1,-1,-1
400,89,1716.52,612.65,82.87,174.88,1,-1,-1,-1
400,90,1293.80,566.80,44.89,113.49,1,-1,-1,-1
400,93,1107.81,655.63,71.28,246.18,1,-1,-1,-1
401,81,1318.88,775.11,115.59,306.77,1,-1,-1,-1
401,85,1145.55,665.75,60.93,273.22,1,-1,-1,-1
401,86,1478.99,555.27,47.14,125.23,1,-1,-1,-1
401,87,1337.83,566.51,54.77,115.65,1,-1,-1,-1
401,88,1252.95,530.52,26.99,70.11,1,-1,-1,-1
401,89,1711.43,611.06,80.65,177.84,1,-1,-1,-1
401,90,1283.57,567.99,45.81,114.83,1,-1,-1,-1
401,93,1089.20,660.44,80.04,251.58,1,-1,-1,-1
402,81,1311.07,775.88,116.51,305.46,1,-1,-1,-1
402,85,1131.97,665.77,63.43,276.01,1,-1,-1,-1
402,86,1469.20,555.89,47.74,124.09,1,-1,-1,-1
402,87,1329.63,564.29,55.28,118.34,1,-1,-1,-1
402,88,1240.13,530.69,27.00,67.86,1,-1,-1,-1
402,89,1707.78,610.79,78.38,178.51,1,-1,-1,-1
402,90,1273.57,568.63,46.01,115.86,1,-1,-1,-1
402,93,1070.66,663.06,84.77,253.13,1,-1,-1,-1
403,81,1301.56,781.53,115.31,299.75,1,-1,-1,-1
403,85,1115.64,663.63,65.09,275.65,1,-1,-1,-1
403,86,1460.33,554.92,47.50,125.15,1,-1,-1,-1
403,87,1318.70,562.41,55.36,119.43,1,-1,-1,-1
403,88,1227.64,534.90,28.47,68.94,1,-1,-1,-1
403,89,1705.54,609.76,74.33,179.06,1,-1,-1,-1
403,90,1264.60,563.86,44.74,118.41,1,-1,-1,-1
403,93,1055.13,662.23,85.00,257.59,1,-1,-1,-1
404,81,1287.68,786.57,116.21,295.65,1,-1,-1,-1
404,85,1097.31,661.31,68.74,282.48,1,-1,-1,-1
404,86,1452.79,555.51,46.45,124.97,1,-1,-1,-1
404,87,1309.03,562.93,55.46,119.69,1,-1,-1,-1
404,88,1217.87,533.66,29.89,69.96,1,-1,-1,-1
404,89,1702.90,609.23,67.73,182.52,1,-1,-1,-1
404,90,1255.05,564.73,43.45,118.82,1,-1,-1,-1
404,93,1037.25,664.89,86.47,259.07,1,-1,-1,-1
405,81,1271.83,785.00,120.82,296.88,1,-1,-1,-1
405,85,1066.84,664.42,86.77,287.04,1,-1,-1,-1
405,86,1442.87,555.84,47.12,125.41,1,-1,-1,-1
405,87,1299.28,562.82,55.14,120.89,1,-1,-1,-1
405,88,1207.86,529.82,30.18,70.69,1,-1,-1,-1
405,89,1695.73,614.04,67.29,179.08,1,-1,-1,-1
405,90,1243.02,566.97,45.24,119.02,1,-1,-1,-1
405,93,1021.62,661.95,79.91,260.56,1,-1,-1,-1
406,81,1258.24,785.60,120.25,295.14,1,-1,-1,-1
406,85,1041.02,669.93,99.32,284.21,1,-1,-1,-1
406,86,1431.77,554.03,48.85,126.87,1,-1,-1,-1
406,87,1287.70,563.12,53.71,119.64,1,-1,-1,-1
406,88,1199.25,524.56,31.10,71.12,1,-1,-1,-1
406,89,1689.55,615.33,66.95,180.77,1,-1,-1,-1
406,90,1232.14,565.74,45.35,121.11,1,-1,-1,-1
406,93,1002.22,656.90,79.91,260.56,1,-1,-1,-1
407,81,1244.15,791.44,121.26,289.93,1,-1,-1,-1
407,85,1017.97,669.01,108.83,286.79,1,-1,-1,-1
407,86,1421.50,553.69,46.86,127.94,1,-1,-1,-1
407,87,1277.39,561.92,54.82,121.50,1,-1,-1,-1
407,88,1187.61,525.23,29.84,70.68,1,-1,-1,-1
407,89,1683.84,615.93,69.29,181.77,1,-1,-1,-1
407,90,1219.22,566.57,46.93,120.82,1,-1,-1,-1
407,93,982.82,651.85,79.91,260.56,1,-1,-1,-1
408,81,1231.44,793.61,121.85,288.51,1,-1,-1,-1
408,85,999.88,673.47,107.90,286.94,1,-1,-1,-1
408,86,1410.72,553.31,47.31,127.84,1,-1,-1,-1
408,87,1267.25,560.44,55.23,122.13,1,-1,-1,-1
408,88,1177.51,527.53,29.46,69.30,1,-1,-1,-1
408,89,1676.62,613.86,68.88,185.71,1,-1,-1,-1
408,90,1205.69,567.14,47.19,118.29,1,-1,-1,-1
408,93,963.42,646.80,79.91,260.56,1,-1,-1,-1
409,81,1214.92,798.47,123.00,282.83,1,-1,-1,-1
409,85,985.68,675.49,108.18,291.46,1,-1,-1,-1
409,86,1399.39,551.63,48.21,129.42,1,-1,-1,-1
409,87,1254.16,560.73,55.42,122.74,1,-1,-1,-1
409,88,1166.39,523.62,30.54,72.38,1,-1,-1,-1
409,89,1666.83,614.32,67.91,185.70,1,-1,-1,-1
409,90,1192.56,564.84,45.59,120.26,1,-1,-1,-1
410,81,1194.09,806.34,124.05,275.88,1,-1,-1,-1
410,85,967.41,678.63,111.06,290.16,1,-1,-1,-1
410,86,1388.37,552.47,47.08,129.55,1,-1,-1,-1
410,87,1241.34,562.46,53.80,122.50,1,-1,-1,-1
410,88,1152.59,523.30,30.02,71.13,1,-1,-1,-1
410,89,1657.08,609.89,71.19,192.00,1,-1,-1,-1
410,90,1178.08,567.16,48.33,118.26,1,-1,-1,-1
411,81,1176.06,812.13,125.07,270.36,1,-1,-1,-1
411,85,947.52,681.02,112.91,290.68,1,-1,-1,-1
411,86,1374.95,552.84,47.10,130.28,1,-1,-1,-1
411,87,1229.34,561.84,53.24,123.13,1,-1,-1,-1
411,88,1139.92,524.25,29.59,68.94,1,-1,-1,-1
411,89,1685.10,613.25,69.66,171.07,1,-1,-1,-1
411,90,1166.06,567.18,45.79,117.73,1,-1,-1,-1
411,94,1304.80,560.50,42.40,121.20,1,-1,-1,-1
412,81,1158.69,815.36,123.13,266.82,1,-1,-1,-1
412,85,924.74,681.44,118.22,293.00,1,-1,-1,-1
412,86,1362.49,552.06,46.96,129.53,1,-1,-1,-1
412,87,1215.07,561.76,54.19,122.55,1,-1,-1,-1
412,88,1129.12,522.69,29.25,69.61,1,-1,-1,-1
412,89,1704.29,613.33,64.16,164.37,1,-1,-1,-1
412,90,1152.35,566.43,46.43,117.15,1,-1,-1,-1
412,94,1299.41,558.19,43.24,121.55,1,-1,-1,-1
413,81,1136.60,815.79,122.69,265.97,1,-1,-1,-1
413,85,898.68,680.34,121.50,303.01,1,-1,-1,-1
413,86,1350.93,550.53,45.52,130.49,1,-1,-1,-1
413,87,1200.17,560.16,53.99,123.56,1,-1,-1,-1
413,88,1116.07,522.14,30.05,70.79,1,-1,-1,-1
413,89,1691.47,613.38,60.13,166.07,1,-1,-1,-1
413,90,1137.85,565.63,45.78,117.32,1,-1,-1,-1
413,94,1282.92,557.14,45.73,122.15,1,-1,-1,-1
413,95,1873.90,588.70,47.10,186.10,1,-1,-1,-1
414,81,1112.38,816.45,127.11,264.73,1,-1,-1,-1
414,85,869.30,680.94,121.99,300.83,1,-1,-1,-1
414,86,1336.58,550.88,45.93,129.10,1,-1,-1,-1
414,87,1184.95,560.14,53.23,122.05,1,-1,-1,-1
414,88,1101.03,523.34,31.35,72.76,1,-1,-1,-1
414,89,1676.68,613.57,62.63,166.93,1,-1,-1,-1
414,90,1122.39,564.75,45.79,118.64,1,-1,-1,-1
414,94,1269.18,557.95,45.92,123.51,1,-1,-1,-1
414,95,1865.22,591.15,55.78,186.87,1,-1,-1,-1
415,81,1087.48,819.29,131.37,261.98,1,-1,-1,-1
415,85,837.98,682.59,123.68,301.51,1,-1,-1,-1
415,86,1322.61,550.48,45.28,130.57,1,-1,-1,-1
415,87,1168.16,558.15,52.65,125.86,1,-1,-1,-1
415,88,1088.20,524.33,30.12,72.65,1,-1,-1,-1
415,89,1663.89,613.76,62.33,168.94,1,-1,-1,-1
415,90,1107.23,564.72,45.10,118.96,1,-1,-1,-1
415,94,1255.11,557.55,45.91,122.45,1,-1,-1,-1
415,95,1849.28,590.93,64.61,190.95,1,-1,-1,-1
416,81,1063.52,824.99,130.62,256.60,1,-1,-1,-1
416,85,808.35,680.39,114.52,306.89,1,-1,-1,-1
416,86,1306.19,549.35,45.36,131.36,1,-1,-1,-1
416,87,1152.55,555.18,53.52,127.15,1,-1,-1,-1
416,88,1074.07,521.43,32.35,73.52,1,-1,-1,-1
416,89,1652.57,612.73,65.53,169.96,1,-1,-1,-1
416,90,1092.49,562.69,44.96,119.69,1,-1,-1,-1
416,94,1239.83,554.89,46.04,124.59,1,-1,-1,-1
416,95,1833.53,588.21,65.44,192.95,1,-1,-1,-1
417,81,1041.18,822.61,128.79,259.54,1,-1,-1,-1
417,85,775.59,678.39,116.54,308.16,1,-1,-1,-1
417,86,1290.25,548.83,43.78,131.81,1,-1,-1,-1
417,87,1138.02,552.86,52.88,127.81,1,-1,-1,-1
417,88,1061.08,520.50,30.14,72.95,1,-1,-1,-1
417,89,1640.69,615.31,67.33,167.82,1,-1,-1,-1
417,90,1077.09,561.72,45.27,116.90,1,-1,-1,-1
417,94,1225.22,555.41,45.66,124.67,1,-1,-1,-1
417,95,1817.68,584.86,65.62,196.20,1,-1,-1,-1
418,81,1016.92,817.92,130.90,262.45,1,-1,-1,-1
418,85,749.67,679.50,119.38,310.29,1,-1,-1,-1
418,86,1277.79,548.07,44.77,130.61,1,-1,-1,-1
418,87,1122.92,553.52,52.54,126.61,1,-1,-1,-1
418,88,1043.35,521.86,30.04,68.08,1,-1,-1,-1
418,89,1628.32,613.32,70.60,171.87,1,-1,-1,-1
418,90,1060.55,561.06,44.45,118.30,1,-1,-1,-1
418,94,1212.76,555.59,44.50,124.83,1,-1,-1,-1
418,95,1801.76,587.79,65.75,192.70,1,-1,-1,-1
418,96,977.90,511.00,24.90,69.60,1,-1,-1,-1
419,81,995.57,827.13,129.57,253.25,1,-1,-1,-1
419,85,721.66,681.32,124.08,312.82,1,-1,-1,-1
419,86,1265.21,544.73,46.12,132.21,1,-1,-1,-1
419,87,1108.18,552.15,51.53,126.04,1,-1,-1,-1
419,88,1027.19,519.03,29.31,66.28,1,-1,-1,-1
419,89,1615.14,609.13,73.54,175.25,1,-1,-1,-1
419,90,1043.43,558.09,46.24,121.03,1,-1,-1,-1
419,94,1197.77,553.99,44.50,125.58,1,-1,-1,-1
419,95,1786.21,584.95,66.90,196.97,1,-1,-1,-1
419,96,973.00,510.02,25.32,68.83,1,-1,-1,-1
420,81,966.18,831.30,132.81,251.67,1,-1,-1,-1
420,85,690.85,684.35,128.09,314.83,1,-1,-1,-1
420,86,1249.76,543.13,48.14,132.83,1,-1,-1,-1
420,87,1092.58,551.81,51.93,124.96,1,-1,-1,-1
420,88,1008.96,514.08,27.76,68.67,1,-1,-1,-1
420,89,1599.68,606.81,77.01,177.59,1,-1,-1,-1
420,90,1029.00,556.76,44.95,122.83,1,-1,-1,-1
420,94,1183.07,552.41,44.57,127.90,1,-1,-1,-1
420,95,1771.51,585.45,64.94,194.40,1,-1,-1,-1
420,96,954.54,507.04,26.01,68.04,1,-1,-1,-1
421,81,936.97,831.46,128.11,249.87,1,-1,-1,-1
421,85,658.15,689.57,133.98,314.53,1,-1,-1,-1
421,86,1234.05,542.59,47.76,133.09,1,-1,-1,-1
421,87,1075.39,554.00,52.61,123.94,1,-1,-1,-1
421,88,989.82,516.34,26.04,63.23,1,-1,-1,-1
421,89,1587.19,607.43,76.79,177.39,1,-1,-1,-1
421,90,1011.36,557.87,46.11,122.53,1,-1,-1,-1
421,94,1167.93,553.97,44.66,126.50,1,-1,-1,-1
421,95,1753.91,586.16,66.38,196.85,1,-1,-1,-1
421,96,930.92,505.36,26.70,70.60,1,-1,-1,-1
422,81,909.25,837.72,125.23,243.66,1,-1,-1,-1
422,85,627.10,690.76,137.28,316.96,1,-1,-1,-1
422,86,1215.32,543.03,49.61,131.91,1,-1,-1,-1
422,87,1056.58,552.39,54.07,124.96,1,-1,-1,-1
422,88,973.60,514.51,25.31,61.88,1,-1,-1,-1
422,89,1571.90,608.84,77.57,176.77,1,-1,-1,-1
422,90,994.15,557.38,46.24,119.43,1,-1,-1,-1
422,94,1150.70,552.09,44.41,129.37,1,-1,-1,-1
422,95,1737.38,586.17,66.46,196.68,1,-1,-1,-1
422,96,912.92,505.70,26.98,72.98,1,-1,-1,-1
423,81,883.72,841.44,121.85,240.89,1,-1,-1,-1
423,85,593.93,692.04,141.98,319.09,1,-1,-1,-1
423,86,1198.29,541.75,47.85,132.67,1,-1,-1,-1
423,87,1038.11,550.13,54.23,126.74,1,-1,-1,-1
423,88,950.45,513.05,24.53,59.02,1,-1,-1,-1
423,89,1555.16,610.78,76.33,179.17,1,-1,-1,-1
423,90,975.24,555.76,45.58,120.32,1,-1,-1,-1
423,94,1135.07,550.92,43.84,129.32,1,-1,-1,-1
423,95,1718.53,584.08,65.58,199.07,1,-1,-1,-1
423,96,897.39,506.75,27.27,70.12,1,-1,-1,-1
424,81,857.36,841.26,118.25,240.34,1,-1,-1,-1
424,85,559.18,693.49,146.41,323.09,1,-1,-1,-1
424,86,1180.08,543.12,46.91,129.68,1,-1,-1,-1
424,87,1017.75,550.39,54.63,127.06,1,-1,-1,-1
424,88,926.66,511.86,25.07,62.58,1,-1,-1,-1
424,89,1537.61,611.30,72.18,178.07,1,-1,-1,-1
424,90,955.49,553.57,44.40,120.45,1,-1,-1,-1
424,94,1114.29,551.16,42.13,128.61,1,-1,-1,-1
424,95,1696.41,582.28,66.50,203.43,1,-1,-1,-1
424,96,879.05,505.82,27.01,70.04,1,-1,-1,-1
424,97,1478.50,626.10,84.50,200.90,1,-1,-1,-1
425,81,768.50,814.00,118.14,267.12,1,-1,-1,-1
425,85,525.22,698.37,152.56,324.50,1,-1,-1,-1
425,86,1161.66,543.27,46.69,128.08,1,-1,-1,-1
425,87,996.74,550.52,55.17,127.79,1,-1,-1,-1
425,88,910.73,511.03,25.02,65.46,1,-1,-1,-1
425,89,1517.32,609.00,73.52,174.66,1,-1,-1,-1
425,90,936.92,552.91,42.93,119.01,1,-1,-1,-1
425,94,1092.61,550.07,43.51,130.98,1,-1,-1,-1
425,95,1674.51,583.16,67.34,200.82,1,-1,-1,-1
425,96,859.14,504.71,27.77,69.52,1,-1,-1,-1
425,97,1464.71,622.11,87.23,204.19,1,-1,-1,-1
426,81,686.38,806.89,124.06,268.37,1,-1,-1,-1
426,85,495.96,703.35,149.09,325.20,1,-1,-1,-1
426,86,1144.01,541.82,45.86,129.71,1,-1,-1,-1
426,87,976.16,550.35,57.78,126.40,1,-1,-1,-1
426,88,886.56,509.90,25.01,64.44,1,-1,-1,-1
426,89,1501.27,607.66,72.95,174.76,1,-1,-1,-1
426,90,916.01,549.73,42.14,121.87,1,-1,-1,-1
426,94,1075.18,550.15,42.80,131.41,1,-1,-1,-1
426,95,1655.96,582.80,66.47,198.78,1,-1,-1,-1
426,96,843.81,506.02,26.67,66.50,1,-1,-1,-1
426,97,1444.54,622.99,87.21,205.32,1,-1,-1,-1
427,81,647.03,811.74,124.06,268.37,1,-1,-1,-1
427,85,460.59,708.91,153.79,326.67,1,-1,-1,-1
427,86,1124.22,542.47,46.38,130.05,1,-1,-1,-1
427,87,956.77,548.53,59.19,128.92,1,-1,-1,-1
427,88,861.94,509.74,24.86,63.57,1,-1,-1,-1
427,89,1483.20,607.60,78.58,182.14,1,-1,-1,-1
427,90,895.67,550.17,42.67,120.98,1,-1,-1,-1
427,94,1058.52,550.44,40.42,132.87,1,-1,-1,-1
427,95,1635.32,583.09,68.73,199.35,1,-1,-1,-1
427,96,826.24,505.05,27.67,71.40,1,-1,-1,-1
427,97,1425.74,626.73,88.04,206.01,1,-1,-1,-1
428,81,631.42,827.03,120.31,255.16,1,-1,-1,-1
428,85,425.33,717.35,149.67,326.20,1,-1,-1,-1
428,86,1107.51,544.83,45.69,127.99,1,-1,-1,-1
428,87,936.59,549.67,59.48,128.28,1,-1,-1,-1
428,88,840.54,509.54,25.38,71.01,1,-1,-1,-1
428,89,1464.92,609.79,80.35,190.16,1,-1,-1,-1
428,90,874.08,551.92,44.23,124.00,1,-1,-1,-1
428,94,1040.15,553.07,40.90,133.87,1,-1,-1,-1
428,95,1611.52,585.29,71.93,200.65,1,-1,-1,-1
428,96,803.13,505.49,27.41,66.08,1,-1,-1,-1
428,97,1405.42,629.36,89.06,205.16,1,-1,-1,-1
429,81,600.40,831.88,120.31,255.16,1,-1,-1,-1
429,85,387.11,718.34,138.42,330.47,1,-1,-1,-1
429,86,1090.17,548.54,45.00,125.41,1,-1,-1,-1
429,87,915.54,550.93,58.02,127.10,1,-1,-1,-1
429,88,816.89,507.48,29.38,76.60,1,-1,-1,-1
429,89,1447.90,614.00,80.24,188.86,1,-1,-1,-1
429,90,852.56,557.41,43.09,119.10,1,-1,-1,-1
429,94,1015.94,557.42,40.34,132.35,1,-1,-1,-1
429,95,1588.90,589.11,72.68,200.82,1,-1,-1,-1
429,96,782.59,505.58,26.35,63.50,1,-1,-1,-1
429,97,1386.72,634.84,87.62,201.55,1,-1,-1,-1
429,98,1057.00,553.20,40.00,135.90,1,-1,-1,-1
430,81,569.37,836.73,120.31,255.16,1,-1,-1,-1
430,85,349.33,722.82,129.59,332.52,1,-1,-1,-1
430,86,1069.93,550.86,45.49,125.82,1,-1,-1,-1
430,87,893.47,555.25,57.80,125.00,1,-1,-1,-1
430,88,798.06,510.22,26.04,64.49,1,-1,-1,-1
430,89,1430.91,615.52,84.27,187.70,1,-1,-1,-1
430,90,833.23,560.25,41.70,119.24,1,-1,-1,-1
430,94,982.28,562.21,35.34,122.52,1,-1,-1,-1
430,95,1563.28,589.01,75.42,205.08,1,-1,-1,-1
430,96,764.31,507.82,27.79,62.38,1,-1,-1,-1
430,97,1369.71,637.06,89.01,204.94,1,-1,-1,-1
430,98,1036.21,556.00,42.52,135.41,1,-1,-1,-1
430,99,823.90,517.20,27.10,63.30,1,-1,-1,-1
431,81,538.35,841.58,120.31,255.16,1,-1,-1,-1
431,85,311.68,728.35,118.82,335.10,1,-1,-1,-1
431,86,1049.86,553.50,46.97,125.88,1,-1,-1,-1
431,87,869.75,558.45,61.02,121.78,1,-1,-1,-1
431,88,771.47,508.06,27.41,70.24,1,-1,-1,-1
431,89,1418.23,619.11,80.65,186.72,1,-1,-1,-1
431,90,811.48,563.43,43.73,117.25,1,-1,-1,-1
431,94,944.53,560.91,35.34,122.52,1,-1,-1,-1
431,95,1540.01,592.56,77.37,204.74,1,-1,-1,-1
431,96,747.31,508.01,28.57,63.44,1,-1,-1,-1
431,97,1352.96,644.55,86.20,203.16,1,-1,-1,-1
431,98,1009.77,560.52,37.54,136.45,1,-1,-1,-1
431,99,820.40,523.01,27.66,62.18,1,-1,-1,-1
431,100,978.90,562.70,38.80,139.90,1,-1,-1,-1
431,101,795.20,515.80,28.30,62.40,1,-1,-1,-1
432,85,264.34,729.63,112.50,340.42,1,-1,-1,-1
432,86,1027.04,553.86,49.09,130.16,1,-1,-1,-1
432,87,847.25,557.38,62.06,121.37,1,-1,-1,-1
432,88,744.07,511.16,27.41,70.24,1,-1,-1,-1
432,89,1402.78,621.87,85.03,188.25,1,-1,-1,-1
432,90,788.84,564.44,44.97,117.22,1,-1,-1,-1
432,94,906.78,559.61,35.34,122.52,1,-1,-1,-1
432,95,1516.54,595.11,82.01,205.62,1,-1,-1,-1
432,96,730.33,509.43,27.75,64.95,1,-1,-1,-1
432,97,1332.07,647.82,88.93,208.30,1,-1,-1,-1
432,98,988.77,565.07,37.54,136.45,1,-1,-1,-1
432,99,814.26,534.00,26.99,61.84,1,-1,-1,-1
432,100,964.34,561.93,41.46,143.61,1,-1,-1,-1
432,101,789.95,514.40,30.05,64.57,1,-1,-1,-1
433,85,215.72,729.09,104.45,349.93,1,-1,-1,-1
433,86,1005.18,555.66,48.19,129.91,1,-1,-1,-1
433,87,826.97,557.34,58.17,123.63,1,-1,-1,-1
433,88,725.16,512.12,27.12,66.50,1,-1,-1,-1
433,89,1384.41,627.59,87.88,185.06,1,-1,-1,-1
433,90,766.60,564.62,44.36,120.07,1,-1,-1,-1
433,94,869.03,558.31,35.34,122.52,1,-1,-1,-1
433,95,1493.36,596.31,79.41,206.80,1,-1,-1,-1
433,96,711.99,510.28,27.78,64.71,1,-1,-1,-1
433,97,1314.63,652.30,91.22,206.48,1,-1,-1,-1
433,98,978.78,566.74,37.86,134.04,1,-1,-1,-1
433,99,808.36,544.00,26.99,61.84,1,-1,-1,-1
433,100,938.41,565.73,42.33,145.28,1,-1,-1,-1
433,101,784.19,524.90,28.83,65.08,1,-1,-1,-1
434,85,160.91,729.66,103.86,351.52,1,-1,-1,-1
434,86,984.83,555.60,49.04,130.88,1,-1,-1,-1
434,87,804.77,558.82,58.19,124.52,1,-1,-1,-1
434,88,704.61,511.57,27.12,66.50,1,-1,-1,-1
434,89,1360.36,628.03,98.11,187.96,1,-1,-1,-1
434,90,743.49,565.34,45.09,118.27,1,-1,-1,-1
434,94,851.45,567.36,31.32,102.41,1,-1,-1,-1
434,95,1469.30,598.48,79.19,206.10,1,-1,-1,-1
434,96,691.83,509.94,27.87,63.02,1,-1,-1,-1
434,97,1297.47,655.96,90.79,204.53,1,-1,-1,-1
434,98,958.15,567.11,36.00,132.47,1,-1,-1,-1
434,99,802.46,554.00,26.99,61.84,1,-1,-1,-1
434,100,911.59,567.71,41.54,143.68,1,-1,-1,-1
434,101,779.64,540.61,28.83,65.08,1,-1,-1,-1
435,85,111.90,735.81,103.26,345.28,1,-1,-1,-1
435,86,964.33,557.54,49.78,133.41,1,-1,-1,-1
435,87,779.48,560.23,58.48,124.02,1,-1,-1,-1
435,88,693.96,511.15,27.74,63.84,1,-1,-1,-1
435,89,1339.94,627.24,101.81,191.28,1,-1,-1,-1
435,90,718.90,565.71,46.43,119.34,1,-1,-1,-1
435,94,821.20,566.47,31.32,102.41,1,-1,-1,-1
435,95,1448.13,600.88,78.08,206.94,1,-1,-1,-1
435,96,671.59,509.75,28.94,64.27,1,-1,-1,-1
435,97,1273.50,658.80,92.62,206.89,1,-1,-1,-1
435,98,918.22,566.30,38.31,139.84,1,-1,-1,-1
435,99,796.56,564.00,26.99,61.84,1,-1,-1,-1
435,100,889.76,564.58,40.95,146.15,1,-1,-1,-1
435,101,775.09,556.31,28.83,65.08,1,-1,-1,-1
436,85,62.06,738.81,109.87,343.89,1,-1,-1,-1
436,86,941.29,557.67,50.63,136.90,1,-1,-1,-1
436,87,759.37,560.48,54.29,122.39,1,-1,-1,-1
436,88,672.18,512.00,29.39,70.81,1,-1,-1,-1
436,89,1320.87,626.70,99.28,193.74,1,-1,-1,-1
436,90,695.11,566.72,46.76,119.87,1,-1,-1,-1
436,94,790.95,565.59,31.32,102.41,1,-1,-1,-1
436,95,1425.60,604.52,77.04,203.97,1,-1,-1,-1
436,96,653.28,510.87,28.14,66.25,1,-1,-1,-1
436,97,1250.64,655.89,88.82,214.39,1,-1,-1,-1
436,98,897.83,568.31,39.56,134.98,1,-1,-1,-1
436,100,865.87,565.50,41.83,142.12,1,-1,-1,-1
436,101,770.54,572.01,28.83,65.08,1,-1,-1,-1
437,85,13.02,737.58,115.42,343.83,1,-1,-1,-1
437,86,921.36,558.74,49.00,136.41,1,-1,-1,-1
437,87,741.84,560.54,49.40,122.61,1,-1,-1,-1
437,88,644.33,518.95,29.39,70.81,1,-1,-1,-1
437,89,1297.65,630.43,100.91,195.11,1,-1,-1,-1
437,90,672.20,565.95,49.80,121.78,1,-1,-1,-1
437,94,760.70,564.70,31.32,102.41,1,-1,-1,-1
437,95,1401.83,606.83,76.87,203.01,1,-1,-1,-1
437,96,634.69,510.42,26.99,68.66,1,-1,-1,-1
437,97,1225.79,650.21,92.66,222.24,1,-1,-1,-1
437,98,891.59,567.31,38.89,138.00,1,-1,-1,-1
437,100,846.39,566.14,40.41,145.05,1,-1,-1,-1
438,85,-8.55,741.72,96.16,339.33,1,-1,-1,-1
438,86,901.32,559.54,51.03,135.00,1,-1,-1,-1
438,87,717.38,560.89,47.23,122.32,1,-1,-1,-1
438,88,633.50,518.90,27.86,67.30,1,-1,-1,-1
438,89,1276.99,633.41,98.24,195.73,1,-1,-1,-1
438,90,650.66,566.18,48.75,123.05,1,-1,-1,-1
438,95,1378.42,606.80,80.32,204.61,1,-1,-1,-1
438,96,614.42,511.36,27.14,67.64,1,-1,-1,-1
438,97,1202.31,647.69,94.09,229.35,1,-1,-1,-1
438,98,868.94,570.37,40.65,138.84,1,-1,-1,-1
438,100,826.74,566.38,40.68,145.78,1,-1,-1,-1
439,85,-36.00,744.92,96.16,339.33,1,-1,-1,-1
439,86,879.91,558.52,50.80,136.47,1,-1,-1,-1
439,87,692.46,562.36,46.79,122.80,1,-1,-1,-1
439,88,629.71,516.27,28.31,63.73,1,-1,-1,-1
439,89,1257.33,630.91,98.28,199.63,1,-1,-1,-1
439,90,627.12,566.91,48.22,125.05,1,-1,-1,-1
439,95,1355.47,605.85,80.52,207.89,1,-1,-1,-1
439,96,593.44,513.26,27.04,68.24,1,-1,-1,-1
439,97,1177.12,655.87,95.08,227.78,1,-1,-1,-1
439,98,839.11,570.31,41.03,136.71,1,-1,-1,-1
439,100,801.20,566.69,41.81,144.96,1,-1,-1,-1
440,85,-63.45,748.12,96.16,339.33,1,-1,-1,-1
440,86,857.77,558.65,50.80,139.29,1,-1,-1,-1
440,87,671.65,563.69,45.89,124.06,1,-1,-1,-1
440,88,630.39,523.97,26.83,61.75,1,-1,-1,-1
440,89,1234.94,634.56,97.31,196.04,1,-1,-1,-1
440,90,602.77,568.16,49.89,125.29,1,-1,-1,-1
440,95,1331.63,607.72,79.59,208.11,1,-1,-1,-1
440,96,572.47,515.57,26.59,67.37,1,-1,-1,-1
440,97,1151.96,659.69,96.98,235.35,1,-1,-1,-1
440,98,820.59,571.09,36.67,136.91,1,-1,-1,-1
440,100,782.64,567.01,44.88,152.48,1,-1,-1,-1
441,85,-90.90,751.32,96.16,339.33,1,-1,-1,-1
441,86,836.59,559.42,53.11,140.00,1,-1,-1,-1
441,87,648.88,561.31,46.18,128.08,1,-1,-1,-1
441,88,627.84,536.32,26.83,61.75,1,-1,-1,-1
441,89,1216.27,630.54,91.56,204.48,1,-1,-1,-1
441,90,579.19,567.63,50.25,126.42,1,-1,-1,-1
441,95,1305.15,604.55,83.59,215.38,1,-1,-1,-1
441,96,550.27,511.80,28.21,69.91,1,-1,-1,-1
441,97,1128.75,665.99,97.76,234.55,1,-1,-1,-1
441,98,804.79,574.19,36.67,136.91,1,-1,-1,-1
441,100,762.87,569.25,48.05,150.04,1,-1,-1,-1
442,86,814.45,562.52,57.86,138.46,1,-1,-1,-1
442,87,621.19,559.34,48.43,134.18,1,-1,-1,-1
442,88,625.29,548.67,26.83,61.75,1,-1,-1,-1
442,89,1194.72,630.58,90.61,204.84,1,-1,-1,-1
442,90,555.26,566.76,49.30,125.85,1,-1,-1,-1
442,95,1279.24,602.94,84.58,217.35,1,-1,-1,-1
442,96,527.69,511.37,29.39,68.85,1,-1,-1,-1
442,97,1104.00,673.98,98.07,232.41,1,-1,-1,-1
442,98,788.99,577.29,36.67,136.91,1,-1,-1,-1
442,100,734.65,567.84,56.69,154.77,1,-1,-1,-1
443,86,794.06,562.25,60.55,140.38,1,-1,-1,-1
443,87,593.12,562.86,50.37,133.28,1,-1,-1,-1
443,88,622.74,561.02,26.83,61.75,1,-1,-1,-1
443,89,1172.55,630.16,88.29,208.94,1,-1,-1,-1
443,90,529.05,568.36,49.93,127.14,1,-1,-1,-1
443,95,1255.48,606.82,84.24,215.64,1,-1,-1,-1
443,96,504.23,512.55,29.96,69.59,1,-1,-1,-1
443,97,1079.80,674.46,98.37,236.88,1,-1,-1,-1
443,98,773.19,580.39,36.67,136.91,1,-1,-1,-1
443,100,708.87,570.85,64.54,155.42,1,-1,-1,-1
444,86,772.64,562.88,57.57,139.62,1,-1,-1,-1
444,87,568.45,566.49,49.48,129.52,1,-1,-1,-1
444,89,1149.13,628.98,90.40,213.04,1,-1,-1,-1
444,90,503.08,573.28,51.31,123.19,1,-1,-1,-1
444,95,1230.90,610.98,83.58,216.03,1,-1,-1,-1
444,96,482.65,512.39,29.22,69.95,1,-1,-1,-1
444,97,1057.27,675.71,102.80,237.18,1,-1,-1,-1
444,100,683.88,570.87,68.22,156.67,1,-1,-1,-1
445,86,744.24,565.01,58.64,155.15,1,-1,-1,-1
445,87,549.15,565.35,47.60,129.22,1,-1,-1,-1
445,89,1128.34,633.78,86.55,210.00,1,-1,-1,-1
445,90,476.43,574.78,53.05,122.92,1,-1,-1,-1
445,95,1203.87,611.38,82.47,219.30,1,-1,-1,-1
445,96,457.24,510.99,31.10,72.01,1,-1,-1,-1
445,97,1031.25,674.51,101.68,246.92,1,-1,-1,-1
445,100,655.74,569.08,72.76,158.79,1,-1,-1,-1
446,86,717.34,578.16,58.64,155.15,1,-1,-1,-1
446,87,524.21,564.93,46.76,125.78,1,-1,-1,-1
446,89,1106.41,638.13,83.78,207.97,1,-1,-1,-1
446,90,450.01,575.04,52.25,123.89,1,-1,-1,-1
446,95,1174.93,612.67,83.61,219.65,1,-1,-1,-1
446,96,431.50,511.73,31.52,73.54,1,-1,-1,-1
446,97,1000.50,675.51,100.08,251.95,1,-1,-1,-1
446,100,629.04,570.51,72.02,158.73,1,-1,-1,-1
447,86,690.44,591.31,58.64,155.15,1,-1,-1,-1
447,87,492.17,564.64,46.72,125.30,1,-1,-1,-1
447,89,1080.72,639.99,84.92,208.13,1,-1,-1,-1
447,90,425.50,576.24,52.42,121.31,1,-1,-1,-1
447,95,1147.15,611.56,83.32,220.10,1,-1,-1,-1
447,96,408.72,511.87,31.86,74.42,1,-1,-1,-1
447,97,972.65,671.13,102.62,264.44,1,-1,-1,-1
447,100,602.65,572.25,70.75,158.92,1,-1,-1,-1
448,86,674.85,574.46,59.52,145.59,1,-1,-1,-1
448,87,464.74,561.80,44.82,127.05,1,-1,-1,-1
448,89,1058.89,640.86,86.58,214.83,1,-1,-1,-1
448,90,399.70,575.88,54.02,122.07,1,-1,-1,-1
448,95,1118.71,610.98,82.05,222.97,1,-1,-1,-1
448,96,387.23,509.78,31.33,74.83,1,-1,-1,-1
448,97,944.46,673.28,101.55,260.84,1,-1,-1,-1
448,100,579.97,570.53,70.99,163.60,1,-1,-1,-1
449,86,654.81,564.98,63.22,142.94,1,-1,-1,-1
449,87,436.39,557.65,44.24,129.47,1,-1,-1,-1
449,89,1040.05,645.95,85.06,211.03,1,-1,-1,-1
449,90,370.88,573.95,55.41,124.19,1,-1,-1,-1
449,95,1097.23,618.43,69.62,212.84,1,-1,-1,-1
449,96,363.09,508.77,32.08,74.18,1,-1,-1,-1
449,97,912.73,670.23,104.81,270.54,1,-1,-1,-1
449,100,547.01,564.36,66.31,181.10,1,-1,-1,-1
450,86,632.86,561.09,61.39,144.24,1,-1,-1,-1
450,87,406.41,557.55,46.10,130.61,1,-1,-1,-1
450,89,1013.32,642.76,89.15,216.68,1,-1,-1,-1
450,90,340.27,569.21,56.45,127.56,1,-1,-1,-1
450,95,1071.33,619.58,69.62,212.84,1,-1,-1,-1
450,96,337.47,508.76,30.97,72.72,1,-1,-1,-1
450,97,881.65,671.52,107.53,279.54,1,-1,-1,-1
450,100,504.01,568.06,66.31,181.10,1,-1,-1,-1
451,86,606.88,557.80,61.40,145.68,1,-1,-1,-1
451,87,379.39,560.56,45.26,129.55,1,-1,-1,-1
451,89,988.22,648.54,87.29,211.44,1,-1,-1,-1
451,90,309.93,566.16,56.56,130.60,1,-1,-1,-1
451,95,1045.43,620.73,69.62,212.84,1,-1,-1,-1
451,96,311.55,509.38,32.18,72.08,1,-1,-1,-1
451,97,850.87,678.32,104.15,283.85,1,-1,-1,-1
451,100,461.01,571.76,66.31,181.10,1,-1,-1,-1
451,102,511.10,563.70,67.50,176.30,1,-1,-1,-1
452,86,580.31,555.04,63.36,150.94,1,-1,-1,-1
452,87,347.89,560.98,46.76,129.59,1,-1,-1,-1
452,89,961.38,652.55,89.61,211.97,1,-1,-1,-1
452,90,280.50,567.02,58.13,130.88,1,-1,-1,-1
452,95,1019.53,621.88,69.62,212.84,1,-1,-1,-1
452,96,285.43,509.91,32.75,71.74,1,-1,-1,-1
452,97,816.71,684.80,108.87,285.15,1,-1,-1,-1
452,100,418.01,575.46,66.31,181.10,1,-1,-1,-1
452,102,481.98,565.94,71.70,170.49,1,-1,-1,-1
452,103,1775.60,793.60,145.40,287.40,1,-1,-1,-1
453,86,556.05,558.39,62.34,149.79,1,-1,-1,-1
453,87,305.14,556.99,48.19,129.11,1,-1,-1,-1
453,89,935.76,650.80,89.67,216.47,1,-1,-1,-1
453,90,251.70,568.27,57.62,130.19,1,-1,-1,-1
453,96,258.35,509.94,32.86,72.34,1,-1,-1,-1
453,97,783.66,690.74,108.33,280.91,1,-1,-1,-1
453,102,444.23,567.94,68.20,165.39,1,-1,-1,-1
453,103,1752.85,792.06,161.57,288.94,1,-1,-1,-1
453,104,867.00,628.40,89.50,210.40,1,-1,-1,-1
454,86,526.21,556.02,66.51,153.37,1,-1,-1,-1
454,87,260.14,551.94,48.19,129.11,1,-1,-1,-1
454,89,907.76,650.32,88.99,217.54,1,-1,-1,-1
454,90,221.38,568.51,58.31,131.67,1,-1,-1,-1
454,96,230.26,507.57,33.59,73.01,1,-1,-1,-1
454,97,750.60,692.71,99.63,283.70,1,-1,-1,-1
454,102,419.97,567.60,62.53,167.78,1,-1,-1,-1
454,103,1718.32,785.53,172.79,295.14,1,-1,-1,-1
454,104,845.30,625.04,95.45,222.79,1,-1,-1,-1
454,105,463.70,570.30,56.00,150.20,1,-1,-1,-1
455,86,499.71,552.55,66.15,157.17,1,-1,-1,-1
455,87,215.14,546.89,48.19,129.11,1,-1,-1,-1
455,89,880.48,654.87,88.16,212.47,1,-1,-1,-1
455,90,189.27,569.48,69.85,172.57,1,-1,-1,-1
455,96,202.16,504.22,33.59,73.01,1,-1,-1,-1
455,97,716.95,694.76,92.82,287.13,1,-1,-1,-1
455,102,395.05,570.24,56.28,166.95,1,-1,-1,-1
455,103,1684.03,780.15,181.41,299.52,1,-1,-1,-1
455,104,810.75,634.91,100.73,224.41,1,-1,-1,-1
455,105,441.79,569.88,61.67,153.84,1,-1,-1,-1
455,106,266.50,566.60,48.00,132.50,1,-1,-1,-1
456,86,472.15,553.21,73.12,159.92,1,-1,-1,-1
456,87,170.14,541.84,48.19,129.11,1,-1,-1,-1
456,89,854.62,652.80,90.43,220.54,1,-1,-1,-1
456,90,164.37,599.78,69.85,172.57,1,-1,-1,-1
456,96,174.06,500.87,33.59,73.01,1,-1,-1,-1
456,97,678.69,695.89,93.79,298.03,1,-1,-1,-1
456,102,364.93,571.60,55.45,168.32,1,-1,-1,-1
456,103,1650.26,772.71,186.30,307.35,1,-1,-1,-1
456,104,778.66,636.63,99.59,227.13,1,-1,-1,-1
456,105,406.53,569.65,63.51,156.96,1,-1,-1,-1
456,106,263.14,567.58,31.34,122.07,1,-1,-1,-1
456,107,223.40,567.10,45.50,131.00,1,-1,-1,-1
457,86,441.73,555.84,83.32,162.22,1,-1,-1,-1
457,87,122.52,561.51,55.97,136.17,1,-1,-1,-1
457,89,826.13,653.86,91.67,224.71,1,-1,-1,-1
457,90,139.47,630.08,69.85,172.57,1,-1,-1,-1
457,96,145.96,497.52,33.59,73.01,1,-1,-1,-1
457,97,643.17,692.91,90.23,313.76,1,-1,-1,-1
457,102,335.60,573.72,53.88,168.44,1,-1,-1,-1
457,103,1618.32,768.09,180.56,311.23,1,-1,-1,-1
457,104,746.45,632.91,99.32,229.42,1,-1,-1,-1
457,105,375.00,569.96,63.36,157.06,1,-1,-1,-1
457,106,246.44,561.53,31.34,122.07,1,-1,-1,-1
457,107,202.47,569.13,44.52,129.67,1,-1,-1,-1
458,86,410.73,557.12,86.32,162.76,1,-1,-1,-1
458,87,88.81,570.13,57.11,137.59,1,-1,-1,-1
458,89,794.46,653.54,91.90,228.48,1,-1,-1,-1
458,90,114.57,660.38,69.85,172.57,1,-1,-1,-1
458,97,606.92,695.74,87.97,320.37,1,-1,-1,-1
458,102,305.81,574.20,55.99,172.47,1,-1,-1,-1
458,103,1581.86,765.81,179.47,314.36,1,-1,-1,-1
458,104,715.90,632.76,100.57,235.71,1,-1,-1,-1
458,105,343.65,572.27,63.18,156.39,1,-1,-1,-1
458,106,229.74,555.48,31.34,122.07,1,-1,-1,-1
458,107,163.21,570.04,45.84,133.26,1,-1,-1,-1
459,86,378.35,559.51,90.23,162.44,1,-1,-1,-1
459,87,57.21,574.26,59.34,134.73,1,-1,-1,-1
459,89,763.13,655.36,91.34,231.23,1,-1,-1,-1
459,97,563.78,702.12,92.82,325.71,1,-1,-1,-1
459,102,275.22,579.68,59.36,172.42,1,-1,-1,-1
459,103,1545.84,763.98,178.72,316.35,1,-1,-1,-1
459,104,684.38,638.03,98.35,234.58,1,-1,-1,-1
459,105,315.07,575.03,62.98,155.21,1,-1,-1,-1
459,106,213.04,549.43,31.34,122.07,1,-1,-1,-1
459,107,127.73,571.10,46.30,135.81,1,-1,-1,-1
460,86,347.25,562.79,90.84,157.44,1,-1,-1,-1
460,87,20.74,573.40,53.92,140.17,1,-1,-1,-1
460,89,732.00,664.34,93.69,225.96,1,-1,-1,-1
460,97,520.04,703.51,97.50,340.96,1,-1,-1,-1
460,102,243.20,580.01,63.52,177.17,1,-1,-1,-1
460,103,1511.93,767.90,178.71,312.67,1,-1,-1,-1
460,104,651.91,643.55,98.17,234.52,1,-1,-1,-1
460,105,283.60,576.76,63.49,155.83,1,-1,-1,-1
460,107,88.17,571.19,52.88,139.72,1,-1,-1,-1
461,86,315.88,565.04,90.39,159.65,1,-1,-1,-1
461,87,-5.15,578.55,40.19,142.29,1,-1,-1,-1
461,89,698.90,667.73,96.92,231.24,1,-1,-1,-1
461,97,474.87,719.92,101.91,335.88,1,-1,-1,-1
461,102,212.17,580.34,64.28,176.98,1,-1,-1,-1
461,103,1479.66,772.03,176.25,309.75,1,-1,-1,-1
461,104,622.17,650.20,96.58,232.48,1,-1,-1,-1
461,105,248.07,581.11,65.04,158.12,1,-1,-1,-1
461,107,50.79,574.22,53.94,140.41,1,-1,-1,-1
462,86,284.19,566.59,92.08,165.43,1,-1,-1,-1
462,87,-33.10,587.80,40.19,142.29,1,-1,-1,-1
462,89,661.68,673.06,104.47,235.41,1,-1,-1,-1
462,97,429.11,733.00,109.18,336.94,1,-1,-1,-1
462,102,180.98,583.05,62.26,178.11,1,-1,-1,-1
462,103,1444.43,780.10,176.36,301.53,1,-1,-1,-1
462,104,588.99,650.56,96.73,240.19,1,-1,-1,-1
462,105,214.36,584.24,68.51,160.28,1,-1,-1,-1
462,107,14.47,570.25,55.17,149.29,1,-1,-1,-1
463,86,252.68,570.00,88.03,167.30,1,-1,-1,-1
463,87,-61.05,597.05,40.19,142.29,1,-1,-1,-1
463,89,625.33,677.60,114.22,235.19,1,-1,-1,-1
463,97,384.46,745.49,117.80,335.51,1,-1,-1,-1
463,102,146.75,588.29,58.44,175.79,1,-1,-1,-1
463,103,1406.31,789.73,180.80,293.04,1,-1,-1,-1
463,104,554.59,652.92,95.80,244.68,1,-1,-1,-1
463,105,184.36,585.99,66.82,158.82,1,-1,-1,-1
463,107,5.10,564.24,42.45,151.47,1,-1,-1,-1
464,86,218.98,572.41,88.15,169.33,1,-1,-1,-1
464,87,-89.00,606.30,40.19,142.29,1,-1,-1,-1
464,89,589.65,675.98,121.35,244.37,1,-1,-1,-1
464,97,334.42,750.16,136.84,334.66,1,-1,-1,-1
464,102,110.52,587.82,64.43,177.41,1,-1,-1,-1
464,103,1373.71,800.52,181.36,282.30,1,-1,-1,-1
464,104,518.14,655.82,96.29,250.43,1,-1,-1,-1
464,105,150.54,587.81,61.42,160.28,1,-1,-1,-1
464,107,-1.95,559.29,42.45,151.47,1,-1,-1,-1
464,108,63.70,585.60,69.90,175.60,1,-1,-1,-1
465,86,187.27,571.32,88.04,172.25,1,-1,-1,-1
465,89,555.48,682.32,125.93,241.87,1,-1,-1,-1
465,97,285.31,750.28,146.47,331.96,1,-1,-1,-1
465,102,80.52,586.27,64.43,177.41,1,-1,-1,-1
465,103,1337.24,817.66,183.70,265.64,1,-1,-1,-1
465,104,480.72,655.14,96.23,252.09,1,-1,-1,-1
465,105,112.84,587.69,64.14,161.06,1,-1,-1,-1
465,107,-9.00,554.34,42.45,151.47,1,-1,-1,-1
465,108,59.29,583.50,74.80,182.88,1,-1,-1,-1
466,86,161.83,571.19,83.18,174.03,1,-1,-1,-1
466,89,517.38,687.83,132.98,243.29,1,-1,-1,-1
466,97,231.15,752.57,161.26,329.33,1,-1,-1,-1
466,102,35.53,587.09,64.76,179.78,1,-1,-1,-1
466,103,1301.06,836.18,177.26,248.39,1,-1,-1,-1
466,104,444.26,657.86,97.19,256.51,1,-1,-1,-1
466,105,73.26,583.06,70.27,168.02,1,-1,-1,-1
466,107,-16.05,549.39,42.45,151.47,1,-1,-1,-1
466,108,56.49,585.70,74.80,182.88,1,-1,-1,-1
467,86,135.14,568.61,80.54,176.88,1,-1,-1,-1
467,89,476.25,691.57,134.53,247.71,1,-1,-1,-1
467,97,174.73,752.00,169.90,329.66,1,-1,-1,-1
467,102,-0.23,589.73,56.81,180.98,1,-1,-1,-1
467,103,1271.26,854.36,169.73,230.34,1,-1,-1,-1
467,104,406.10,665.61,98.18,255.45,1,-1,-1,-1
467,105,43.75,584.51,61.19,167.52,1,-1,-1,-1
467,108,53.69,587.90,74.80,182.88,1,-1,-1,-1
468,86,103.02,568.30,79.11,175.98,1,-1,-1,-1
468,89,437.26,696.80,131.57,250.50,1,-1,-1,-1
468,97,118.19,754.14,178.51,326.82,1,-1,-1,-1
468,102,-32.88,592.08,56.81,180.98,1,-1,-1,-1
468,103,1243.40,868.28,165.79,216.59,1,-1,-1,-1
468,104,366.25,665.52,101.41,260.60,1,-1,-1,-1
468,105,17.75,586.76,55.11,160.22,1,-1,-1,-1
468,108,50.89,590.10,74.80,182.88,1,-1,-1,-1
469,86,70.24,567.96,76.65,173.41,1,-1,-1,-1
469,89,398.35,701.42,130.12,253.16,1,-1,-1,-1
469,97,58.70,759.64,186.06,321.98,1,-1,-1,-1
469,102,-65.53,594.43,56.81,180.98,1,-1,-1,-1
469,103,1204.97,868.47,177.56,215.48,1,-1,-1,-1
469,104,326.80,668.10,102.24,262.77,1,-1,-1,-1
469,105,-12.95,583.76,55.11,160.22,1,-1,-1,-1
470,86,38.79,567.15,74.52,173.82,1,-1,-1,-1
470,89,360.47,703.37,129.90,253.61,1,-1,-1,-1
470,97,3.05,768.17,180.56,313.87,1,-1,-1,-1
470,102,-98.18,596.78,56.81,180.98,1,-1,-1,-1
470,103,1170.35,871.00,174.30,210.24,1,-1,-1,-1
470,104,284.53,672.43,105.08,264.68,1,-1,-1,-1
470,105,-43.65,580.76,55.11,160.22,1,-1,-1,-1
471,86,6.09,570.55,72.05,170.52,1,-1,-1,-1
471,89,321.27,697.98,128.57,260.39,1,-1,-1,-1
471,97,-14.75,784.18,139.22,298.56,1,-1,-1,-1
471,103,1138.38,872.40,170.03,209.72,1,-1,-1,-1
471,104,245.17,667.08,106.84,273.72,1,-1,-1,-1
471,105,-74.35,577.76,55.11,160.22,1,-1,-1,-1
472,86,-29.11,571.80,72.05,170.52,1,-1,-1,-1
472,89,280.43,692.60,129.08,268.66,1,-1,-1,-1
472,97,-47.00,793.38,139.22,298.56,1,-1,-1,-1
472,103,1106.23,871.65,170.03,209.72,1,-1,-1,-1
472,104,204.38,665.96,112.41,281.41,1,-1,-1,-1
473,86,-64.31,573.05,72.05,170.52,1,-1,-1,-1
473,89,239.53,693.24,132.45,274.71,1,-1,-1,-1
473,97,-79.25,802.58,139.22,298.56,1,-1,-1,-1
473,103,1074.08,870.90,170.03,209.72,1,-1,-1,-1
473,104,162.00,674.78,118.84,281.12,1,-1,-1,-1
474,86,-99.51,574.30,72.05,170.52,1,-1,-1,-1
474,89,203.28,699.31,124.44,275.40,1,-1,-1,-1
474,97,-111.50,811.78,139.22,298.56,1,-1,-1,-1
474,103,1041.93,870.15,170.03,209.72,1,-1,-1,-1
474,104,120.37,676.73,113.00,284.96,1,-1,-1,-1
475,89,162.07,703.27,123.43,281.21,1,-1,-1,-1
475,104,74.60,681.25,111.04,282.61,1,-1,-1,-1
476,89,118.87,708.99,120.68,277.91,1,-1,-1,-1
476,104,28.35,685.02,107.72,279.38,1,-1,-1,-1
477,89,75.21,706.10,119.29,285.04,1,-1,-1,-1
477,104,-5.66,689.82,99.17,282.68,1,-1,-1,-1
478,89,20.51,708.09,127.42,299.78,1,-1,-1,-1
478,104,-37.56,699.47,99.17,282.68,1,-1,-1,-1
479,89,-9.27,710.94,105.50,301.82,1,-1,-1,-1
479,104,-69.46,709.12,99.17,282.68,1,-1,-1,-1
480,89,-11.59,730.40,66.37,217.95,1,-1,-1,-1
480,104,-101.36,718.77,99.17,282.68,1,-1,-1,-1
481,89,-35.04,704.35,66.37,217.95,1,-1,-1,-1
482,89,-58.49,678.30,66.37,217.95,1,-1,-1,-1
482,109,1831.10,668.80,89.60,236.70,1,-1,-1,-1
483,89,-81.94,652.25,66.37,217.95,1,-1,-1,-1
483,109,1801.91,663.62,100.38,240.69,1,-1,-1,-1
484,109,1753.76,661.61,101.37,240.56,1,-1,-1,-1
485,109,1707.20,661.08,101.18,241.71,1,-1,-1,-1
486,109,1666.59,662.08,98.25,231.69,1,-1,-1,-1
487,109,1627.06,661.12,94.09,233.66,1,-1,-1,-1
488,109,1585.53,664.10,93.75,237.82,1,-1,-1,-1
488,110,1494.80,654.80,101.40,241.90,1,-1,-1,-1
489,109,1547.30,663.42,85.52,240.68,1,-1,-1,-1
489,110,1455.60,657.11,108.96,243.79,1,-1,-1,-1
490,109,1504.06,671.39,87.89,232.43,1,-1,-1,-1
490,110,1398.28,667.53,112.28,240.58,1,-1,-1,-1
491,109,1466.15,683.43,75.44,208.89,1,-1,-1,-1
491,110,1353.44,671.25,108.02,242.48,1,-1,-1,-1
492,109,1420.99,688.46,76.60,194.20,1,-1,-1,-1
492,110,1308.48,670.24,109.69,246.06,1,-1,-1,-1
493,109,1382.43,694.19,72.89,195.95,1,-1,-1,-1
493,110,1274.85,676.54,105.22,249.31,1,-1,-1,-1
494,109,1342.43,701.79,72.89,195.95,1,-1,-1,-1
494,110,1244.33,678.19,96.94,252.73,1,-1,-1,-1
495,109,1302.43,709.39,72.89,195.95,1,-1,-1,-1
495,110,1203.54,675.82,93.90,265.10,1,-1,-1,-1
496,109,1262.43,716.99,72.89,195.95,1,-1,-1,-1
496,110,1163.11,681.30,87.25,266.08,1,-1,-1,-1
497,110,1120.81,681.59,84.28,266.79,1,-1,-1,-1
498,110,1071.16,676.21,85.69,273.17,1,-1,-1,-1
499,110,1023.90,677.72,83.88,267.38,1,-1,-1,-1
499,111,1095.10,703.20,84.20,251.00,1,-1,-1,-1
500,110,978.50,680.57,80.67,266.76,1,-1,-1,-1
500,111,1066.47,701.38,82.52,249.74,1,-1,-1,-1
501,110,929.20,686.73,88.32,267.28,1,-1,-1,-1
501,111,1008.57,697.89,87.97,263.01,1,-1,-1,-1
502,110,878.82,685.29,96.85,271.00,1,-1,-1,-1
502,111,959.71,695.46,88.48,273.64,1,-1,-1,-1
503,110,833.03,684.16,96.39,268.34,1,-1,-1,-1
503,111,909.78,689.78,93.67,288.17,1,-1,-1,-1
503,112,1865.50,652.70,55.50,177.80,1,-1,-1,-1
504,110,785.01,687.94,98.92,272.30,1,-1,-1,-1
504,111,856.90,695.23,99.01,297.01,1,-1,-1,-1
504,112,1841.07,650.53,73.14,175.35,1,-1,-1,-1
505,110,736.37,686.83,103.18,280.84,1,-1,-1,-1
505,111,804.26,698.95,106.56,306.73,1,-1,-1,-1
505,112,1802.41,646.95,79.62,181.06,1,-1,-1,-1
505,113,1854.40,559.70,39.20,100.90,1,-1,-1,-1
505,114,1889.80,547.00,31.20,87.30,1,-1,-1,-1
506,110,684.26,688.52,108.86,286.76,1,-1,-1,-1
506,111,752.50,698.90,107.57,309.58,1,-1,-1,-1
506,112,1763.33,652.08,79.54,178.01,1,-1,-1,-1
506,113,1863.29,556.69,34.65,87.39,1,-1,-1,-1
506,114,1889.80,547.00,31.20,87.30,1,-1,-1,-1
506,115,1842.50,656.00,78.50,185.70,1,-1,-1,-1
507,110,635.50,696.84,100.49,281.96,1,-1,-1,-1
507,111,699.76,702.25,112.84,311.83,1,-1,-1,-1
507,112,1727.44,653.06,78.67,176.60,1,-1,-1,-1
507,113,1872.74,542.74,34.65,87.39,1,-1,-1,-1
507,114,1889.80,547.00,31.20,87.30,1,-1,-1,-1
507,115,1817.93,653.83,84.52,187.31,1,-1,-1,-1
507,116,1836.00,544.80,34.00,82.80,1,-1,-1,-1
508,110,588.15,699.79,92.31,286.96,1,-1,-1,-1
508,111,652.14,716.03,111.27,316.08,1,-1,-1,-1
508,112,1695.96,657.67,76.52,176.32,1,-1,-1,-1
508,113,1882.19,528.79,34.65,87.39,1,-1,-1,-1
508,114,1889.80,547.00,31.20,87.30,1,-1,-1,-1
508,115,1776.89,658.54,86.96,190.66,1,-1,-1,-1
508,116,1836.00,544.80,34.00,82.80,1,-1,-1,-1
508,117,1805.40,553.10,37.30,81.60,1,-1,-1,-1
509,110,539.70,703.65,87.89,302.53,1,-1,-1,-1
509,111,599.88,730.02,114.09,312.94,1,-1,-1,-1
509,112,1662.29,662.31,77.14,177.15,1,-1,-1,-1
509,113,1891.64,514.84,34.65,87.39,1,-1,-1,-1
509,115,1738.42,662.38,88.18,192.79,1,-1,-1,-1
509,116,1836.00,544.80,34.00,82.80,1,-1,-1,-1
509,117,1805.40,553.10,37.30,81.60,1,-1,-1,-1
509,118,1775.60,550.90,35.10,82.00,1,-1,-1,-1
510,110,485.34,710.76,85.73,306.71,1,-1,-1,-1
510,111,551.61,733.32,112.98,315.22,1,-1,-1,-1
510,112,1626.92,664.87,78.23,178.72,1,-1,-1,-1
510,115,1704.39,661.85,87.28,195.18,1,-1,-1,-1
510,116,1836.00,544.80,34.00,82.80,1,-1,-1,-1
510,117,1805.40,553.10,37.30,81.60,1,-1,-1,-1
510,118,1775.60,550.90,35.10,82.00,1,-1,-1,-1
510,119,1745.80,553.10,36.60,85.40,1,-1,-1,-1
511,110,426.08,706.36,90.54,323.71,1,-1,-1,-1
511,111,502.24,737.37,114.53,332.71,1,-1,-1,-1
511,112,1592.60,668.15,79.61,181.16,1,-1,-1,-1
511,115,1671.03,663.25,82.32,195.40,1,-1,-1,-1
511,117,1805.40,553.10,37.30,81.60,1,-1,-1,-1
511,118,1775.60,550.90,35.10,82.00,1,-1,-1,-1
511,119,1745.80,553.10,36.60,85.40,1,-1,-1,-1
511,120,1715.50,551.90,37.20,86.40,1,-1,-1,-1
512,110,358.24,725.78,109.83,311.52,1,-1,-1,-1
512,111,445.41,751.28,116.40,330.67,1,-1,-1,-1
512,112,1558.29,670.81,82.47,183.43,1,-1,-1,-1
512,115,1636.33,667.48,80.49,194.91,1,-1,-1,-1
512,118,1775.60,550.90,35.10,82.00,1,-1,-1,-1
512,119,1745.80,553.10,36.60,85.40,1,-1,-1,-1
512,120,1715.50,551.90,37.20,86.40,1,-1,-1,-1
512,121,1686.10,554.30,38.60,85.30,1,-1,-1,-1
513,110,285.58,735.55,133.47,320.68,1,-1,-1,-1
513,111,387.85,747.56,112.90,336.15,1,-1,-1,-1
513,112,1523.86,672.16,84.31,185.51,1,-1,-1,-1
513,115,1605.23,669.95,78.68,197.49,1,-1,-1,-1
513,119,1745.80,553.10,36.60,85.40,1,-1,-1,-1
513,120,1715.50,551.90,37.20,86.40,1,-1,-1,-1
513,121,1686.10,554.30,38.60,85.30,1,-1,-1,-1
513,122,1655.60,555.90,41.20,86.20,1,-1,-1,-1
514,110,225.16,741.42,135.59,328.53,1,-1,-1,-1
514,111,324.19,751.05,117.10,329.82,1,-1,-1,-1
514,112,1489.06,673.31,85.35,189.14,1,-1,-1,-1
514,115,1570.67,669.48,80.79,202.89,1,-1,-1,-1
514,120,1715.50,551.90,37.20,86.40,1,-1,-1,-1
514,121,1686.10,554.30,38.60,85.30,1,-1,-1,-1
514,122,1635.30,557.58,42.11,87.11,1,-1,-1,-1
514,123,1591.00,582.00,36.90,101.50,1,-1,-1,-1
515,110,160.40,745.07,141.76,332.71,1,-1,-1,-1
515,111,259.59,754.90,124.80,327.77,1,-1,-1,-1
515,112,1454.61,672.96,84.69,190.16,1,-1,-1,-1
515,115,1536.58,671.17,82.20,204.86,1,-1,-1,-1
515,121,1686.10,554.30,38.60,85.30,1,-1,-1,-1
515,122,1600.96,558.58,41.19,88.99,1,-1,-1,-1
515,123,1571.82,577.24,38.72,106.82,1,-1,-1,-1
516,110,108.19,748.03,132.97,332.84,1,-1,-1,-1
516,111,199.26,757.38,130.82,324.15,1,-1,-1,-1
516,112,1419.57,671.37,85.96,188.02,1,-1,-1,-1
516,115,1504.00,671.81,82.20,207.41,1,-1,-1,-1
516,122,1572.18,556.87,38.96,87.88,1,-1,-1,-1
516,123,1539.06,574.91,41.30,106.18,1,-1,-1,-1
517,110,65.87,761.13,112.13,321.54,1,-1,-1,-1
517,111,137.55,765.60,136.41,316.21,1,-1,-1,-1
517,112,1384.97,670.90,84.52,191.72,1,-1,-1,-1
517,115,1470.66,673.48,82.20,208.52,1,-1,-1,-1
517,122,1545.68,554.17,36.82,86.56,1,-1,-1,-1
517,123,1509.60,573.58,44.24,108.15,1,-1,-1,-1
517,124,1831.40,723.90,89.60,286.90,1,-1,-1,-1
518,110,11.08,771.80,107.14,312.13,1,-1,-1,-1
518,111,73.34,771.41,139.69,311.30,1,-1,-1,-1
518,112,1350.02,673.61,84.44,192.47,1,-1,-1,-1
518,115,1436.69,676.96,84.93,206.48,1,-1,-1,-1
518,122,1518.27,554.48,37.02,85.05,1,-1,-1,-1
518,123,1484.35,573.82,43.58,107.07,1,-1,-1,-1
518,124,1802.49,723.06,116.20,287.11,1,-1,-1,-1
519,110,-47.12,776.10,107.14,312.13,1,-1,-1,-1
519,111,12.59,772.43,133.26,309.62,1,-1,-1,-1
519,112,1316.50,675.01,85.53,193.12,1,-1,-1,-1
519,115,1405.32,678.38,84.49,209.22,1,-1,-1,-1
519,122,1491.97,556.25,36.72,80.74,1,-1,-1,-1
519,123,1456.58,571.83,46.18,108.84,1,-1,-1,-1
519,124,1763.19,726.97,125.02,283.11,1,-1,-1,-1
520,110,-105.32,780.40,107.14,312.13,1,-1,-1,-1
520,111,-50.41,772.58,133.26,309.62,1,-1,-1,-1
520,112,1282.25,674.38,87.75,195.84,1,-1,-1,-1
520,115,1373.64,676.73,85.41,217.05,1,-1,-1,-1
520,122,1466.96,553.37,35.17,81.90,1,-1,-1,-1
520,123,1428.31,570.81,47.39,108.04,1,-1,-1,-1
520,124,1724.56,730.00,129.77,281.91,1,-1,-1,-1
521,110,-163.52,784.70,107.14,312.13,1,-1,-1,-1
521,111,-113.41,772.73,133.26,309.62,1,-1,-1,-1
521,112,1249.92,676.80,88.41,194.55,1,-1,-1,-1
521,115,1340.41,679.15,85.05,217.36,1,-1,-1,-1
521,122,1440.48,553.35,35.26,80.99,1,-1,-1,-1
521,123,1402.58,570.41,46.84,108.15,1,-1,-1,-1
521,124,1691.40,731.96,130.21,277.77,1,-1,-1,-1
522,111,-176.41,772.88,133.26,309.62,1,-1,-1,-1
522,112,1218.72,677.59,86.93,193.61,1,-1,-1,-1
522,115,1306.55,679.24,85.30,217.81,1,-1,-1,-1
522,122,1417.15,550.13,33.40,81.98,1,-1,-1,-1
522,123,1378.70,568.90,47.37,109.66,1,-1,-1,-1
522,124,1659.76,731.71,129.36,278.35,1,-1,-1,-1
523,112,1185.90,678.70,86.70,193.81,1,-1,-1,-1
523,115,1274.21,678.54,85.65,217.24,1,-1,-1,-1
523,122,1392.63,547.52,34.17,83.39,1,-1,-1,-1
523,123,1354.72,566.48,46.83,111.51,1,-1,-1,-1
523,124,1632.67,732.45,125.75,274.89,1,-1,-1,-1
524,112,1152.63,682.55,87.12,194.43,1,-1,-1,-1
524,115,1243.30,675.92,86.17,223.30,1,-1,-1,-1
524,122,1366.57,549.08,33.70,80.67,1,-1,-1,-1
524,123,1328.80,566.93,48.56,110.17,1,-1,-1,-1
524,124,1604.12,728.37,125.15,278.89,1,-1,-1,-1
525,112,1117.25,682.02,90.89,199.87,1,-1,-1,-1
525,115,1210.40,678.06,87.31,223.09,1,-1,-1,-1
525,122,1341.96,546.31,32.65,83.14,1,-1,-1,-1
525,123,1303.81,567.73,48.87,109.98,1,-1,-1,-1
525,124,1572.85,721.72,124.14,289.89,1,-1,-1,-1
526,112,1084.28,681.55,90.20,202.76,1,-1,-1,-1
526,115,1177.80,680.78,86.53,224.29,1,-1,-1,-1
526,122,1316.31,547.79,33.53,81.08,1,-1,-1,-1
526,123,1278.42,568.84,50.85,108.45,1,-1,-1,-1
526,124,1542.25,719.05,121.80,293.33,1,-1,-1,-1
527,112,1053.01,681.78,85.86,206.50,1,-1,-1,-1
527,115,1142.56,681.10,87.14,229.34,1,-1,-1,-1
527,122,1294.80,548.47,32.11,81.58,1,-1,-1,-1
527,123,1255.67,569.54,50.82,108.70,1,-1,-1,-1
527,124,1512.22,718.97,119.21,288.34,1,-1,-1,-1
528,112,1020.58,686.98,85.54,210.84,1,-1,-1,-1
528,115,1106.84,685.93,86.62,228.61,1,-1,-1,-1
528,122,1274.50,550.94,32.59,81.32,1,-1,-1,-1
528,123,1232.42,570.84,49.89,110.38,1,-1,-1,-1
528,124,1481.49,724.32,117.17,283.55,1,-1,-1,-1
529,112,984.46,690.83,89.64,216.34,1,-1,-1,-1
529,115,1066.66,685.18,99.28,238.82,1,-1,-1,-1
529,122,1251.72,560.36,32.18,78.29,1,-1,-1,-1
529,123,1207.96,574.72,48.01,107.24,1,-1,-1,-1
529,124,1449.63,727.31,119.08,285.06,1,-1,-1,-1
530,112,950.70,693.27,91.99,217.92,1,-1,-1,-1
530,115,1029.94,690.42,104.26,237.41,1,-1,-1,-1
530,122,1227.31,559.60,31.98,78.58,1,-1,-1,-1
530,123,1184.35,574.78,46.81,107.91,1,-1,-1,-1
530,124,1411.44,727.36,125.04,291.88,1,-1,-1,-1
531,112,916.70,692.99,95.15,223.79,1,-1,-1,-1
531,115,995.08,697.23,107.09,240.13,1,-1,-1,-1
531,122,1205.05,552.03,30.66,81.88,1,-1,-1,-1
531,123,1162.68,575.01,45.12,106.64,1,-1,-1,-1
531,124,1371.70,729.84,132.22,291.68,1,-1,-1,-1
532,112,883.26,697.71,94.27,224.71,1,-1,-1,-1
532,115,965.75,706.00,104.65,238.92,1,-1,-1,-1
532,122,1183.78,554.96,31.39,83.93,1,-1,-1,-1
532,123,1140.92,574.27,44.83,109.27,1,-1,-1,-1
532,124,1340.94,734.77,133.75,289.24,1,-1,-1,-1
533,112,851.68,703.67,94.36,222.60,1,-1,-1,-1
533,115,933.70,709.56,108.25,238.42,1,-1,-1,-1
533,122,1160.28,558.06,31.61,80.48,1,-1,-1,-1
533,123,1119.83,574.28,45.02,110.76,1,-1,-1,-1
533,124,1312.85,737.03,134.76,293.06,1,-1,-1,-1
534,112,819.01,705.28,96.14,223.51,1,-1,-1,-1
534,115,905.31,706.03,102.55,246.31,1,-1,-1,-1
534,122,1136.51,552.99,30.76,85.46,1,-1,-1,-1
534,123,1098.21,576.46,44.45,110.37,1,-1,-1,-1
534,124,1285.60,737.28,133.95,294.49,1,-1,-1,-1
535,112,785.44,708.75,95.20,226.44,1,-1,-1,-1
535,115,870.58,706.90,103.98,254.77,1,-1,-1,-1
535,122,1121.11,554.70,30.72,84.09,1,-1,-1,-1
535,123,1075.14,574.79,46.16,113.75,1,-1,-1,-1
535,124,1259.28,741.71,130.90,288.97,1,-1,-1,-1
536,112,748.13,709.47,98.98,229.56,1,-1,-1,-1
536,115,837.10,710.44,100.78,258.36,1,-1,-1,-1
536,122,1103.20,555.76,29.10,80.53,1,-1,-1,-1
536,123,1054.51,575.58,47.24,113.51,1,-1,-1,-1
536,124,1231.12,741.54,131.04,288.22,1,-1,-1,-1
537,112,716.20,710.55,100.95,232.25,1,-1,-1,-1
537,115,804.45,711.62,102.40,260.35,1,-1,-1,-1
537,122,1084.00,554.90,27.00,76.59,1,-1,-1,-1
537,123,1034.80,576.19,47.00,113.78,1,-1,-1,-1
537,124,1203.97,735.12,131.01,298.71,1,-1,-1,-1
538,112,683.72,715.07,99.52,234.80,1,-1,-1,-1
538,115,768.05,712.01,103.17,266.05,1,-1,-1,-1
538,122,1063.95,560.21,29.80,76.11,1,-1,-1,-1
538,123,1014.79,578.68,48.54,112.60,1,-1,-1,-1
538,124,1175.74,737.55,132.05,299.12,1,-1,-1,-1
539,112,646.93,718.68,96.91,235.57,1,-1,-1,-1
539,115,731.77,713.69,103.68,273.23,1,-1,-1,-1
539,122,1040.31,563.14,28.89,74.21,1,-1,-1,-1
539,123,994.08,581.92,49.35,111.20,1,-1,-1,-1
539,124,1147.97,737.62,132.16,301.77,1,-1,-1,-1
540,112,609.17,717.65,101.17,245.46,1,-1,-1,-1
540,115,700.42,718.14,102.43,275.52,1,-1,-1,-1
540,122,1023.49,560.91,27.78,73.29,1,-1,-1,-1
540,123,974.19,581.75,50.65,113.58,1,-1,-1,-1
540,124,1119.67,739.86,130.86,300.95,1,-1,-1,-1
541,112,571.62,724.81,104.41,248.01,1,-1,-1,-1
541,115,663.03,724.20,111.79,278.80,1,-1,-1,-1
541,122,1002.76,565.06,30.03,69.31,1,-1,-1,-1
541,123,954.86,583.52,51.73,113.52,1,-1,-1,-1
541,124,1091.96,741.94,129.49,308.89,1,-1,-1,-1
542,112,527.57,730.33,116.44,254.02,1,-1,-1,-1
542,115,627.08,739.28,111.94,274.95,1,-1,-1,-1
542,122,977.81,567.41,30.03,69.31,1,-1,-1,-1
542,123,932.77,584.67,53.39,114.56,1,-1,-1,-1
542,124,1062.46,749.10,131.11,311.21,1,-1,-1,-1
543,112,487.70,738.37,124.53,249.39,1,-1,-1,-1
543,115,588.35,744.96,114.71,285.06,1,-1,-1,-1
543,122,960.80,570.77,28.89,66.99,1,-1,-1,-1
543,123,912.87,584.80,55.43,115.85,1,-1,-1,-1
543,124,1036.82,760.13,130.82,299.72,1,-1,-1,-1
544,112,449.94,742.36,130.53,262.98,1,-1,-1,-1
544,115,549.68,752.25,118.41,290.62,1,-1,-1,-1
544,122,942.47,573.67,29.60,77.29,1,-1,-1,-1
544,123,894.34,586.92,55.41,116.65,1,-1,-1,-1
544,124,1013.44,761.23,132.07,311.26,1,-1,-1,-1
545,112,414.87,749.89,131.28,255.71,1,-1,-1,-1
545,115,513.24,752.79,117.91,294.39,1,-1,-1,-1
545,122,921.52,584.42,29.60,77.29,1,-1,-1,-1
545,123,873.28,587.73,55.82,115.22,1,-1,-1,-1
545,124,987.29,765.40,128.80,303.24,1,-1,-1,-1
546,112,385.85,749.76,123.10,261.02,1,-1,-1,-1
546,115,476.23,755.29,117.41,293.56,1,-1,-1,-1
546,122,900.57,595.17,29.60,77.29,1,-1,-1,-1
546,123,852.98,584.72,56.16,116.25,1,-1,-1,-1
546,124,956.81,760.09,132.09,307.76,1,-1,-1,-1
547,112,351.42,755.19,116.45,262.62,1,-1,-1,-1
547,115,440.49,756.73,115.51,309.27,1,-1,-1,-1
547,122,891.23,566.78,28.69,78.63,1,-1,-1,-1
547,123,834.49,584.03,56.61,116.57,1,-1,-1,-1
547,124,928.89,757.93,134.69,313.18,1,-1,-1,-1
548,112,307.18,758.36,114.88,270.10,1,-1,-1,-1
548,115,405.83,753.50,112.07,325.25,1,-1,-1,-1
548,122,878.17,551.10,32.20,85.54,1,-1,-1,-1
548,123,816.34,583.40,57.44,117.99,1,-1,-1,-1
548,124,897.97,754.90,137.08,316.90,1,-1,-1,-1
548,125,1585.80,541.70,25.30,71.00,1,-1,-1,-1
549,112,255.90,762.75,119.16,278.64,1,-1,-1,-1
549,115,361.13,757.06,118.25,324.24,1,-1,-1,-1
549,122,862.38,554.27,31.43,82.15,1,-1,-1,-1
549,123,797.09,584.91,57.83,117.16,1,-1,-1,-1
549,124,872.56,751.10,138.70,322.15,1,-1,-1,-1
549,125,1575.02,536.73,27.61,74.64,1,-1,-1,-1
550,112,205.52,760.97,123.18,295.76,1,-1,-1,-1
550,115,317.76,760.36,119.13,321.97,1,-1,-1,-1
550,122,842.44,548.70,32.53,85.62,1,-1,-1,-1
550,123,777.01,585.15,58.02,119.01,1,-1,-1,-1
550,124,847.37,755.01,138.56,308.12,1,-1,-1,-1
550,125,1559.89,533.82,27.25,76.43,1,-1,-1,-1
551,112,155.84,762.42,129.70,302.23,1,-1,-1,-1
551,115,273.74,765.50,124.99,316.32,1,-1,-1,-1
551,122,827.55,543.72,34.19,91.62,1,-1,-1,-1
551,123,759.74,585.89,57.03,118.93,1,-1,-1,-1
551,124,819.14,751.55,141.81,311.74,1,-1,-1,-1
551,125,1545.56,537.57,27.01,72.98,1,-1,-1,-1
552,112,101.26,766.02,144.61,310.05,1,-1,-1,-1
552,115,229.89,771.18,130.11,311.13,1,-1,-1,-1
552,122,812.76,541.95,35.18,95.25,1,-1,-1,-1
552,123,742.30,586.33,56.87,118.35,1,-1,-1,-1
552,124,794.17,744.77,143.13,330.82,1,-1,-1,-1
552,125,1531.74,538.43,24.48,72.01,1,-1,-1,-1
553,112,58.49,777.82,144.32,304.76,1,-1,-1,-1
553,115,187.16,776.36,135.77,305.79,1,-1,-1,-1
553,122,795.05,536.53,36.66,99.69,1,-1,-1,-1
553,123,723.32,584.88,57.52,121.53,1,-1,-1,-1
553,124,769.03,749.65,142.76,330.74,1,-1,-1,-1
553,125,1518.05,538.65,25.19,69.97,1,-1,-1,-1
554,112,11.71,780.20,149.98,303.39,1,-1,-1,-1
554,115,137.16,787.56,142.44,294.60,1,-1,-1,-1
554,122,779.58,534.28,36.41,99.42,1,-1,-1,-1
554,123,704.73,585.81,58.28,120.74,1,-1,-1,-1
554,124,745.71,754.29,141.53,327.77,1,-1,-1,-1
554,125,1505.59,537.35,25.20,69.50,1,-1,-1,-1
555,112,-3.89,794.71,122.41,287.02,1,-1,-1,-1
555,115,84.63,797.27,148.50,286.13,1,-1,-1,-1
555,122,764.87,533.76,35.07,99.27,1,-1,-1,-1
555,123,686.30,584.89,57.59,123.51,1,-1,-1,-1
555,124,722.52,761.30,138.99,320.65,1,-1,-1,-1
555,125,1492.59,536.96,25.06,69.22,1,-1,-1,-1
556,112,-24.19,806.11,122.41,287.02,1,-1,-1,-1
556,115,30.42,800.14,159.00,282.68,1,-1,-1,-1
556,122,750.50,534.11,35.37,96.70,1,-1,-1,-1
556,123,667.70,584.40,57.53,123.36,1,-1,-1,-1
556,124,695.09,765.78,139.77,316.84,1,-1,-1,-1
556,125,1479.87,534.75,26.42,71.31,1,-1,-1,-1
557,112,-44.49,817.51,122.41,287.02,1,-1,-1,-1
557,115,-4.02,808.64,136.81,273.10,1,-1,-1,-1
557,122,735.83,532.70,35.74,97.12,1,-1,-1,-1
557,123,650.27,583.47,56.67,125.14,1,-1,-1,-1
557,124,667.80,763.85,140.14,318.00,1,-1,-1,-1
557,125,1468.55,529.72,26.83,73.19,1,-1,-1,-1
558,112,-64.79,828.91,122.41,287.02,1,-1,-1,-1
558,115,-46.12,814.74,136.81,273.10,1,-1,-1,-1
558,122,720.33,532.88,36.41,93.05,1,-1,-1,-1
558,123,632.32,582.68,57.39,126.02,1,-1,-1,-1
558,124,640.00,761.99,143.19,318.77,1,-1,-1,-1
558,125,1457.17,527.84,26.88,76.14,1,-1,-1,-1
559,115,-88.22,820.84,136.81,273.10,1,-1,-1,-1
559,122,704.15,529.99,37.66,95.32,1,-1,-1,-1
559,123,614.71,582.11,57.12,126.36,1,-1,-1,-1
559,124,612.82,760.93,145.79,319.91,1,-1,-1,-1
559,125,1445.13,528.32,27.66,75.13,1,-1,-1,-1
560,115,-130.32,826.94,136.81,273.10,1,-1,-1,-1
560,122,689.49,531.99,38.18,92.37,1,-1,-1,-1
560,123,595.46,581.19,58.02,130.52,1,-1,-1,-1
560,124,585.86,758.40,148.74,322.35,1,-1,-1,-1
560,125,1433.69,525.04,26.92,75.18,1,-1,-1,-1
561,122,675.09,532.01,38.82,91.34,1,-1,-1,-1
561,123,578.35,580.90,58.28,131.28,1,-1,-1,-1
561,124,556.72,754.38,152.63,326.10,1,-1,-1,-1
561,125,1423.57,524.48,26.21,76.10,1,-1,-1,-1
562,122,659.97,532.42,40.35,93.13,1,-1,-1,-1
562,123,560.86,580.56,59.77,134.37,1,-1,-1,-1
562,124,527.23,754.31,154.92,325.89,1,-1,-1,-1
562,125,1412.03,527.48,27.25,74.98,1,-1,-1,-1
563,122,646.25,533.70,39.82,92.76,1,-1,-1,-1
563,123,543.63,583.28,61.40,134.74,1,-1,-1,-1
563,124,499.36,756.13,157.43,324.92,1,-1,-1,-1
563,125,1400.11,527.55,27.57,77.58,1,-1,-1,-1
564,122,631.56,530.92,41.70,94.96,1,-1,-1,-1
564,123,527.69,584.76,63.01,135.90,1,-1,-1,-1
564,124,472.74,757.70,158.11,323.50,1,-1,-1,-1
564,125,1390.62,526.88,27.59,78.79,1,-1,-1,-1
565,122,620.41,532.98,39.81,92.75,1,-1,-1,-1
565,123,510.01,584.68,65.03,137.02,1,-1,-1,-1
565,124,442.35,760.46,164.82,320.84,1,-1,-1,-1
565,125,1379.23,527.47,29.70,79.36,1,-1,-1,-1
566,122,608.06,534.93,40.01,93.76,1,-1,-1,-1
566,123,494.37,584.64,65.36,138.83,1,-1,-1,-1
566,124,414.72,767.27,168.24,314.30,1,-1,-1,-1
566,125,1368.95,528.26,30.05,81.84,1,-1,-1,-1
567,122,596.05,536.65,38.88,92.74,1,-1,-1,-1
567,123,477.82,586.40,67.14,139.30,1,-1,-1,-1
567,124,386.77,774.12,172.83,308.28,1,-1,-1,-1
567,125,1359.65,528.47,31.27,81.18,1,-1,-1,-1
568,122,581.10,538.58,38.48,91.80,1,-1,-1,-1
568,123,460.00,588.18,69.91,139.65,1,-1,-1,-1
568,124,356.81,780.16,179.81,302.13,1,-1,-1,-1
568,125,1350.85,526.47,32.90,81.05,1,-1,-1,-1
569,122,567.64,540.90,33.66,88.65,1,-1,-1,-1
569,123,443.81,588.99,69.83,139.96,1,-1,-1,-1
569,124,328.63,785.46,183.02,296.86,1,-1,-1,-1
569,125,1342.85,525.80,32.27,79.69,1,-1,-1,-1
570,122,553.39,540.95,33.66,88.65,1,-1,-1,-1
570,123,427.47,588.43,70.23,142.65,1,-1,-1,-1
570,124,303.57,792.24,180.91,289.89,1,-1,-1,-1
570,125,1334.50,525.60,31.94,79.14,1,-1,-1,-1
571,122,539.14,541.00,33.66,88.65,1,-1,-1,-1
571,123,411.09,590.77,69.51,143.17,1,-1,-1,-1
571,124,278.19,798.83,181.60,283.67,1,-1,-1,-1
571,125,1326.77,525.14,31.84,79.74,1,-1,-1,-1
571,126,1869.00,588.30,52.00,159.40,1,-1,-1,-1
572,122,531.90,536.25,34.81,94.43,1,-1,-1,-1
572,123,394.47,593.44,69.78,143.54,1,-1,-1,-1
572,124,246.37,796.40,191.12,285.93,1,-1,-1,-1
572,125,1318.83,525.52,33.14,77.82,1,-1,-1,-1
572,126,1870.12,588.65,50.88,162.69,1,-1,-1,-1
573,122,521.15,535.55,34.81,94.43,1,-1,-1,-1
573,123,377.97,593.60,69.72,147.22,1,-1,-1,-1
573,124,217.11,799.79,188.24,280.73,1,-1,-1,-1
573,125,1311.12,526.12,32.90,78.51,1,-1,-1,-1
573,126,1865.17,592.06,55.16,160.46,1,-1,-1,-1
574,122,511.94,533.28,39.35,98.75,1,-1,-1,-1
574,123,362.79,594.67,68.59,149.03,1,-1,-1,-1
574,124,187.76,799.66,190.94,282.46,1,-1,-1,-1
574,125,1303.99,526.42,32.06,81.65,1,-1,-1,-1
574,126,1857.16,582.51,61.70,172.11,1,-1,-1,-1
575,122,501.04,533.89,37.85,98.85,1,-1,-1,-1
575,123,346.56,596.93,69.02,147.96,1,-1,-1,-1
575,124,155.71,794.85,198.33,285.78,1,-1,-1,-1
575,125,1297.35,526.85,31.81,81.97,1,-1,-1,-1
575,126,1853.91,576.91,61.70,172.11,1,-1,-1,-1
576,122,487.60,536.26,38.51,98.05,1,-1,-1,-1
576,123,328.95,598.98,68.58,148.90,1,-1,-1,-1
576,124,124.43,801.15,201.88,279.14,1,-1,-1,-1
576,125,1291.10,526.18,32.22,82.76,1,-1,-1,-1
576,126,1850.66,571.31,61.70,172.11,1,-1,-1,-1
577,122,474.89,534.67,38.99,100.88,1,-1,-1,-1
577,123,312.19,599.44,69.72,151.07,1,-1,-1,-1
577,124,96.89,803.52,202.03,278.90,1,-1,-1,-1
577,125,1285.23,526.07,32.77,83.35,1,-1,-1,-1
577,126,1847.41,565.71,61.70,172.11,1,-1,-1,-1
578,122,464.43,532.12,39.84,102.16,1,-1,-1,-1
578,123,296.66,597.59,69.84,154.10,1,-1,-1,-1
578,124,65.85,807.54,202.29,273.51,1,-1,-1,-1
578,125,1278.06,527.93,32.72,82.54,1,-1,-1,-1
579,122,455.52,534.01,39.46,99.25,1,-1,-1,-1
579,123,279.62,597.46,71.63,157.46,1,-1,-1,-1
579,124,43.10,816.56,194.74,265.59,1,-1,-1,-1
579,125,1271.38,527.31,32.29,83.00,1,-1,-1,-1
580,122,443.39,532.57,40.75,99.21,1,-1,-1,-1
580,123,262.51,600.00,72.38,158.33,1,-1,-1,-1
580,124,26.33,824.73,186.59,257.97,1,-1,-1,-1
580,125,1265.71,526.29,31.81,84.61,1,-1,-1,-1
581,122,431.89,529.47,40.75,99.21,1,-1,-1,-1
581,123,245.24,599.77,74.63,162.16,1,-1,-1,-1
581,124,3.89,828.07,183.80,254.56,1,-1,-1,-1
581,125,1260.01,526.29,33.41,85.51,1,-1,-1,-1
582,122,420.39,526.37,40.75,99.21,1,-1,-1,-1
582,123,229.00,600.21,76.71,162.96,1,-1,-1,-1
582,124,-1.24,832.04,166.93,249.69,1,-1,-1,-1
582,125,1256.01,525.97,33.33,83.82,1,-1,-1,-1
583,122,408.89,523.27,40.75,99.21,1,-1,-1,-1
583,123,210.45,598.35,81.53,168.17,1,-1,-1,-1
583,124,6.21,841.03,132.68,241.02,1,-1,-1,-1
583,125,1251.81,526.54,32.26,81.01,1,-1,-1,-1
584,123,194.02,598.05,83.47,169.87,1,-1,-1,-1
584,124,-2.01,844.23,109.87,238.62,1,-1,-1,-1
584,125,1248.12,526.27,32.85,82.68,1,-1,-1,-1
585,123,177.78,601.20,85.10,170.03,1,-1,-1,-1
585,124,-4.27,860.33,83.78,221.18,1,-1,-1,-1
585,125,1245.80,528.00,32.95,81.92,1,-1,-1,-1
586,123,162.98,606.74,86.15,168.40,1,-1,-1,-1
586,124,-15.32,872.28,83.78,221.18,1,-1,-1,-1
586,125,1242.64,525.00,32.57,83.59,1,-1,-1,-1
587,123,147.30,608.73,89.34,172.25,1,-1,-1,-1
587,124,-26.37,884.23,83.78,221.18,1,-1,-1,-1
587,125,1239.12,521.68,31.82,84.86,1,-1,-1,-1
587,127,1776.70,593.00,55.30,157.40,1,-1,-1,-1
588,123,132.48,610.44,92.46,172.91,1,-1,-1,-1
588,124,-37.42,896.18,83.78,221.18,1,-1,-1,-1
588,125,1235.32,523.22,30.90,83.21,1,-1,-1,-1
588,127,1773.76,589.36,56.70,161.04,1,-1,-1,-1
588,128,378.30,532.40,33.80,95.00,1,-1,-1,-1
589,123,115.61,611.25,95.15,173.95,1,-1,-1,-1
589,125,1231.89,523.88,31.25,84.46,1,-1,-1,-1
589,127,1770.59,582.38,58.17,166.75,1,-1,-1,-1
589,128,368.78,532.54,39.26,101.93,1,-1,-1,-1
590,123,98.81,610.96,98.19,177.63,1,-1,-1,-1
590,125,1228.75,523.59,33.66,85.96,1,-1,-1,-1
590,127,1768.29,579.58,60.29,169.38,1,-1,-1,-1
590,128,359.02,535.11,40.34,102.47,1,-1,-1,-1
591,123,83.96,612.33,100.02,179.92,1,-1,-1,-1
591,125,1227.16,522.79,34.32,88.09,1,-1,-1,-1
591,127,1765.30,578.48,62.26,173.80,1,-1,-1,-1
591,128,350.74,533.58,40.52,102.84,1,-1,-1,-1
592,123,70.12,614.22,102.25,182.64,1,-1,-1,-1
592,125,1226.56,520.85,34.87,89.99,1,-1,-1,-1
592,127,1763.32,576.37,64.88,178.00,1,-1,-1,-1
592,128,341.97,532.23,41.42,104.14,1,-1,-1,-1
593,123,56.27,617.17,102.84,184.36,1,-1,-1,-1
593,125,1226.06,519.53,35.87,90.98,1,-1,-1,-1
593,127,1762.51,581.13,65.31,173.94,1,-1,-1,-1
593,128,333.59,534.49,43.50,102.43,1,-1,-1,-1
594,123,42.34,617.80,104.35,188.80,1,-1,-1,-1
594,125,1225.82,519.85,35.96,91.34,1,-1,-1,-1
594,127,1759.94,580.37,69.01,178.46,1,-1,-1,-1
594,128,328.99,536.86,42.73,101.64,1,-1,-1,-1
595,123,29.82,620.41,104.60,189.92,1,-1,-1,-1
595,125,1225.70,522.06,35.71,91.38,1,-1,-1,-1
595,127,1758.15,581.04,72.78,179.33,1,-1,-1,-1
595,128,324.98,536.29,43.48,103.29,1,-1,-1,-1
596,123,16.01,625.17,105.65,190.89,1,-1,-1,-1
596,125,1225.99,521.43,35.14,90.90,1,-1,-1,-1
596,127,1757.35,579.89,77.63,180.64,1,-1,-1,-1
596,128,318.34,536.26,44.82,105.12,1,-1,-1,-1
597,123,4.22,628.43,104.91,195.80,1,-1,-1,-1
597,125,1226.15,519.28,34.83,92.23,1,-1,-1,-1
597,127,1762.22,580.38,76.49,179.35,1,-1,-1,-1
597,128,313.66,536.38,45.37,105.04,1,-1,-1,-1
598,123,-1.80,636.35,98.53,198.04,1,-1,-1,-1
598,125,1226.51,519.44,35.09,93.12,1,-1,-1,-1
598,127,1767.15,582.11,75.80,176.03,1,-1,-1,-1
598,128,309.96,537.63,45.39,105.08,1,-1,-1,-1
599,123,-2.18,642.37,87.17,199.90,1,-1,-1,-1
599,125,1227.15,518.26,35.45,93.67,1,-1,-1,-1
599,127,1770.65,581.76,76.08,172.51,1,-1,-1,-1
599,128,306.31,539.88,45.40,104.67,1,-1,-1,-1
599,129,810.80,478.70,22.00,55.80,1,-1,-1,-1
600,123,-1.98,643.22,76.20,202.14,1,-1,-1,-1
600,125,1228.97,516.24,35.27,94.88,1,-1,-1,-1
600,127,1774.45,579.63,73.71,175.86,1,-1,-1,-1
600,128,302.98,540.82,45.40,105.39,1,-1,-1,-1
600,129,810.03,478.84,21.79,55.73,1,-1,-1,-1
601,123,-1.51,650.64,63.81,196.02,1,-1,-1,-1
601,125,1231.26,517.21,34.38,93.84,1,-1,-1,-1
601,127,1778.76,575.79,70.62,179.53,1,-1,-1,-1
601,128,298.78,541.85,45.82,105.89,1,-1,-1,-1
601,129,809.42,479.14,21.59,55.43,1,-1,-1,-1
602,123,-8.01,656.79,63.81,196.02,1,-1,-1,-1
602,125,1232.84,518.53,33.76,93.04,1,-1,-1,-1
602,127,1784.75,574.58,66.06,180.14,1,-1,-1,-1
602,128,296.33,541.86,45.53,106.95,1,-1,-1,-1
602,129,809.10,479.77,21.53,55.48,1,-1,-1,-1
602,130,287.10,498.40,24.30,56.40,1,-1,-1,-1
603,123,-14.51,662.94,63.81,196.02,1,-1,-1,-1
603,125,1234.72,518.70,33.44,93.43,1,-1,-1,-1
603,127,1789.25,571.92,62.59,185.78,1,-1,-1,-1
603,128,293.51,540.81,45.23,108.38,1,-1,-1,-1
603,129,808.61,479.57,21.44,55.70,1,-1,-1,-1
603,130,284.23,498.26,25.21,57.87,1,-1,-1,-1
604,123,-21.01,669.09,63.81,196.02,1,-1,-1,-1
604,125,1237.27,521.03,32.99,91.87,1,-1,-1,-1
604,127,1794.08,571.71,60.57,187.75,1,-1,-1,-1
604,128,289.06,543.43,46.75,107.49,1,-1,-1,-1
604,129,807.66,480.84,20.57,54.44,1,-1,-1,-1
604,130,278.34,500.78,25.83,60.48,1,-1,-1,-1
605,125,1241.32,521.94,32.30,90.91,1,-1,-1,-1
605,127,1799.27,571.79,60.45,188.63,1,-1,-1,-1
605,128,285.94,545.79,48.95,107.08,1,-1,-1,-1
605,129,806.91,481.73,20.31,53.99,1,-1,-1,-1
605,130,273.60,505.82,26.30,58.74,1,-1,-1,-1
606,125,1245.31,520.17,32.09,91.60,1,-1,-1,-1
606,127,1801.15,574.67,61.39,186.09,1,-1,-1,-1
606,128,284.26,545.69,50.18,106.25,1,-1,-1,-1
606,129,807.18,481.46,20.65,53.37,1,-1,-1,-1
606,130,272.64,503.93,26.65,59.27,1,-1,-1,-1
607,125,1247.90,518.75,31.82,92.37,1,-1,-1,-1
607,127,1802.45,577.77,61.39,186.09,1,-1,-1,-1
607,128,282.26,545.07,51.45,106.64,1,-1,-1,-1
607,129,807.39,481.69,21.25,52.27,1,-1,-1,-1
607,130,273.41,501.00,26.96,59.99,1,-1,-1,-1
608,125,1250.79,521.99,31.53,90.71,1,-1,-1,-1
608,127,1803.75,580.87,61.39,186.09,1,-1,-1,-1
608,128,279.93,541.97,51.84,109.62,1,-1,-1,-1
608,129,807.32,479.59,21.84,53.41,1,-1,-1,-1
608,130,271.76,498.19,26.92,60.84,1,-1,-1,-1
609,125,1253.90,524.25,32.00,90.77,1,-1,-1,-1
609,127,1805.05,583.97,61.39,186.09,1,-1,-1,-1
609,128,277.79,538.75,51.53,110.45,1,-1,-1,-1
609,129,807.73,477.86,22.09,53.54,1,-1,-1,-1
609,130,272.99,495.13,24.95,59.06,1,-1,-1,-1
610,125,1256.65,524.09,32.14,90.72,1,-1,-1,-1
610,128,276.08,536.10,50.25,109.01,1,-1,-1,-1
610,129,807.82,476.76,22.45,53.44,1,-1,-1,-1
610,130,267.17,494.24,25.19,58.32,1,-1,-1,-1
610,131,340.10,477.90,21.30,45.20,1,-1,-1,-1
611,125,1259.18,525.44,32.32,91.83,1,-1,-1,-1
611,128,273.51,534.55,50.56,109.56,1,-1,-1,-1
611,129,806.14,474.83,22.90,51.24,1,-1,-1,-1
611,130,257.85,495.92,24.99,56.98,1,-1,-1,-1
611,131,340.03,477.41,21.16,44.92,1,-1,-1,-1
612,125,1262.17,526.10,32.10,92.93,1,-1,-1,-1
612,128,271.02,534.69,51.22,109.94,1,-1,-1,-1
612,129,805.17,473.64,22.90,49.88,1,-1,-1,-1
612,130,253.53,496.44,24.30,56.01,1,-1,-1,-1
612,131,339.11,476.78,20.84,43.72,1,-1,-1,-1
612,132,1824.00,583.00,56.60,198.30,1,-1,-1,-1
613,125,1266.80,525.79,30.91,92.56,1,-1,-1,-1
613,128,268.32,533.12,51.98,109.91,1,-1,-1,-1
613,129,805.23,474.61,22.97,45.76,1,-1,-1,-1
613,130,250.10,495.08,24.65,57.12,1,-1,-1,-1
613,131,338.12,474.22,20.81,43.70,1,-1,-1,-1
613,132,1831.63,584.12,57.44,200.61,1,-1,-1,-1
614,125,1270.22,527.26,31.74,93.15,1,-1,-1,-1
614,128,265.42,532.14,51.78,110.46,1,-1,-1,-1
614,129,804.18,474.17,22.64,47.40,1,-1,-1,-1
614,130,250.35,494.63,24.12,55.36,1,-1,-1,-1
614,131,337.83,471.82,20.87,43.56,1,-1,-1,-1
614,132,1838.98,592.50,61.68,191.71,1,-1,-1,-1
615,125,1271.92,528.81,32.13,95.63,1,-1,-1,-1
615,128,261.64,531.63,52.49,113.78,1,-1,-1,-1
615,129,803.11,477.03,24.22,45.44,1,-1,-1,-1
615,130,250.97,492.73,23.90,54.83,1,-1,-1,-1
615,131,337.49,470.84,22.01,45.27,1,-1,-1,-1
615,132,1845.23,601.11,62.04,187.57,1,-1,-1,-1
616,125,1274.00,530.67,32.32,98.55,1,-1,-1,-1
616,128,258.61,531.27,52.78,115.33,1,-1,-1,-1
616,129,805.09,479.57,24.28,44.57,1,-1,-1,-1
616,130,253.64,494.60,24.11,52.85,1,-1,-1,-1
616,131,336.71,471.87,22.07,44.73,1,-1,-1,-1
616,132,1853.16,607.46,59.49,192.21,1,-1,-1,-1
617,125,1276.98,533.40,31.89,99.08,1,-1,-1,-1
617,128,255.64,530.80,53.35,116.64,1,-1,-1,-1
617,129,806.99,482.17,24.28,44.57,1,-1,-1,-1
617,130,254.69,496.23,25.08,53.58,1,-1,-1,-1
617,131,335.69,471.92,21.74,44.29,1,-1,-1,-1
617,132,1856.90,608.26,61.88,198.01,1,-1,-1,-1
618,125,1279.55,533.51,32.11,102.80,1,-1,-1,-1
618,128,252.52,530.43,53.11,117.87,1,-1,-1,-1
618,129,806.59,482.55,24.22,43.68,1,-1,-1,-1
618,130,254.49,496.37,26.00,53.32,1,-1,-1,-1
618,131,335.53,472.22,20.87,44.09,1,-1,-1,-1
618,132,1859.91,609.17,61.96,203.18,1,-1,-1,-1
619,125,1282.89,531.98,31.75,103.92,1,-1,-1,-1
619,128,248.68,532.05,54.64,117.33,1,-1,-1,-1
619,129,805.89,481.38,24.28,44.39,1,-1,-1,-1
619,130,256.54,496.32,26.00,53.32,1,-1,-1,-1
619,131,335.00,473.83,20.40,42.91,1,-1,-1,-1
619,132,1861.90,608.91,60.10,209.78,1,-1,-1,-1
620,125,1286.80,530.56,32.21,106.08,1,-1,-1,-1
620,128,246.26,533.72,54.12,116.89,1,-1,-1,-1
620,129,806.33,482.52,24.29,44.40,1,-1,-1,-1
620,130,258.59,496.27,26.00,53.32,1,-1,-1,-1
620,131,334.57,474.40,20.12,42.76,1,-1,-1,-1
620,132,1868.11,608.26,53.59,220.36,1,-1,-1,-1
621,125,1289.45,532.11,33.18,104.83,1,-1,-1,-1
621,128,245.10,533.92,52.71,117.60,1,-1,-1,-1
621,129,805.81,484.37,24.93,44.47,1,-1,-1,-1
621,130,260.64,496.22,26.00,53.32,1,-1,-1,-1
621,131,333.81,474.96,20.60,43.21,1,-1,-1,-1
621,132,1877.99,611.74,44.50,214.37,1,-1,-1,-1
622,125,1292.73,532.45,32.35,106.07,1,-1,-1,-1
622,128,242.90,535.09,52.07,117.18,1,-1,-1,-1
622,129,804.15,485.51,24.56,43.37,1,-1,-1,-1
622,131,334.60,474.98,20.04,45.02,1,-1,-1,-1
622,132,1882.05,612.29,40.93,203.40,1,-1,-1,-1
623,125,1295.71,531.78,33.37,108.40,1,-1,-1,-1
623,128,240.35,539.01,51.88,115.51,1,-1,-1,-1
623,129,804.41,485.30,24.24,43.74,1,-1,-1,-1
623,131,334.20,476.65,20.08,44.31,1,-1,-1,-1
623,132,1882.65,610.04,40.93,203.40,1,-1,-1,-1
624,125,1299.22,531.54,33.88,110.43,1,-1,-1,-1
624,128,238.56,538.04,52.03,117.39,1,-1,-1,-1
624,129,805.65,485.51,23.93,42.87,1,-1,-1,-1
624,131,333.63,476.14,20.37,43.74,1,-1,-1,-1
624,132,1883.25,607.79,40.93,203.40,1,-1,-1,-1
625,125,1302.90,535.25,35.22,109.08,1,-1,-1,-1
625,128,236.88,540.83,52.64,117.96,1,-1,-1,-1
625,129,806.15,487.64,23.91,39.25,1,-1,-1,-1
625,131,334.84,478.62,20.11,45.53,1,-1,-1,-1
625,132,1883.85,605.54,40.93,203.40,1,-1,-1,-1
626,125,1308.56,533.63,37.38,111.40,1,-1,-1,-1
626,128,235.55,541.54,53.17,117.71,1,-1,-1,-1
626,129,807.18,486.04,24.53,40.83,1,-1,-1,-1
626,131,334.79,480.02,20.73,44.25,1,-1,-1,-1
627,125,1314.83,530.04,39.56,114.90,1,-1,-1,-1
627,128,235.07,542.79,54.10,119.10,1,-1,-1,-1
627,129,808.61,486.09,24.23,39.48,1,-1,-1,-1
627,131,335.93,480.77,20.29,44.98,1,-1,-1,-1
628,125,1320.00,531.91,40.01,112.66,1,-1,-1,-1
628,128,235.16,547.23,54.03,118.40,1,-1,-1,-1
628,129,810.50,486.78,23.79,39.77,1,-1,-1,-1
628,131,337.73,484.48,20.44,45.00,1,-1,-1,-1
629,125,1326.33,532.19,39.02,110.38,1,-1,-1,-1
629,128,234.57,551.35,55.41,117.49,1,-1,-1,-1
629,129,812.44,485.99,23.38,40.63,1,-1,-1,-1
629,131,339.00,485.47,19.99,45.49,1,-1,-1,-1
630,125,1333.06,533.33,40.41,110.67,1,-1,-1,-1
630,128,235.75,553.84,56.17,117.29,1,-1,-1,-1
630,129,816.16,485.15,22.76,40.96,1,-1,-1,-1
630,131,342.09,487.80,19.58,44.94,1,-1,-1,-1
631,125,1340.83,535.13,41.17,111.95,1,-1,-1,-1
631,128,238.59,552.70,55.98,118.00,1,-1,-1,-1
631,129,818.71,484.65,23.14,40.85,1,-1,-1,-1
631,131,345.54,488.60,18.75,44.21,1,-1,-1,-1
632,125,1348.65,538.21,41.33,109.82,1,-1,-1,-1
632,128,240.28,553.84,55.92,118.21,1,-1,-1,-1
632,129,822.60,484.85,22.55,39.83,1,-1,-1,-1
632,131,348.54,488.24,20.19,45.32,1,-1,-1,-1
633,125,1358.47,543.19,40.47,108.05,1,-1,-1,-1
633,128,240.57,554.63,56.82,120.02,1,-1,-1,-1
633,129,827.51,485.62,22.80,39.11,1,-1,-1,-1
633,131,352.53,488.20,20.83,46.64,1,-1,-1,-1
634,125,1367.70,547.80,40.21,105.01,1,-1,-1,-1
634,128,241.25,555.34,57.30,121.76,1,-1,-1,-1
634,129,832.98,485.48,23.15,42.32,1,-1,-1,-1
634,131,354.99,489.78,20.18,46.40,1,-1,-1,-1
635,125,1374.27,550.17,41.32,103.81,1,-1,-1,-1
635,128,242.42,554.54,57.93,123.19,1,-1,-1,-1
635,129,838.97,486.33,23.18,41.68,1,-1,-1,-1
635,131,357.98,489.58,19.21,45.49,1,-1,-1,-1
636,125,1381.52,552.07,41.32,103.81,1,-1,-1,-1
636,128,244.53,555.57,57.14,124.88,1,-1,-1,-1
636,129,843.62,486.77,23.55,42.60,1,-1,-1,-1
636,131,360.76,490.85,19.27,45.78,1,-1,-1,-1
637,125,1392.64,553.99,39.00,102.47,1,-1,-1,-1
637,128,246.30,557.52,56.76,125.73,1,-1,-1,-1
637,129,848.67,488.87,23.55,42.60,1,-1,-1,-1
637,131,363.83,493.35,19.08,46.00,1,-1,-1,-1
638,125,1403.75,554.32,38.30,104.66,1,-1,-1,-1
638,128,248.80,559.47,55.88,126.27,1,-1,-1,-1
638,129,853.72,490.97,23.55,42.60,1,-1,-1,-1
638,131,366.98,496.61,18.39,44.39,1,-1,-1,-1
639,125,1413.95,555.97,38.30,104.66,1,-1,-1,-1
639,128,250.11,560.87,56.24,129.09,1,-1,-1,-1
639,129,858.77,493.07,23.55,42.60,1,-1,-1,-1
639,131,370.57,497.21,18.54,45.24,1,-1,-1,-1
640,125,1424.15,557.62,38.30,104.66,1,-1,-1,-1
640,128,252.90,561.80,54.32,130.15,1,-1,-1,-1
640,131,374.80,496.75,18.37,45.63,1,-1,-1,-1
641,125,1434.35,559.27,38.30,104.66,1,-1,-1,-1
641,128,256.54,562.70,53.47,131.02,1,-1,-1,-1
641,131,377.30,497.87,18.32,45.47,1,-1,-1,-1
642,128,260.02,562.27,51.95,131.50,1,-1,-1,-1
642,131,380.41,499.26,17.68,43.88,1,-1,-1,-1
643,128,261.90,562.71,50.87,129.89,1,-1,-1,-1
643,131,385.01,500.13,17.20,43.54,1,-1,-1,-1
644,128,264.23,566.96,51.24,127.59,1,-1,-1,-1
644,131,389.85,501.65,16.08,41.69,1,-1,-1,-1
645,128,268.03,569.28,51.00,127.25,1,-1,-1,-1
645,131,395.16,501.43,15.32,42.75,1,-1,-1,-1
646,128,270.10,570.45,51.98,128.68,1,-1,-1,-1
646,131,400.06,500.29,15.73,43.97,1,-1,-1,-1
647,128,272.08,570.98,53.88,129.54,1,-1,-1,-1
647,131,404.22,499.23,16.06,44.90,1,-1,-1,-1
648,128,275.82,571.42,54.67,131.12,1,-1,-1,-1
648,131,408.13,499.50,18.12,44.97,1,-1,-1,-1
649,128,280.87,566.16,54.06,133.42,1,-1,-1,-1
649,131,414.22,497.60,18.25,43.80,1,-1,-1,-1
650,128,284.57,564.21,53.32,134.73,1,-1,-1,-1
650,131,419.89,498.73,16.74,42.68,1,-1,-1,-1
651,128,290.49,566.51,53.10,137.79,1,-1,-1,-1
651,131,426.74,502.91,15.45,42.90,1,-1,-1,-1
651,133,925.70,499.60,21.50,55.10,1,-1,-1,-1
652,128,298.54,561.08,49.81,133.81,1,-1,-1,-1
652,131,433.11,495.42,16.61,45.63,1,-1,-1,-1
652,133,931.51,494.35,24.09,56.99,1,-1,-1,-1
653,128,303.58,559.34,49.87,132.33,1,-1,-1,-1
653,131,437.09,490.42,16.88,45.33,1,-1,-1,-1
653,133,940.92,485.19,22.98,59.66,1,-1,-1,-1
654,128,309.68,565.46,49.68,132.94,1,-1,-1,-1
654,131,443.64,493.14,18.78,44.75,1,-1,-1,-1
654,133,947.24,483.40,21.45,60.60,1,-1,-1,-1
655,128,316.22,565.66,50.74,133.47,1,-1,-1,-1
655,131,453.17,495.04,18.31,42.75,1,-1,-1,-1
655,133,956.58,486.99,22.33,59.48,1,-1,-1,-1
656,128,324.12,569.61,50.43,134.89,1,-1,-1,-1
656,131,461.13,498.33,17.32,44.75,1,-1,-1,-1
656,133,967.64,486.76,22.38,60.68,1,-1,-1,-1
657,128,333.18,580.60,52.44,130.07,1,-1,-1,-1
657,131,468.85,502.18,17.80,44.22,1,-1,-1,-1
657,133,976.29,488.99,22.74,63.22,1,-1,-1,-1
657,134,333.80,526.90,29.90,75.20,1,-1,-1,-1
658,128,342.04,585.73,52.83,128.76,1,-1,-1,-1
658,131,476.51,503.60,16.82,44.14,1,-1,-1,-1
658,133,985.93,494.19,23.06,64.88,1,-1,-1,-1
658,134,337.44,530.61,31.51,72.61,1,-1,-1,-1
659,128,347.22,595.06,54.21,132.01,1,-1,-1,-1
659,131,484.99,513.87,16.88,45.65,1,-1,-1,-1
659,133,995.68,502.74,23.30,65.81,1,-1,-1,-1
659,134,346.04,538.36,31.78,71.34,1,-1,-1,-1
660,128,350.74,599.34,56.58,132.91,1,-1,-1,-1
660,131,489.95,519.02,17.45,44.57,1,-1,-1,-1
660,133,1002.74,508.26,22.32,66.50,1,-1,-1,-1
660,134,349.77,540.33,31.72,70.82,1,-1,-1,-1
661,128,356.86,596.51,57.15,133.95,1,-1,-1,-1
661,131,493.68,514.79,17.98,44.38,1,-1,-1,-1
661,133,1008.53,507.08,22.31,66.22,1,-1,-1,-1
661,134,351.74,535.60,31.15,74.66,1,-1,-1,-1
662,128,365.59,597.97,57.96,132.80,1,-1,-1,-1
662,131,499.51,514.94,17.22,43.34,1,-1,-1,-1
662,133,1016.22,507.70,22.16,65.02,1,-1,-1,-1
662,134,356.35,535.18,31.95,75.74,1,-1,-1,-1
663,128,373.89,598.55,59.39,129.65,1,-1,-1,-1
663,131,502.00,514.58,17.91,42.96,1,-1,-1,-1
663,133,1023.93,508.46,22.47,64.86,1,-1,-1,-1
663,134,361.87,535.08,31.64,76.13,1,-1,-1,-1
663,135,482.30,515.00,22.60,43.50,1,-1,-1,-1
664,128,382.02,596.33,59.40,126.60,1,-1,-1,-1
664,131,507.34,510.08,18.53,45.02,1,-1,-1,-1
664,133,1031.74,509.06,21.86,63.84,1,-1,-1,-1
664,134,366.51,531.35,31.33,75.97,1,-1,-1,-1
664,135,491.12,510.03,21.34,46.09,1,-1,-1,-1
665,128,387.29,593.51,62.13,128.28,1,-1,-1,-1
665,131,516.66,507.10,18.72,46.27,1,-1,-1,-1
665,133,1039.66,507.35,22.10,66.47,1,-1,-1,-1
665,134,371.98,530.06,32.29,76.41,1,-1,-1,-1
665,135,503.79,506.33,21.17,46.80,1,-1,-1,-1
665,136,491.40,505.90,22.80,48.90,1,-1,-1,-1
666,128,392.49,592.54,67.08,126.47,1,-1,-1,-1
666,131,525.66,503.43,18.85,46.01,1,-1,-1,-1
666,133,1048.52,507.07,22.03,65.79,1,-1,-1,-1
666,134,377.06,526.74,31.95,78.85,1,-1,-1,-1
666,135,512.44,504.14,19.86,44.84,1,-1,-1,-1
666,136,495.18,503.52,22.45,48.13,1,-1,-1,-1
667,128,398.83,590.51,71.57,127.68,1,-1,-1,-1
667,131,532.74,500.79,18.39,46.14,1,-1,-1,-1
667,133,1056.43,507.40,22.57,64.89,1,-1,-1,-1
667,134,380.96,522.50,32.33,79.52,1,-1,-1,-1
667,135,519.44,499.19,19.86,44.84,1,-1,-1,-1
667,136,502.76,500.99,22.84,47.55,1,-1,-1,-1
668,128,404.13,592.71,76.84,128.25,1,-1,-1,-1
668,131,540.09,502.90,17.42,44.92,1,-1,-1,-1
668,133,1064.71,507.90,22.80,65.74,1,-1,-1,-1
668,134,386.76,523.70,32.17,79.08,1,-1,-1,-1
668,135,528.58,500.09,18.14,45.58,1,-1,-1,-1
668,136,509.61,501.70,22.74,46.81,1,-1,-1,-1
669,128,408.12,585.46,84.72,133.68,1,-1,-1,-1
669,131,549.58,499.93,17.27,48.20,1,-1,-1,-1
669,133,1072.95,506.71,22.94,66.48,1,-1,-1,-1
669,134,392.39,522.33,32.19,82.74,1,-1,-1,-1
669,135,537.64,498.48,18.53,47.62,1,-1,-1,-1
669,136,516.63,498.63,22.01,49.04,1,-1,-1,-1
670,128,416.99,579.31,89.89,135.37,1,-1,-1,-1
670,131,559.38,497.23,17.27,48.20,1,-1,-1,-1
670,133,1081.79,505.82,23.19,65.09,1,-1,-1,-1
670,134,398.58,517.70,30.94,83.06,1,-1,-1,-1
670,135,551.63,496.18,17.46,46.63,1,-1,-1,-1
670,136,522.05,495.20,21.86,49.01,1,-1,-1,-1
671,128,429.86,577.76,90.95,136.79,1,-1,-1,-1
671,131,569.18,494.53,17.27,48.20,1,-1,-1,-1
671,133,1089.23,505.00,23.83,65.03,1,-1,-1,-1
671,134,404.75,512.08,30.21,83.37,1,-1,-1,-1
671,135,564.74,494.05,17.70,46.61,1,-1,-1,-1
671,136,529.22,493.18,21.61,49.07,1,-1,-1,-1
672,128,443.09,577.77,91.26,136.03,1,-1,-1,-1
672,131,578.98,491.83,17.27,48.20,1,-1,-1,-1
672,133,1097.33,503.90,23.04,65.43,1,-1,-1,-1
672,134,408.50,510.17,31.53,82.20,1,-1,-1,-1
672,135,571.77,492.04,17.56,47.16,1,-1,-1,-1
672,136,537.37,492.26,21.88,49.09,1,-1,-1,-1
673,128,461.17,580.28,85.76,134.96,1,-1,-1,-1
673,133,1106.30,502.98,23.57,65.41,1,-1,-1,-1
673,134,413.88,508.82,32.35,82.34,1,-1,-1,-1
673,135,576.69,490.72,17.87,48.31,1,-1,-1,-1
673,136,543.28,492.46,21.82,48.19,1,-1,-1,-1
674,128,483.45,577.08,80.54,136.18,1,-1,-1,-1
674,133,1114.28,499.52,24.22,65.05,1,-1,-1,-1
674,134,420.14,503.23,33.44,83.15,1,-1,-1,-1
674,135,585.22,487.00,17.82,46.55,1,-1,-1,-1
674,136,547.75,487.07,23.00,47.29,1,-1,-1,-1
675,128,500.80,570.84,78.41,132.90,1,-1,-1,-1
675,133,1123.04,498.80,23.86,64.53,1,-1,-1,-1
675,134,426.02,497.24,32.92,83.33,1,-1,-1,-1
675,135,592.03,479.42,18.30,46.80,1,-1,-1,-1
675,136,555.71,479.58,23.70,46.11,1,-1,-1,-1
676,128,513.51,571.27,77.49,132.48,1,-1,-1,-1
676,133,1131.14,497.92,24.73,66.05,1,-1,-1,-1
676,134,430.41,498.16,34.52,86.53,1,-1,-1,-1
676,135,594.30,481.20,18.51,45.54,1,-1,-1,-1
676,136,562.81,481.65,23.84,45.82,1,-1,-1,-1
677,128,524.45,570.47,83.31,136.97,1,-1,-1,-1
677,133,1139.17,496.59,25.97,68.18,1,-1,-1,-1
677,134,434.83,498.35,34.85,86.86,1,-1,-1,-1
677,135,600.39,483.30,19.06,45.86,1,-1,-1,-1
677,136,569.67,483.93,24.65,46.02,1,-1,-1,-1
678,128,532.63,566.72,89.60,140.70,1,-1,-1,-1
678,133,1147.42,499.65,25.50,66.52,1,-1,-1,-1
678,134,440.14,497.81,36.15,87.87,1,-1,-1,-1
678,135,610.32,483.29,19.37,44.91,1,-1,-1,-1
678,136,577.31,483.42,24.55,45.79,1,-1,-1,-1
679,128,542.15,570.88,95.41,148.05,1,-1,-1,-1
679,133,1155.30,501.68,25.01,67.13,1,-1,-1,-1
679,134,447.50,508.49,35.48,85.65,1,-1,-1,-1
679,135,620.12,490.15,17.99,46.44,1,-1,-1,-1
679,136,582.93,489.37,23.46,48.74,1,-1,-1,-1
680,128,558.48,573.35,94.49,148.79,1,-1,-1,-1
680,133,1165.09,505.36,25.28,67.95,1,-1,-1,-1
680,134,454.32,508.93,34.03,86.32,1,-1,-1,-1
680,135,628.19,493.76,18.49,46.48,1,-1,-1,-1
680,136,591.59,493.41,23.42,47.59,1,-1,-1,-1
681,128,572.55,590.68,95.69,147.54,1,-1,-1,-1
681,133,1170.80,517.56,26.06,68.69,1,-1,-1,-1
681,134,454.97,522.76,35.76,85.60,1,-1,-1,-1
681,135,633.27,506.76,20.46,46.56,1,-1,-1,-1
681,136,596.00,507.79,23.27,46.62,1,-1,-1,-1
681,137,782.00,482.30,30.90,70.90,1,-1,-1,-1
682,128,589.28,620.66,94.93,145.69,1,-1,-1,-1
682,133,1174.76,522.90,26.23,69.54,1,-1,-1,-1
682,134,457.64,554.97,36.14,90.78,1,-1,-1,-1
682,135,635.19,533.42,19.72,43.37,1,-1,-1,-1
682,136,598.80,534.76,23.29,43.74,1,-1,-1,-1
682,137,782.00,482.30,30.90,70.90,1,-1,-1,-1
683,128,608.03,607.37,86.58,144.02,1,-1,-1,-1
683,133,1183.24,514.36,26.56,68.11,1,-1,-1,-1
683,134,463.54,585.32,36.14,90.78,1,-1,-1,-1
683,135,635.94,553.42,19.72,43.37,1,-1,-1,-1
683,136,604.95,554.61,23.29,43.74,1,-1,-1,-1
683,137,789.84,474.95,29.85,71.04,1,-1,-1,-1
683,138,460.30,523.50,37.40,88.40,1,-1,-1,-1
683,139,604.70,506.50,23.50,45.60,1,-1,-1,-1
684,128,620.43,584.37,86.31,141.28,1,-1,-1,-1
684,133,1191.00,501.83,26.73,70.41,1,-1,-1,-1
684,134,469.44,615.67,36.14,90.78,1,-1,-1,-1
684,135,636.69,573.42,19.72,43.37,1,-1,-1,-1
684,136,611.10,574.46,23.29,43.74,1,-1,-1,-1
684,137,795.07,469.75,29.85,71.04,1,-1,-1,-1
684,138,462.75,519.51,36.98,87.21,1,-1,-1,-1
684,139,609.11,498.73,22.59,47.00,1,-1,-1,-1
685,128,637.78,580.33,85.67,146.19,1,-1,-1,-1
685,133,1197.89,492.70,27.34,70.47,1,-1,-1,-1
685,134,475.34,646.02,36.14,90.78,1,-1,-1,-1
685,135,637.44,593.42,19.72,43.37,1,-1,-1,-1
685,136,617.25,594.31,23.29,43.74,1,-1,-1,-1
685,137,800.29,464.55,29.85,71.04,1,-1,-1,-1
685,138,466.96,515.58,38.04,87.97,1,-1,-1,-1
685,139,614.23,491.69,22.95,48.54,1,-1,-1,-1
686,128,650.28,574.72,89.33,145.43,1,-1,-1,-1
686,133,1206.06,487.72,26.40,70.98,1,-1,-1,-1
686,137,805.52,459.35,29.85,71.04,1,-1,-1,-1
686,138,471.26,508.01,40.25,91.07,1,-1,-1,-1
686,139,622.24,489.19,21.72,46.34,1,-1,-1,-1
687,128,659.06,566.99,91.48,150.59,1,-1,-1,-1
687,133,1214.63,485.38,26.89,71.06,1,-1,-1,-1
687,138,476.96,503.05,39.94,90.32,1,-1,-1,-1
687,139,629.47,484.85,22.69,46.87,1,-1,-1,-1
688,128,669.23,567.74,96.95,149.06,1,-1,-1,-1
688,133,1223.44,483.92,27.46,73.12,1,-1,-1,-1
688,138,482.99,502.57,38.02,90.59,1,-1,-1,-1
688,139,634.60,483.27,22.49,48.01,1,-1,-1,-1
688,140,667.00,483.90,19.80,47.10,1,-1,-1,-1
689,128,682.05,566.21,98.88,150.91,1,-1,-1,-1
689,133,1230.71,484.09,28.40,74.30,1,-1,-1,-1
689,138,487.45,501.52,37.87,91.16,1,-1,-1,-1
689,139,641.23,480.17,22.85,49.33,1,-1,-1,-1
689,140,668.54,482.08,18.96,47.24,1,-1,-1,-1
690,128,690.73,564.76,103.93,154.05,1,-1,-1,-1
690,133,1239.95,486.66,27.63,72.97,1,-1,-1,-1
690,138,491.64,498.96,39.08,93.01,1,-1,-1,-1
690,139,646.61,477.11,24.21,50.36,1,-1,-1,-1
690,140,675.92,478.61,20.04,49.17,1,-1,-1,-1
691,128,702.49,563.11,105.10,154.93,1,-1,-1,-1
691,133,1249.51,486.18,27.40,72.29,1,-1,-1,-1
691,138,495.55,498.14,40.49,93.21,1,-1,-1,-1
691,139,651.57,476.61,23.99,49.83,1,-1,-1,-1
691,140,679.09,477.10,20.64,48.91,1,-1,-1,-1
692,128,720.59,568.00,100.55,152.39,1,-1,-1,-1
692,133,1257.62,487.36,28.52,74.26,1,-1,-1,-1
692,138,500.61,498.14,40.50,92.99,1,-1,-1,-1
692,139,659.11,476.15,24.35,49.81,1,-1,-1,-1
692,140,675.11,475.99,20.68,49.53,1,-1,-1,-1
692,141,691.30,476.20,20.30,50.10,1,-1,-1,-1
693,128,740.90,574.83,92.67,150.02,1,-1,-1,-1
693,133,1265.39,490.89,29.00,75.48,1,-1,-1,-1
693,138,506.09,497.40,40.71,93.28,1,-1,-1,-1
693,139,665.21,475.28,23.75,50.29,1,-1,-1,-1
693,140,675.79,476.27,21.67,50.21,1,-1,-1,-1
693,141,694.94,476.76,20.44,49.68,1,-1,-1,-1
694,128,767.19,581.77,84.43,148.39,1,-1,-1,-1
694,133,1273.54,495.93,29.14,72.55,1,-1,-1,-1
694,138,510.02,498.79,40.49,93.85,1,-1,-1,-1
694,139,670.90,476.61,24.14,50.58,1,-1,-1,-1
694,140,686.24,478.62,20.92,49.57,1,-1,-1,-1
694,141,700.35,479.18,20.90,48.85,1,-1,-1,-1
695,128,790.00,588.57,79.93,147.56,1,-1,-1,-1
695,133,1283.06,501.71,27.08,72.03,1,-1,-1,-1
695,138,513.73,501.54,39.52,93.12,1,-1,-1,-1
695,139,679.07,479.77,23.34,50.80,1,-1,-1,-1
695,140,697.89,480.72,20.92,49.57,1,-1,-1,-1
695,141,709.00,480.78,20.27,51.97,1,-1,-1,-1
696,128,803.50,588.42,81.03,150.25,1,-1,-1,-1
696,133,1291.35,505.66,26.74,70.96,1,-1,-1,-1
696,138,517.77,499.80,41.33,94.15,1,-1,-1,-1
696,139,684.38,480.53,23.38,50.52,1,-1,-1,-1
696,140,704.26,480.63,20.91,50.64,1,-1,-1,-1
696,141,716.95,481.36,19.59,52.06,1,-1,-1,-1
697,128,818.13,584.15,84.16,156.23,1,-1,-1,-1
697,133,1297.77,507.31,26.92,71.76,1,-1,-1,-1
697,138,521.82,499.37,42.36,96.43,1,-1,-1,-1
697,139,689.64,482.27,22.76,49.81,1,-1,-1,-1
697,140,707.62,482.21,21.32,50.40,1,-1,-1,-1
697,141,722.29,481.84,20.37,52.09,1,-1,-1,-1
698,128,832.22,583.97,88.81,156.56,1,-1,-1,-1
698,133,1307.22,508.52,27.26,71.09,1,-1,-1,-1
698,138,525.84,501.81,42.53,95.64,1,-1,-1,-1
698,139,694.57,482.96,23.42,50.78,1,-1,-1,-1
698,140,712.41,482.53,20.26,51.52,1,-1,-1,-1
698,141,728.00,481.96,21.23,53.92,1,-1,-1,-1
699,128,844.57,584.10,93.98,162.68,1,-1,-1,-1
699,133,1316.84,515.00,25.89,69.56,1,-1,-1,-1
699,138,530.58,501.19,43.28,94.84,1,-1,-1,-1
699,139,699.41,482.33,22.92,50.09,1,-1,-1,-1
699,140,718.49,482.18,20.01,50.32,1,-1,-1,-1
699,141,733.52,481.63,19.95,52.57,1,-1,-1,-1
700,128,857.45,586.35,100.64,163.11,1,-1,-1,-1
700,133,1322.30,518.73,26.25,70.22,1,-1,-1,-1
700,138,535.41,502.82,43.01,95.58,1,-1,-1,-1
700,139,705.65,483.62,23.32,50.38,1,-1,-1,-1
700,140,724.84,481.58,20.01,50.32,1,-1,-1,-1
700,141,738.19,482.17,19.07,53.71,1,-1,-1,-1
701,128,872.65,592.09,102.71,162.40,1,-1,-1,-1
701,133,1329.40,520.53,27.96,73.22,1,-1,-1,-1
701,138,539.93,504.82,42.30,95.24,1,-1,-1,-1
701,139,713.82,484.31,22.54,51.51,1,-1,-1,-1
701,140,731.19,480.98,20.01,50.32,1,-1,-1,-1
701,141,743.89,483.95,19.09,54.12,1,-1,-1,-1
702,128,894.61,599.68,96.82,162.12,1,-1,-1,-1
702,133,1340.43,525.22,28.13,70.68,1,-1,-1,-1
702,138,545.31,505.10,41.25,95.14,1,-1,-1,-1
702,139,721.80,485.30,22.58,50.94,1,-1,-1,-1
702,140,737.54,480.38,20.01,50.32,1,-1,-1,-1
702,141,753.57,483.16,20.99,54.95,1,-1,-1,-1
703,128,923.47,605.54,89.25,161.13,1,-1,-1,-1
703,133,1347.65,527.08,27.97,70.84,1,-1,-1,-1
703,138,549.59,503.64,42.34,96.79,1,-1,-1,-1
703,139,726.39,485.66,22.73,51.89,1,-1,-1,-1
703,140,745.51,482.53,20.07,52.61,1,-1,-1,-1
703,141,760.35,481.47,21.77,56.59,1,-1,-1,-1
704,128,949.16,612.67,82.70,159.43,1,-1,-1,-1
704,133,1353.23,533.92,27.50,67.59,1,-1,-1,-1
704,138,552.18,506.91,42.24,95.82,1,-1,-1,-1
704,139,726.72,487.11,22.78,54.00,1,-1,-1,-1
704,140,745.11,486.34,20.58,54.35,1,-1,-1,-1
704,141,761.69,483.58,22.28,58.28,1,-1,-1,-1
705,128,968.92,614.22,79.69,160.67,1,-1,-1,-1
705,133,1359.58,536.11,27.50,68.23,1,-1,-1,-1
705,138,553.81,509.24,43.05,97.07,1,-1,-1,-1
705,139,728.73,488.84,22.51,53.02,1,-1,-1,-1
705,140,747.80,488.62,20.87,53.69,1,-1,-1,-1
705,141,764.44,486.36,21.45,56.96,1,-1,-1,-1
706,128,981.69,614.01,85.16,165.87,1,-1,-1,-1
706,133,1366.08,539.69,28.27,68.70,1,-1,-1,-1
706,138,557.19,509.56,43.86,97.44,1,-1,-1,-1
706,139,732.03,488.09,22.51,53.02,1,-1,-1,-1
706,140,749.22,489.05,20.82,53.42,1,-1,-1,-1
706,141,767.09,487.60,19.88,56.57,1,-1,-1,-1
707,128,992.19,612.01,91.14,170.72,1,-1,-1,-1
707,133,1373.65,536.55,28.22,72.13,1,-1,-1,-1
707,138,558.71,513.77,45.15,97.13,1,-1,-1,-1
707,139,735.33,487.34,22.51,53.02,1,-1,-1,-1
707,140,741.32,490.37,22.35,54.45,1,-1,-1,-1
707,141,770.05,488.41,20.73,58.34,1,-1,-1,-1
708,128,1001.27,611.00,101.61,173.72,1,-1,-1,-1
708,133,1379.31,533.79,27.79,72.95,1,-1,-1,-1
708,138,560.46,517.68,45.88,98.23,1,-1,-1,-1
708,139,741.69,490.52,22.85,55.81,1,-1,-1,-1
708,140,736.22,491.67,22.35,54.45,1,-1,-1,-1
708,141,776.83,489.44,22.46,60.90,1,-1,-1,-1
709,128,1015.68,610.70,109.02,179.02,1,-1,-1,-1
709,133,1386.25,533.86,28.29,71.02,1,-1,-1,-1
709,138,563.20,522.83,45.62,95.48,1,-1,-1,-1
709,139,745.70,494.02,22.82,56.78,1,-1,-1,-1
709,140,731.12,492.97,22.35,54.45,1,-1,-1,-1
709,141,782.09,492.20,22.91,61.67,1,-1,-1,-1
710,128,1032.19,618.36,114.40,182.58,1,-1,-1,-1
710,133,1393.12,540.82,28.51,71.64,1,-1,-1,-1
710,138,565.41,527.19,46.16,97.59,1,-1,-1,-1
710,139,749.19,501.89,24.20,54.06,1,-1,-1,-1
710,140,726.02,494.27,22.35,54.45,1,-1,-1,-1
710,141,785.21,501.15,22.41,57.63,1,-1,-1,-1
711,128,1047.93,624.76,118.18,178.74,1,-1,-1,-1
711,133,1398.10,542.28,28.36,70.14,1,-1,-1,-1
711,138,567.26,530.83,46.19,98.72,1,-1,-1,-1
711,139,752.68,505.60,24.83,53.25,1,-1,-1,-1
711,141,787.83,504.88,22.33,57.40,1,-1,-1,-1
712,128,1068.34,631.30,115.74,175.42,1,-1,-1,-1
712,133,1406.71,536.54,27.27,72.00,1,-1,-1,-1
712,138,569.62,533.72,46.27,99.69,1,-1,-1,-1
712,139,755.85,506.03,24.67,55.03,1,-1,-1,-1
712,141,791.60,506.64,21.75,57.40,1,-1,-1,-1
713,128,1095.07,638.07,106.61,171.91,1,-1,-1,-1
713,133,1414.09,535.17,28.41,69.06,1,-1,-1,-1
713,138,571.79,534.35,46.43,101.59,1,-1,-1,-1
713,139,757.10,505.59,25.18,54.66,1,-1,-1,-1
713,141,793.82,506.48,22.98,57.75,1,-1,-1,-1
714,128,1123.04,637.55,100.79,175.47,1,-1,-1,-1
714,133,1420.91,529.29,28.75,69.58,1,-1,-1,-1
714,138,574.16,542.30,44.94,101.95,1,-1,-1,-1
714,139,760.49,508.01,23.93,55.81,1,-1,-1,-1
714,141,795.73,508.04,22.22,58.90,1,-1,-1,-1
715,128,1144.09,639.40,100.10,181.51,1,-1,-1,-1
715,133,1427.71,529.95,29.21,70.43,1,-1,-1,-1
715,138,575.89,547.36,45.19,102.54,1,-1,-1,-1
715,139,765.85,512.07,24.26,55.45,1,-1,-1,-1
715,141,799.83,511.06,21.58,59.81,1,-1,-1,-1
715,142,782.50,511.30,21.40,56.00,1,-1,-1,-1
716,128,1159.67,634.67,100.87,188.22,1,-1,-1,-1
716,133,1433.43,526.84,29.06,72.79,1,-1,-1,-1
716,138,576.18,545.57,46.67,103.63,1,-1,-1,-1
716,139,768.45,510.32,24.50,56.61,1,-1,-1,-1
716,141,803.16,509.07,21.59,61.06,1,-1,-1,-1
716,142,782.50,511.30,21.40,56.00,1,-1,-1,-1
717,128,1175.78,628.50,101.38,193.67,1,-1,-1,-1
717,133,1438.09,525.35,29.51,72.87,1,-1,-1,-1
717,138,576.80,546.22,47.39,104.59,1,-1,-1,-1
717,139,770.05,511.08,25.55,56.11,1,-1,-1,-1
717,141,806.45,509.15,22.65,61.23,1,-1,-1,-1
717,142,782.50,511.30,21.40,56.00,1,-1,-1,-1
717,143,1367.20,523.30,23.90,63.70,1,-1,-1,-1
718,128,1194.16,625.81,106.57,196.98,1,-1,-1,-1
718,133,1444.00,525.77,30.13,73.17,1,-1,-1,-1
718,138,577.48,548.42,49.15,105.65,1,-1,-1,-1
718,139,774.37,512.47,24.32,57.08,1,-1,-1,-1
718,141,809.44,510.38,23.59,61.35,1,-1,-1,-1
718,142,789.85,511.58,20.42,59.57,1,-1,-1,-1
718,143,1372.45,523.16,25.02,62.37,1,-1,-1,-1
719,128,1208.58,627.89,115.06,201.61,1,-1,-1,-1
719,133,1451.22,532.34,29.13,70.81,1,-1,-1,-1
719,138,578.80,548.02,49.88,107.22,1,-1,-1,-1
719,139,778.12,512.67,24.17,56.89,1,-1,-1,-1
719,141,813.35,510.39,23.39,60.89,1,-1,-1,-1
719,142,793.12,512.56,20.42,59.57,1,-1,-1,-1
719,143,1379.60,527.25,25.71,61.90,1,-1,-1,-1
720,128,1224.94,636.55,116.56,196.70,1,-1,-1,-1
720,133,1457.44,532.94,30.02,72.27,1,-1,-1,-1
720,138,579.10,549.26,50.95,109.73,1,-1,-1,-1
720,139,780.09,514.34,23.77,56.62,1,-1,-1,-1
720,141,816.40,511.51,23.33,61.25,1,-1,-1,-1
720,142,800.59,514.42,22.44,59.03,1,-1,-1,-1
720,143,1383.72,527.30,27.17,63.30,1,-1,-1,-1
721,128,1246.83,642.57,118.34,197.89,1,-1,-1,-1
721,133,1464.84,529.71,30.15,74.67,1,-1,-1,-1
721,138,580.61,552.44,50.56,109.29,1,-1,-1,-1
721,139,781.70,515.70,24.98,58.77,1,-1,-1,-1
721,141,817.31,512.36,24.29,62.89,1,-1,-1,-1
721,142,806.12,515.40,22.44,59.03,1,-1,-1,-1
721,143,1389.64,525.88,26.49,64.07,1,-1,-1,-1
722,128,1275.31,654.35,111.94,193.35,1,-1,-1,-1
722,133,1470.19,530.21,31.37,76.30,1,-1,-1,-1
722,138,583.20,552.65,50.10,109.44,1,-1,-1,-1
722,139,784.67,515.97,25.41,59.14,1,-1,-1,-1
722,141,820.58,512.03,24.37,62.97,1,-1,-1,-1
722,142,811.64,516.37,22.44,59.03,1,-1,-1,-1
722,143,1395.91,528.41,26.57,62.97,1,-1,-1,-1
723,128,1309.39,667.23,101.55,192.12,1,-1,-1,-1
723,133,1475.72,533.46,31.39,74.06,1,-1,-1,-1
723,138,585.84,552.14,49.47,110.11,1,-1,-1,-1
723,139,788.42,514.94,24.63,58.90,1,-1,-1,-1
723,141,824.94,512.99,23.90,61.31,1,-1,-1,-1
723,142,812.50,515.21,22.48,58.52,1,-1,-1,-1
723,143,1401.63,529.97,26.94,62.64,1,-1,-1,-1
724,128,1344.40,675.32,96.48,194.07,1,-1,-1,-1
724,133,1482.03,540.39,30.07,73.32,1,-1,-1,-1
724,138,587.93,557.30,48.86,111.99,1,-1,-1,-1
724,139,790.58,520.62,25.24,58.13,1,-1,-1,-1
724,141,828.87,519.21,24.67,62.28,1,-1,-1,-1
724,142,813.62,520.87,23.12,59.28,1,-1,-1,-1
724,143,1406.44,536.12,27.89,63.52,1,-1,-1,-1
725,128,1371.99,673.72,98.38,199.97,1,-1,-1,-1
725,133,1490.54,542.28,29.88,74.50,1,-1,-1,-1
725,138,589.09,562.05,49.52,113.19,1,-1,-1,-1
725,139,796.88,526.21,24.65,56.99,1,-1,-1,-1
725,141,832.72,523.55,24.83,62.57,1,-1,-1,-1
725,142,816.57,530.62,23.12,59.28,1,-1,-1,-1
725,143,1411.77,540.11,27.62,62.53,1,-1,-1,-1
726,128,1385.91,675.10,110.22,208.18,1,-1,-1,-1
726,133,1499.03,543.09,30.66,76.81,1,-1,-1,-1
726,138,591.33,559.57,49.79,114.18,1,-1,-1,-1
726,139,801.11,524.11,26.16,57.00,1,-1,-1,-1
726,141,836.57,521.04,25.02,63.71,1,-1,-1,-1
726,142,819.52,540.37,23.12,59.28,1,-1,-1,-1
726,143,1418.64,540.79,28.80,64.82,1,-1,-1,-1
727,128,1398.04,679.49,119.03,206.51,1,-1,-1,-1
727,133,1504.15,544.29,30.41,76.45,1,-1,-1,-1
727,138,591.71,563.30,51.20,116.78,1,-1,-1,-1
727,139,799.83,526.85,28.64,59.24,1,-1,-1,-1
727,141,838.79,525.19,26.27,63.84,1,-1,-1,-1
727,142,822.47,550.12,23.12,59.28,1,-1,-1,-1
727,143,1423.99,543.44,27.61,62.85,1,-1,-1,-1
728,128,1412.84,686.07,127.48,205.03,1,-1,-1,-1
728,133,1511.57,551.33,30.33,75.58,1,-1,-1,-1
728,138,592.77,565.58,51.69,118.19,1,-1,-1,-1
728,139,805.14,530.34,27.21,58.58,1,-1,-1,-1
728,141,842.28,529.59,26.15,62.27,1,-1,-1,-1
728,142,825.62,538.19,24.58,59.29,1,-1,-1,-1
728,143,1428.62,549.01,27.74,61.27,1,-1,-1,-1
729,128,1432.36,682.20,145.69,228.25,1,-1,-1,-1
729,133,1519.55,556.12,30.17,75.73,1,-1,-1,-1
729,138,594.19,561.23,51.63,120.79,1,-1,-1,-1
729,139,810.07,527.50,26.64,59.29,1,-1,-1,-1
729,141,846.21,526.42,25.27,64.32,1,-1,-1,-1
729,142,829.02,539.53,24.58,59.29,1,-1,-1,-1
729,143,1435.32,549.45,27.92,63.88,1,-1,-1,-1
730,128,1459.85,685.01,149.97,239.28,1,-1,-1,-1
730,133,1526.36,554.83,31.24,78.30,1,-1,-1,-1
730,138,595.21,561.77,51.54,122.90,1,-1,-1,-1
730,139,811.46,528.78,27.73,59.30,1,-1,-1,-1
730,141,849.51,528.28,25.64,62.84,1,-1,-1,-1
730,142,832.42,540.87,24.58,59.29,1,-1,-1,-1
730,143,1440.92,549.07,28.47,64.87,1,-1,-1,-1
731,128,1480.73,695.18,151.74,236.63,1,-1,-1,-1
731,133,1532.33,557.95,31.77,77.81,1,-1,-1,-1
731,138,596.99,563.26,51.51,122.76,1,-1,-1,-1
731,139,814.74,530.61,27.15,58.81,1,-1,-1,-1
731,141,853.36,529.77,25.75,63.79,1,-1,-1,-1
731,142,835.82,542.20,24.58,59.29,1,-1,-1,-1
731,143,1447.43,553.74,27.65,65.03,1,-1,-1,-1
732,128,1509.06,704.78,144.85,229.96,1,-1,-1,-1
732,133,1536.92,558.03,32.84,76.19,1,-1,-1,-1
732,138,598.57,563.19,51.64,122.65,1,-1,-1,-1
732,139,816.19,529.24,27.25,59.43,1,-1,-1,-1
732,141,856.45,528.10,25.72,64.50,1,-1,-1,-1
732,142,842.14,535.81,24.31,58.88,1,-1,-1,-1
732,143,1452.93,553.79,27.69,64.10,1,-1,-1,-1
733,128,1548.89,709.36,131.94,227.26,1,-1,-1,-1
733,133,1544.34,556.46,31.83,75.22,1,-1,-1,-1
733,138,599.94,563.38,52.45,124.92,1,-1,-1,-1
733,139,820.50,528.81,26.52,58.57,1,-1,-1,-1
733,141,860.05,526.07,25.70,64.15,1,-1,-1,-1
733,142,840.46,530.73,23.95,59.31,1,-1,-1,-1
733,143,1458.62,551.63,27.91,65.64,1,-1,-1,-1
734,128,1588.82,717.54,124.00,226.24,1,-1,-1,-1
734,133,1550.67,558.28,32.79,76.54,1,-1,-1,-1
734,138,602.19,560.65,51.65,126.03,1,-1,-1,-1
734,139,827.18,526.44,25.94,58.31,1,-1,-1,-1
734,141,863.81,523.70,26.33,64.04,1,-1,-1,-1
734,142,834.76,526.83,23.95,59.31,1,-1,-1,-1
734,143,1464.62,552.95,27.69,66.52,1,-1,-1,-1
735,128,1615.30,715.85,128.83,232.79,1,-1,-1,-1
735,133,1554.74,554.91,33.85,80.85,1,-1,-1,-1
735,138,603.66,561.89,51.47,124.54,1,-1,-1,-1
735,139,832.43,523.24,25.94,58.31,1,-1,-1,-1
735,141,865.51,522.59,27.08,65.55,1,-1,-1,-1
735,142,828.25,524.73,25.88,59.93,1,-1,-1,-1
735,143,1468.14,549.24,28.40,68.61,1,-1,-1,-1
736,128,1636.46,710.62,137.42,237.07,1,-1,-1,-1
736,133,1559.86,552.85,34.09,80.89,1,-1,-1,-1
736,138,605.50,562.44,51.84,124.58,1,-1,-1,-1
736,139,837.68,520.04,25.94,58.31,1,-1,-1,-1
736,141,868.28,520.92,26.67,66.92,1,-1,-1,-1
736,142,827.56,522.75,27.08,60.96,1,-1,-1,-1
736,143,1471.93,547.16,28.68,68.32,1,-1,-1,-1
737,128,1661.25,704.21,138.74,248.36,1,-1,-1,-1
737,133,1566.64,553.19,34.31,79.92,1,-1,-1,-1
737,138,606.42,560.82,52.23,125.22,1,-1,-1,-1
737,139,842.93,516.84,25.94,58.31,1,-1,-1,-1
737,141,870.63,518.88,26.27,66.97,1,-1,-1,-1
737,142,831.02,520.28,26.88,61.83,1,-1,-1,-1
737,143,1476.29,547.01,28.97,68.45,1,-1,-1,-1
738,128,1689.94,707.45,140.60,254.76,1,-1,-1,-1
738,133,1573.15,556.08,33.88,78.43,1,-1,-1,-1
738,138,606.23,562.99,52.98,125.77,1,-1,-1,-1
738,141,871.80,521.17,26.57,66.71,1,-1,-1,-1
738,142,834.92,521.82,26.20,61.25,1,-1,-1,-1
738,143,1481.54,547.36,28.85,70.30,1,-1,-1,-1
739,128,1723.82,717.91,140.74,257.24,1,-1,-1,-1
739,133,1577.90,558.04,34.94,79.60,1,-1,-1,-1
739,138,605.97,565.72,53.76,126.07,1,-1,-1,-1
739,141,874.13,522.32,26.73,68.17,1,-1,-1,-1
739,142,836.47,522.35,27.11,63.38,1,-1,-1,-1
739,143,1486.59,548.04,30.15,72.96,1,-1,-1,-1
740,128,1753.59,725.49,145.12,256.44,1,-1,-1,-1
740,133,1583.17,557.14,34.98,81.63,1,-1,-1,-1
740,138,605.30,566.19,54.70,128.82,1,-1,-1,-1
740,141,875.45,522.70,26.36,68.05,1,-1,-1,-1
740,142,838.30,523.59,27.10,61.86,1,-1,-1,-1
740,143,1490.00,549.68,30.04,72.92,1,-1,-1,-1
741,128,1783.92,737.13,139.79,254.17,1,-1,-1,-1
741,133,1587.24,557.99,36.33,83.99,1,-1,-1,-1
741,138,606.31,568.40,53.86,128.32,1,-1,-1,-1
741,141,876.61,524.08,27.16,68.37,1,-1,-1,-1
741,142,839.56,525.77,26.96,60.42,1,-1,-1,-1
741,143,1493.21,552.11,29.52,70.60,1,-1,-1,-1
742,128,1826.15,744.55,103.54,271.27,1,-1,-1,-1
742,133,1591.26,562.28,37.36,83.58,1,-1,-1,-1
742,138,606.89,569.52,53.40,129.42,1,-1,-1,-1
742,141,878.64,527.29,26.91,66.71,1,-1,-1,-1
742,142,842.14,528.34,27.41,60.61,1,-1,-1,-1
742,143,1497.20,552.89,29.44,69.97,1,-1,-1,-1
743,128,1850.90,761.05,103.54,271.27,1,-1,-1,-1
743,133,1595.98,564.86,37.53,83.03,1,-1,-1,-1
743,138,606.88,570.64,52.84,130.32,1,-1,-1,-1
743,141,880.63,529.74,26.41,66.07,1,-1,-1,-1
743,142,844.77,529.69,27.96,61.72,1,-1,-1,-1
743,143,1500.34,554.32,29.27,69.92,1,-1,-1,-1
744,128,1875.65,777.55,103.54,271.27,1,-1,-1,-1
744,133,1600.63,566.02,36.04,82.45,1,-1,-1,-1
744,138,606.20,571.28,53.23,131.99,1,-1,-1,-1
744,141,882.01,530.05,25.98,65.74,1,-1,-1,-1
744,142,844.18,529.07,28.20,62.69,1,-1,-1,-1
744,143,1502.63,556.24,29.43,70.54,1,-1,-1,-1
745,128,1900.40,794.05,103.54,271.27,1,-1,-1,-1
745,133,1605.67,565.77,35.38,83.46,1,-1,-1,-1
745,138,604.58,571.69,53.91,134.59,1,-1,-1,-1
745,141,882.32,530.00,25.86,65.78,1,-1,-1,-1
745,142,842.62,528.28,27.92,65.01,1,-1,-1,-1
745,143,1504.94,555.37,30.39,71.49,1,-1,-1,-1
746,133,1609.82,567.83,35.67,83.35,1,-1,-1,-1
746,138,602.04,571.45,54.53,138.10,1,-1,-1,-1
746,141,882.81,530.84,25.54,65.86,1,-1,-1,-1
746,142,841.90,528.61,27.91,66.05,1,-1,-1,-1
746,143,1509.30,557.08,29.91,72.27,1,-1,-1,-1
747,133,1613.92,569.47,36.25,82.96,1,-1,-1,-1
747,138,600.02,572.19,55.14,140.62,1,-1,-1,-1
747,141,882.92,531.70,25.16,64.56,1,-1,-1,-1
747,142,841.70,529.82,28.46,64.90,1,-1,-1,-1
747,143,1512.76,557.66,31.02,74.39,1,-1,-1,-1
748,133,1619.33,567.52,36.15,82.92,1,-1,-1,-1
748,138,599.58,572.67,55.32,141.59,1,-1,-1,-1
748,141,883.34,531.09,25.33,65.15,1,-1,-1,-1
748,142,842.49,529.89,28.35,64.62,1,-1,-1,-1
748,143,1515.88,555.37,30.87,74.54,1,-1,-1,-1
749,133,1625.64,568.05,36.39,82.77,1,-1,-1,-1
749,138,598.97,572.90,55.52,142.02,1,-1,-1,-1
749,141,884.52,531.28,25.45,64.83,1,-1,-1,-1
749,142,845.27,530.81,28.10,62.65,1,-1,-1,-1
749,143,1518.73,556.09,29.91,73.53,1,-1,-1,-1
750,133,1631.28,568.76,35.98,83.70,1,-1,-1,-1
750,138,597.64,573.63,55.92,144.73,1,-1,-1,-1
750,141,884.89,530.99,25.41,65.23,1,-1,-1,-1
750,142,847.02,530.87,27.75,62.40,1,-1,-1,-1
750,143,1521.73,555.82,30.60,72.81,1,-1,-1,-1